content_id,source_url,title,text,chunk_index,question,expected_keywords
1,https://ko.wikipedia.org/wiki/%EC%9D%B8%EA%B3%B5%EC%A7%80%EB%8A%A5,"인공지능 - 위키백과, 우리 모두의 백과사전","인공 일반 지능
지능형 에이전트
재귀적 자기 개선
계획 및 스케줄링
컴퓨터 비전
일반 게임 플레이
지식 표현 및 추론
자연어 처리
베이즈 네트워크
진화 알고리즘
하이브리드 인텔리전트 시스템
시스템 통합
오픈 소스 인공지능
AI 데이터 센터
생성형 인공지능예술오디오음악
의료정신 건강
소프트웨어 개발
쓰라린 교훈
친절한 AI
실존적 위험
불쾌한 골짜기
인간-AI 상호작용
인공지능 거품
딥페이크 포르노그래피테일러 스위프트 딥페이크 포르노그래피 논란Grok 딥페이크 포르노그래피 논란
테일러 스위프트 딥페이크 포르노그래피 논란
Grok 딥페이크 포르노그래피 논란
구글 제미나이 이미지 생성 논란
거대 AI 실험 중단: 공개 서한
오픈AI의 샘 올트먼 해임 사건
AI 위험에 관한 성명
테이 (챗봇)
Théâtre D'opéra Spatial
보이스버스 NFT 표절 스캔들",0,"인공 일반 지능
지능형 에이전트
재귀적 자기 개선
계획에 대해 설명해주세요.","인공 일반 지능
지능형 에이전트
재귀적 자기 개선
계획,스케줄링
컴퓨터 비전
일반 게임 플레이
지식 표현,추론
자연어 처리
베이즈 네트워크
진화 알고리즘
하이브리드 인텔리전트 시스템
시스템 통합
오픈 소스 인공지능,데이터 센터
생성형 인공지능예술오디오음악
의료정신 건강
소프트웨어 개발
쓰라린 교훈
친절한,실존적 위험
불쾌한 골짜기
인간"
2,https://ko.wikipedia.org/wiki/%EC%9D%B8%EA%B3%B5%EC%A7%80%EB%8A%A5,"인공지능 - 위키백과, 우리 모두의 백과사전","테이 (챗봇)
Théâtre D'opéra Spatial
보이스버스 NFT 표절 스캔들
인공지능(人工智能,영어:artificial intelligence,AI)은인간의 학습능력,추론능력, 지각능력을 인공적으로 구현하려는컴퓨터 과학의 세부분야 중 하나이다. 정보공학 분야에 있어 하나의인프라기술이기도 하다.인간을 포함한 동물이 갖고 있는 지능 즉, 자연 지능(natural intelligence)과는 다른 개념이다.
인간의 지능을 모방한 기능을 갖춘컴퓨터 시스템이며, 인간의 지능을 기계 등에 인공적으로 시연(구현)한 것이다. 일반적으로 범용 컴퓨터에 적용한다고 가정한다. 이 용어는 또한 그와 같은 지능을 만들 수 있는 방법론이나 실현 가능성 등을 연구하는 과학 기술 분야를 지칭하기도 한다.

## 강인공지능과 약인공지능

초기 인공지능 연구에 대한 대표적인 정의는 다트머스 회의에서 존 매카시가 제안한 것으로 ""기계를 인간 행동의 지식에서와 같이 행동하게 만드는 것""이다.",1,보이스버스에 대해 설명해주세요.,"보이스버스,표절 스캔들
인공지능,은인간의 학습능력,추론능력,지각능력을 인공적으로 구현하려는컴퓨터 과학의 세부분야"
3,https://ko.wikipedia.org/wiki/%EC%9D%B8%EA%B3%B5%EC%A7%80%EB%8A%A5,"인공지능 - 위키백과, 우리 모두의 백과사전","매카시가 제안한 것으로 ""기계를 인간 행동의 지식에서와 같이 행동하게 만드는 것""이다. 그러나 이 정의는범용인공지능(AGI, 강한 인공지능)에 대한 고려를 하지 못한 것 같다. 인공지능의 또다른 정의는 인공적인 장치들이 가지는 지능이다. 거의 대부분 정의들이 인간처럼 사고하는 시스템, 인간처럼 행동하는 시스템, 이성적으로 사고하는 시스템 그리고 이성적으로 행동하는 시스템이라는 4개의 분류로 분류된다.인공지능의 작동 방식이 의사 결정과 문제 해결, 학습에 있어 사람의 생각이나 행동과 유사할수록 강한 인공지능으로 분류되고, 논리에 의해 만들어지는 합리적인 생각이나 행동에 가까울수록 약한 인공지능으로 분류된다.
약인공지능(weak AI)은 사진에서 물체를 찾거나 소리를 듣고 상황을 파악하는 것과 같이 기존에 인간은 쉽게 해결할 수 있으나 컴퓨터로 처리하기에는 어려웠던 각종 문제를 컴퓨터로 수행하게 만드는데 중점을 두고 있다.",2,매카시가 제안한 것으로이란 무엇인가요?,"매카시가 제안한 것으로,기계를 인간 행동의 지식에서와 같이 행동하게 만드는,그러나,정의는범용인공지능,강한 인공지능"
4,https://ko.wikipedia.org/wiki/%EC%9D%B8%EA%B3%B5%EC%A7%80%EB%8A%A5,"인공지능 - 위키백과, 우리 모두의 백과사전","컴퓨터로 처리하기에는 어려웠던 각종 문제를 컴퓨터로 수행하게 만드는데 중점을 두고 있다. 한참 막연한 인간 지능을 목표로 하기보다는 더 현실적으로 실용적인 목표를 가지고 개발되고 있는 인공지능이라고 할 수 있으며, 일반적인 지능을 가진 무언가라기보다는 특정한 문제를 해결하는 도구로써 활용된다.

## 강인공지능 (AGI)

강인공지능(strong AI) 또는인공 일반 지능(artificial general intelligence, AGI)은 인간처럼 실제로 사고하여 문제를 해결할 수 있는 ""일반 지능""을 인공적으로 구현하려는 시도이다. 오늘날 이 분야의 연구는 주로 미리 정의된 규칙의 모음을 이용해서 지능을 흉내내는 컴퓨터 프로그램을 개발하는 것에 맞추어져 있다. 강한 인공지능 분야의 발전은 여전히 미약하지만, 인간과 같은 지능이라는 목표를 어떻게 정의하는지에 따라 어느 정도 발전이 이루어지고 있다고도 볼 수 있다.

## 강인공지능의 실현 가능성에 관한 논쟁",3,강인공지능의 주요 특징은 무엇인가요?,"강인공지능,컴퓨터로 처리하기에는 어려웠던 각종 문제를 컴퓨터로 수행하게 만드는데 중점을 두고 있다,한참 막연한 인간 지능을 목표로 하기보다는,현실적으로 실용적인 목표를 가지고 개발되고 있는 인공지능이라고,있으며"
5,https://ko.wikipedia.org/wiki/%EC%9D%B8%EA%B3%B5%EC%A7%80%EB%8A%A5,"인공지능 - 위키백과, 우리 모두의 백과사전","발전이 이루어지고 있다고도 볼 수 있다.

## 강인공지능의 실현 가능성에 관한 논쟁

존 설이나휴버트 드라이퍼스와 같은 몇몇 철학자들은 몸이 아닌 기계에 인간의 지능이나 의식을 구현하는 작업의 실현 가능성에 대한 철학적 바탕을 두고 논쟁을 벌였다. 설은,튜링 테스트의 통과 여부는 사람의 기준으로 볼 때 기계가 의식을 갖추었다는 판단의 필요 조건이 되지 못한다는중국어 방에 대한 논증으로 유명하다. 드라이퍼스는 그의 저서 ""컴퓨터가 할 수 없는 것들: 인공적인 추론에 대한 비평""에서 의식이라는 것은 룰이나 논리 기반 시스템 또는 물리적인 형태를 가지고 있지 않은 시스템에서 찾을 수 없으나, 신경망(neural network)이나 그 유사한 메커니즘을 이용하는 로보틱 시스템은 인공지능을 실현할 수 있는 가능성이 있다고 주장했다.
다른 철학자들은 엇갈린 관점을 고수한다.",4,발전이 이루어지고 있다고도이란 무엇인가요?,"발전이 이루어지고 있다고도,강인공지능의 실현 가능성에 관한 논쟁,설이나휴버트 드라이퍼스와 같은 몇몇 철학자들은 몸이 아닌 기계에 인간의 지능이나 의식을 구현하는 작업의 실현 가능성에 대한 철학적 바탕을 두고 논쟁을 벌였다,튜링 테스트의 통과 여부는 사람의 기준으로,기계가 의식을 갖추었다는 판단의 필요 조건이 되지 못한다는중국어 방에 대한 논증으로 유명하다"
6,https://ko.wikipedia.org/wiki/%EC%9D%B8%EA%B3%B5%EC%A7%80%EB%8A%A5,"인공지능 - 위키백과, 우리 모두의 백과사전","능을 실현할 수 있는 가능성이 있다고 주장했다.
다른 철학자들은 엇갈린 관점을 고수한다. 많은 사람들이 약한 인공지능 정도는 가능하다고 보지만, 또한 많은 사람들이 강한 인공지능을 지지하고 있는 것도 사실이다.대니얼 C. 데넷은 그의 '의식에 대한 설명'에서 만일 마법의 불꽃이나 영혼이 없다면 인간은 기계에 불과하다며, 지능에 대해서만 인간이라는 기계가 다른 실현 가능한 모든 기계와 다르게 특별 취급을 받아야할 이유가 무엇인가 묻고 있다.
어떤 철학자들은 우리가 약한 인공지능을 가능한 것으로 받아들인다면, 강한 인공지능 역시 받아들여야 한다고 주장한다. 지능은 외견상 보이는 것을 가리키는 것이지 진정한 실체가 아니라는 약한 인공지능의 입장은 많은 비판을 받고 있다. 그러나 이에 반하는 손쉬운 예를 사이먼 블랙번의 철학 입문서 ""생각""에서 찾을 수 있다. 블랙번은 당신이 지능적으로 보이지만, 그 지능이 실존하는가에 대해서 말할 수 있는 방법이 없다고 지적한다.",5,"인공지능 - 위키백과, 우리 모두의 백과사전에서 능을 실현할은 어떤 역할을 하나요?","능을 실현할,있는 가능성이 있다고 주장했다,다른 철학자들은 엇갈린 관점을 고수한다,많은 사람들이 약한 인공지능 정도는 가능하다고 보지만,또한 많은 사람들이 강한 인공지능을 지지하고 있는 것도 사실이다"
7,https://ko.wikipedia.org/wiki/%EC%9D%B8%EA%B3%B5%EC%A7%80%EB%8A%A5,"인공지능 - 위키백과, 우리 모두의 백과사전","능적으로 보이지만, 그 지능이 실존하는가에 대해서 말할 수 있는 방법이 없다고 지적한다. 그는 우리는 단지 믿음 또는 신념 위에서 그것을 다룰 뿐이라고 이야기한다.
강한 인공지능을 지지하는 사람들은 인공지능에 반대하는 사람들의 논증이 결국은 아래와 같은 주장을 조합한 것이라고 주장한다.
특권에 바탕을 둔 오만함으로 인해 인간에게는 (기계에는 없는) 마법의 불꽃이 있다는 주장 (예를 들면, 신에 의해 주어진 영혼)
지능은 기계로는 성취될 수 없는 그 무엇이라는 주장.
강한 인공지능을 뒷받침하는 논증(따라서 반대하는 사람은 이 논증을 논박해야 한다.)은 다음과 같다.
인간의 마음은유한 상태 기계(Finite State Machine)이고, 따라서처치-튜링 이론은 뇌에 적용 가능하다.
뇌는 순수한 하드웨어이다.(말하자면 고전적인 컴퓨터처럼 동작한다.)
인간의 마음은 오로지 뇌를 통해서만 존재한다.",6,능적으로 보이지만에 대해 설명해주세요.,"능적으로 보이지만,지능이 실존하는가에 대해서 말할,있는 방법이 없다고 지적한다,그는 우리는 단지 믿음 또는 신념 위에서 그것을 다룰 뿐이라고 이야기한다,강한 인공지능을 지지하는 사람들은 인공지능에 반대하는 사람들의 논증이 결국은 아래와 같은 주장을 조합한 것이라고 주장한다"
8,https://ko.wikipedia.org/wiki/%EC%9D%B8%EA%B3%B5%EC%A7%80%EB%8A%A5,"인공지능 - 위키백과, 우리 모두의 백과사전","(말하자면 고전적인 컴퓨터처럼 동작한다.)
인간의 마음은 오로지 뇌를 통해서만 존재한다.
로저 펜로즈를 포함한 몇몇 학자들은 지능에처치-튜링 명제의 적용이 가능하지 않다고 논박한다. 특히 펜로즈는 인간의 마음에는 물리적인 속성을 뛰어넘는 무언가가 있다고 이야기하며, 그의 주장은 우리의 우주 안에서 초연산(hypercomputation)이 가능하다는 논증에 바탕을 두고 있다. 양자역학과 뉴턴 역학에 따르면 이러한 초연산은 가능하지 않지만, 특별한시공간에서는 가능한 것으로 생각되기도 한다. 그러나 이는 소수의 주장이며, 우리의 우주는 그러한 초연산이 가능할 정도로 꼬이지(convoluted) 않았다는 많은 학자들의 합의가 존재한다.

## 인공지능 이론의 발전

상당수 인공지능 연구의 (본래) 목적은 심리학에 대한 실험적인 접근이었고, 언어 지능(linguistic intelligence)이 무엇인지를 밝혀내는 것이 주목표였다(튜링 테스트가 대표적인 예이다).",7,말하자면 고전적인 컴퓨터처럼 동작한다이란 무엇인가요?,"말하자면 고전적인 컴퓨터처럼 동작한다,인간의 마음은 오로지 뇌를 통해서만 존재한다,로저 펜로즈를 포함한 몇몇 학자들은 지능에처치,튜링 명제의 적용이 가능하지 않다고 논박한다,특히 펜로즈는 인간의 마음에는 물리적인 속성을 뛰어넘는 무언가가 있다고 이야기하며"
9,https://ko.wikipedia.org/wiki/%EC%9D%B8%EA%B3%B5%EC%A7%80%EB%8A%A5,"인공지능 - 위키백과, 우리 모두의 백과사전","lligence)이 무엇인지를 밝혀내는 것이 주목표였다(튜링 테스트가 대표적인 예이다).
언어 지능을 제외한 인공지능에 대한 시도들은로보틱스와 집합적 지식을 포함한다. 이들은 환경에 대한 처리, 의사 결정을 일치시키는 것에 중심을 두며 어떻게 지능적 행동이 구성되는 것인가를 찾을 때,생물학과,정치과학으로부터 이끌어 낸다. 사회적 계획성과 인지성의 능력은 떨어지지만 인간과 유사한 유인원을 포함한, 복잡한 인식방법을 가진 동물뿐만 아니라 특히 곤충들(로봇들로 모방하기 쉬운)까지 포함한 동물학으로부터 인공지능 과학은 시작된다. 여러 가지 생명체들의 모든 논리구조를 가져온 다는 것은 이론적으로는 가능하지만 수치화, 기계화 한다는 것은 쉬운 일이 아니다.
인공지능 학자는 동물들은 인간들보다 모방하기 쉽다고 주장한다. 그러나 동물의 지능을 만족하는 계산 모델은 없다.매컬러가 쓴 신경 행동에서 내재적 사고의 논리적 계산,튜링의 기계와 지능의 계산그리고리클라이더의 인간과 컴퓨터의 공생가 기계 지능",8,무엇인지를 밝혀내는 것이 주목표였다의 주요 특징은 무엇인가요?,"무엇인지를 밝혀내는 것이 주목표였다,튜링 테스트가 대표적인 예이다,언어 지능을 제외한 인공지능에 대한 시도들은로보틱스와 집합적 지식을 포함한다,이들은 환경에 대한 처리,의사 결정을 일치시키는 것에 중심을 두며 어떻게 지능적 행동이 구성되는 것인가를 찾을"
10,https://ko.wikipedia.org/wiki/%EC%9D%B8%EA%B3%B5%EC%A7%80%EB%8A%A5,"인공지능 - 위키백과, 우리 모두의 백과사전","논리적 계산,튜링의 기계와 지능의 계산그리고리클라이더의 인간과 컴퓨터의 공생가 기계 지능의 개념에 관한 독창적인 논문들이다.
존 루커스의 지성, 기계, 괴델과 같은 논리학과 철학기반의 기계지능의 가능성을 부인한 초기 논문들도 있다.
인공지능 연구에 바탕을 둔 실질적인 작업이 결실을 거둠에 따라, 인공지능을 지지하는 사람들은 인공지능의 업적을 깎아내리기 위해 인공지능에 반대하는 사람들이 예전에는 '지능적'인 일이라고 주장하던 컴퓨터 체스나 바둑, 음성인식 등과 같은 작업에 대해 말을 바꾸고 있다고 비난하였다. 그들은 이와 같이 연구 목표를 옮기는 작업은 '지능'을 '인간은 할 수 있지만, 기계는 할 수 없는 어떤 것'으로 정의하는 역할을 한다고 지적하였다.
(E.T. Jaynes에 따르면)존 폰 노이만은 이미 이를 예측하였는데,1948년에 기계가 생각하는 것은 불가능하다는 강의를 듣고 다음과 같이 말하였다. ""당신은 기계가 할 수 없는 어떤 것이 있다고 주장한다.",9,논리적 계산이란 무엇인가요?,"논리적 계산,튜링의 기계와 지능의 계산그리고리클라이더의 인간과 컴퓨터의 공생가 기계 지능의 개념에 관한 독창적인 논문들이다,루커스의 지성,괴델과 같은 논리학과 철학기반의 기계지능의 가능성을 부인한 초기 논문들도 있다,인공지능 연구에 바탕을"
11,https://ko.wikipedia.org/wiki/%EC%9D%B8%EA%B3%B5%EC%A7%80%EB%8A%A5,"인공지능 - 위키백과, 우리 모두의 백과사전","를 듣고 다음과 같이 말하였다. ""당신은 기계가 할 수 없는 어떤 것이 있다고 주장한다. 만일 당신이 그 기계가 할 수 없는 것이 무엇인지를 정확하게 이야기해준다면, 나는 언제든지 그 일을 수행할 수 있는 기계를 만들 수 있다."" 했다. 폰 노이만은 이미 그 전에 모든 처리절차(procedure)는 (범용)컴퓨터에 의해서 시뮬레이션 될 수 있다고 이야기함에 따라 쳐치-튜링 이론을 언급했다.
1969년에 매카시와 헤이스는 그들의 논문 ""인공지능 관점에서 바라본 철학적인 문제들""에서프레임 문제를 언급하였다.

## 인공지능의 탄생(1943-1956)

1940년대 후반과 1950년대 초반에 이르러서 수학, 철학, 공학, 경제 등 다양한 영역의 과학자들에게서 인공적인 두뇌의 가능성이 논의되었다. 1956년에 이르러서, 인공지능이 학문 분야로 들어섰다.

## 인공두뇌학과 초기 신경 네트워크",10,듣고 다음과 같이 말하였다의 주요 특징은 무엇인가요?,"듣고 다음과 같이 말하였다,당신은 기계가,없는 어떤 것이 있다고 주장한다,만일 당신이,기계가"
12,https://ko.wikipedia.org/wiki/%EC%9D%B8%EA%B3%B5%EC%A7%80%EB%8A%A5,"인공지능 - 위키백과, 우리 모두의 백과사전","에 이르러서, 인공지능이 학문 분야로 들어섰다.

## 인공두뇌학과 초기 신경 네트워크

생각하는 기계에 대한 초기 연구는 30년대 후기에서부터 50년대 초기의 유행한 아이디어에 영감을 얻은 것이었다. 당시 신경학의 최신 연구는 실제 뇌가 뉴런으로 이루어진 전기적인 네트워크라고 보았다.위너가 인공두뇌학을 전기적 네트워크의 제어와 안정화로 묘사했으며,섀넌의 정보 과학은 디지털 신호로 묘사했다. 또 튜링의 계산 이론은 어떤 형태의 계산도 디지털로 나타낼 수 있음을 보였다. 이런 여러 밀접한 연관에서, 인공두뇌의 전자적 구축에 대한 아이디어가 나온 것이다.월터의 거북이 로봇이 이 아이디어를 중요하게 포함한 연구의 예이다. 이 기계는 컴퓨터를 사용하지 않고 아날로그 회로를 이용했지만, 디지털의 전자적, 상징적 추리를 보여주기엔 충분했다.월터 피츠(Walter Pitts)와 워런 매컬러(Warren Sturgis McCulloch)는 인공 신경망에 기인한 네트워크를 분석하고 그들이 어떻게 간",11,이르러서이란 무엇인가요?,"이르러서,인공지능이 학문 분야로 들어섰다,인공두뇌학과 초기 신경 네트워크,생각하는 기계에 대한 초기 연구는,년대 후기에서부터"
13,https://ko.wikipedia.org/wiki/%EC%9D%B8%EA%B3%B5%EC%A7%80%EB%8A%A5,"인공지능 - 위키백과, 우리 모두의 백과사전","urgis McCulloch)는 인공 신경망에 기인한 네트워크를 분석하고 그들이 어떻게 간단한 논리적 기능을 하는지 보여주었다. 그들은 후에 신경 네트워크라 부르는 기술을 첫번째로 연구한 사람이다. 피츠와 매컬러는 24살의 대학원생인 젊은마빈 민스키를 만났고, 민스키는 1951년 첫번째 신경 네트워크 기계인 SNARC를 구축했다. 민스키는 향후 50년동안 인공지능의 가장 중요한 지도적, 혁신적 인물 중 하나가 되었다.

## 튜링 테스트

1950년앨런 튜링은 생각하는 기계의 구현 가능성에 대한 분석이 담긴, 인공지능 역사에서 혁혁한 논문을 발표했다.그는 ""생각""을 정의하기 어려움에 주목해, 그 유명한 튜링테스트를 고안했다. 텔레프린터를 통한 대화에서 기계가 사람인지 기계인지 구별할 수 없을 정도로 대화를 잘 이끌어 간다면, 이것은 기계가 ""생각""하고 있다고 말할 충분한 근거가 된다는 것이었다.튜링 테스트는 인공 지능에 대한 최초의 심도 있는 철학적 제안으로 평가받는다.",12,인공 신경망에 기인한 네트워크를 분석하고 그들이 어떻게 간단한 논리적 기능을 하는지 보여주었다이란 무엇인가요?,"인공 신경망에 기인한 네트워크를 분석하고 그들이 어떻게 간단한 논리적 기능을 하는지 보여주었다,그들은 후에 신경 네트워크라 부르는 기술을 첫번째로 연구한 사람이다,피츠와 매컬러는,살의 대학원생인 젊은마빈 민스키를 만났고,민스키는"
14,https://ko.wikipedia.org/wiki/%EC%9D%B8%EA%B3%B5%EC%A7%80%EB%8A%A5,"인공지능 - 위키백과, 우리 모두의 백과사전","것이었다.튜링 테스트는 인공 지능에 대한 최초의 심도 있는 철학적 제안으로 평가받는다.

## 게임 인공지능

1951년에, 맨체스터 대학의 페란티 마크 1(Ferranti Mark 1) 기계를 사용하여 크리스토퍼 스트레이(Christopher Strachey)는 체커 프로그램을 작성했고, 디트리히 프린츠(Dietrich Prinz)는 체스 프로그램을 작성했다.아서 새뮤얼(Arthur Samuel)이 50년대 중반과 60년대 초반에 개발한 체커 프로그램은 결국 존경받는 아마추어에 도전할 수 있는 충분한 기술적 발전을 이룩했다.

## 상징 추론과 논리 이론

디지털 컴퓨터에 접할 수 있어진 50년대 중반에 이르러서, 몇몇 과학자들은 직관적으로 기계가 수를 다루듯 기호를 다루고, 사람처럼 기호의 본질적인 부분'까지 다룰 수 있을 것이라고 생각했다.이것은 생각하는 기계를 만드는 새로운 접근 방법이었다.",13,것이었다이란 무엇인가요?,"것이었다,튜링 테스트는 인공 지능에 대한 최초의 심도 있는 철학적 제안으로 평가받는다,게임 인공지능,맨체스터 대학의 페란티 마크,기계를 사용하여 크리스토퍼 스트레이"
15,https://ko.wikipedia.org/wiki/%EC%9D%B8%EA%B3%B5%EC%A7%80%EB%8A%A5,"인공지능 - 위키백과, 우리 모두의 백과사전","다룰 수 있을 것이라고 생각했다.이것은 생각하는 기계를 만드는 새로운 접근 방법이었다. 1956년에, 앨런 뉴얼(Allen Newell)과 허버트 사이먼(Herbert A. Simon)은 ""논리 이론""을 구현했다. 그 프로그램은 결국 러셀과 화이트헤드의 '수학 원리'에 나오는 52개의 정리 중 32개를 증명해냈고, 일부 새롭고 더 우아한 증거를 찾아내기도 했다.

## 다트머스 컨퍼런스 1956년: AI의 탄생

1956년에 열린 다트머스 컨퍼런스는마빈 민스키와존 매카시, 그리고 IBM의 수석 과학자인클로드 섀넌과네이선 로체스터가 개최했다. 컨퍼런스는 ""학습의 모든 면 또는 지능의 다른 모든 특성로 기계를 정밀하게 기술할 수 있고 이를 시물레이션 할 수 있다""라는 주장을 포함하여 제안을 제기했다. 참가자는 레이 솔로모노프(Ray Solomonoff),올리버 셀프리지(Oliver Selfridge),트렌처드 모어(Trenchard More), 아서 새뮤얼(Arthur Smuel),",14,있을 것이라고 생각했다에 대해 설명해주세요.,"있을 것이라고 생각했다,이것은 생각하는 기계를 만드는 새로운 접근 방법이었다,앨런 뉴얼,허버트 사이먼,논리 이론"
16,https://ko.wikipedia.org/wiki/%EC%9D%B8%EA%B3%B5%EC%A7%80%EB%8A%A5,"인공지능 - 위키백과, 우리 모두의 백과사전","e),트렌처드 모어(Trenchard More), 아서 새뮤얼(Arthur Smuel), 앨런 뉴얼(Allen Newell)과 허버트 사이먼(Herbert A. Simon)으로, 그들 모두 수십년동안 인공지능 연구에서 중요한 프로그램을 만들어온 사람들이었다.컨퍼런스에서 뉴얼과 사이먼은 ""논리 이론""을 소개했고, 매카시는 Artificial Intelligence를 그들의 연구를 칭하는 이름으로 받아들이길 설득했다.1956년 다트머스 컨퍼런스는 AI 라는 이름, 목표점, 첫번째 성공과 이를 이룬 사람들, 그리고 넓은 의미의 AI의 탄생을 포함하는 순간이었다.

## 황금기(1956~1974년)

다트머스 컨퍼런스 이후에, AI라는 새로운 영역은 발전의 땅을 질주하기 시작했다. 이 기간에 만들어진 프로그램은 많은 사람들을 ""놀랍게(astonishing)""만들었는데, 프로그램은 대수학 문제를 풀었고 기하학의 정리를 증명했으며 영어를 학습했다.",15,"인공지능 - 위키백과, 우리 모두의 백과사전에서 트렌처드 모어은 어떤 역할을 하나요?","트렌처드 모어,아서 새뮤얼,앨런 뉴얼,허버트 사이먼,그들 모두 수십년동안 인공지능 연구에서 중요한 프로그램을 만들어온 사람들이었다"
17,https://ko.wikipedia.org/wiki/%EC%9D%B8%EA%B3%B5%EC%A7%80%EB%8A%A5,"인공지능 - 위키백과, 우리 모두의 백과사전","만들었는데, 프로그램은 대수학 문제를 풀었고 기하학의 정리를 증명했으며 영어를 학습했다.
몇 사람들은 이와같은 기계의 ""지능적"" 행동을 보고 AI로 모든 것이 가능할 것이라 믿었다.연구가들은 개인의 의견 또는 출판물들을 통해 낙관론을 펼쳤고, 완전한 지능을 갖춘 기계가 20년 안에 탄생할 것이라고 예측했다.ARPA(Advanced Research Projects Agency)같은 정부 기관은 이 새로운 분야에 돈을 쏟아부었다.
많은 성공적인 프로그램과 새로운 발전 방향이 50년대 후반과 60년대에 나타났다. 이곳에는 AI 역사에 지대한 영향을 미친 것들을 기술했다.
초기 AI 프로그램은 동일한 기본적인 알고리즘을 사용했다. 게임의 승리나 정리 증명 같은 어떤 목표 달성을 위해, 그들은 한발짝식 나아가는(step-by-step) 방식을 상용했다. 예를 들어미로를 찾아갈때 계속 나아가면서 막힌 길이 있으면 다른 길이 있는 곳까지 되돌아 왔다가 다른 길로 가는 식이었다.",16,만들었는데에 대해 설명해주세요.,"만들었는데,프로그램은 대수학 문제를 풀었고 기하학의 정리를 증명했으며 영어를 학습했다,사람들은 이와같은 기계의,지능적,행동을 보고"
18,https://ko.wikipedia.org/wiki/%EC%9D%B8%EA%B3%B5%EC%A7%80%EB%8A%A5,"인공지능 - 위키백과, 우리 모두의 백과사전","가면서 막힌 길이 있으면 다른 길이 있는 곳까지 되돌아 왔다가 다른 길로 가는 식이었다. 이런 패러다임은 ""탐색 추리""라 불렸다.주요한 문제는, 간단한 미로에 있어서도 경로로 사용할 수 있는 수가 천문학적으로 많았다는 것이다.
연구가들은 추론 또는 경험적으로 찾은 규칙으로 정답이 아닌듯 보이는 경로를 지우는 방식을 사용했다.뉴엘과 사이먼은 ""범용 문제 해결기(General Problem Solver)""라 부르는 프로그램 속 알고리즘의 범용적인 버전을 포착하려고 노력했다. 다른 ""검색"" 프로그램은 기하학과 대수학의 문제를 해결하는 것처럼 인상적인 작업 - 허버트 게랜터(Herbert Gelenter)의 ""기하학 해결기""나 민스키의 제자인 제임스 슬레이글(James Slage)의 SAINT - 을 수행하길 시도했다.다른 프로그램은 목표와 목표에 다가가기 위한 세부 계획을 검색했고, 여기에는 스탠포드에서 샤키(Shakey) 로봇의 동작을 제어하기 위해 개발한 STRIPS 시스템을 포함한다",17,가면서 막힌 길이 있으면 다른 길이 있는 곳까지 되돌아 왔다가 다른 길로 가는 식이었다의 주요 특징은 무엇인가요?,"가면서 막힌 길이 있으면 다른 길이 있는 곳까지 되돌아 왔다가 다른 길로 가는 식이었다,이런 패러다임은,탐색 추리,불렸다,주요한 문제는"
19,https://ko.wikipedia.org/wiki/%EC%9D%B8%EA%B3%B5%EC%A7%80%EB%8A%A5,"인공지능 - 위키백과, 우리 모두의 백과사전","에서 샤키(Shakey) 로봇의 동작을 제어하기 위해 개발한 STRIPS 시스템을 포함한다.
AI 연구의 중요한 목표는 영어와 같은 자연어로 컴퓨터와 의사소통할 수 있게 하는 것이었다. 일찍이 다니엘 보로우(Daniel Bobrow)의 STUDENT라는 프로그램은 고등학교 수준의 대수학 단어 문제를 푸는 성공을 보였다.'의미 망'은 개념을 다른 개념들 사이의 노드와 링크 관계로 나타낸다. 의미 망을 사용하는 첫 번째 AI 프로그램은 로스 퀄리언(Ross Quillian)이 작성했고 가장 성공이며 동시에 논쟁이 많았던 버전은 로거 섕크(Roger Schank)의 ""개념 종속 이론(Conceptual dependency theory)""이다.조셉 웨이젠바움(Joseph Weizenbaum)의 ELIZA는 사람들이 그들이 대화를 나누는 때때로 상대가 컴퓨터가 아니라 사람이라고 생각할 정도의 질로 대화했다. 사실, ELIZA는 스스로 생각하여 말하지 않았다.",18,에서 샤키의 주요 특징은 무엇인가요?,"에서 샤키,로봇의 동작을 제어하기 위해 개발한,시스템을 포함한다,연구의 중요한 목표는 영어와 같은 자연어로 컴퓨터와 의사소통할,있게 하는 것이었다"
20,https://ko.wikipedia.org/wiki/%EC%9D%B8%EA%B3%B5%EC%A7%80%EB%8A%A5,"인공지능 - 위키백과, 우리 모두의 백과사전","이라고 생각할 정도의 질로 대화했다. 사실, ELIZA는 스스로 생각하여 말하지 않았다. 그 프로그램은 오직 판에 박힌 말을 하거나, 상대에게 방금 말한 말을 다시 해 달라고 요청하거나, 상대가 한 말을 몇 개의 문법 법칙에 의해 파싱 할 뿐이었다. ELIZA는 첫 번째 채팅 프로그램이 되었다.
1960년대 후반에, MIT의 AI 연구소에 있던마빈 민스키와시모어 페퍼트는 마이크로월드 연구로 불리는, 인위적인 간단한 상황에 초점을 맞춘 AI 연구를 제안했다. 그들은 성공적인 과학자들이 자주 쉬운 이해를 위해 '마찰면'이라든지 '강체(물리학에서 결코 형태가 변하지 않는 물체)'같은 간단한 모델을 사용한다는 것에 집중했다. 이런 연구의 대부분이 평평한 평면 위의 다양한 형태와 색깔의 블록으로 이루어진 '블록 단위의 세계'에 초점을 맞추는 형식이었다.",19,"인공지능 - 위키백과, 우리 모두의 백과사전에서 이라고 생각할 정도의 질로 대화했다은 어떤 역할을 하나요?","이라고 생각할 정도의 질로 대화했다,스스로 생각하여 말하지 않았다,프로그램은 오직 판에 박힌 말을 하거나,상대에게 방금 말한 말을 다시,달라고 요청하거나"
21,https://ko.wikipedia.org/wiki/%EC%9D%B8%EA%B3%B5%EC%A7%80%EB%8A%A5,"인공지능 - 위키백과, 우리 모두의 백과사전","다양한 형태와 색깔의 블록으로 이루어진 '블록 단위의 세계'에 초점을 맞추는 형식이었다.
제럴드 서스먼(Gerald Sussman)을 필두로 아돌포 구스만(Adolfo Guzman), 데이비드 월츠(David Waltz) 그리고 패트릭 윈스턴(Patrick Winston)이 마이크로월드 패러다임으로 기계 비전의 혁신을 이끌었다. 같은 시간에, 민스키와 페퍼는 블록을 쌓을 수 있는 로봇 팔을 제작했다. 마이크로월드의 영광스러운 성취는 테리 위노가드(Terry Winograd)의 SHRDLU이며, 이것은 보통의 일반 문장으로 소통해 작업을 계획하고 이를 실행할 수 있었다.
AI 연구의 첫 번째 세대는 그들의 연구 결과에 대해 다음과 같이 예측했다.
1958년, 사이먼(H. A. Simon)과 뉴얼(Allen Newell): ""10년 내에 디지털 컴퓨터가 체스 세계 챔피언을 이길 것이다"", 덧붙여 ""10년 내에 디지털 컴퓨터는 중요한 새로운 수학적 정리를 발견하고 증명할 것이다""라고 말했",20,다양한 형태와 색깔의 블록으로 이루어진에 대해 설명해주세요.,"다양한 형태와 색깔의 블록으로 이루어진,블록 단위의 세계,초점을 맞추는 형식이었다,제럴드 서스먼,필두로 아돌포 구스만"
22,https://ko.wikipedia.org/wiki/%EC%9D%B8%EA%B3%B5%EC%A7%80%EB%8A%A5,"인공지능 - 위키백과, 우리 모두의 백과사전","10년 내에 디지털 컴퓨터는 중요한 새로운 수학적 정리를 발견하고 증명할 것이다""라고 말했다.
1965년, 사이먼: ""20년 내에 기계가 사람이 할 수 있는 모든 일을 할 것이다.""
1967년, 마빈 민스키: ""이번 세기에 AI를 만드는 문제는 거의 해결 될 것이다.""
1970년, 마빈 민스키: (Life 잡지를 통해서) ""3~8년안에 우리는 평균정도의 인간 지능을 가지는 기계를 가지게 될 것입니다.""
1963년 6월, MIT는 220만 달러를 고등 연구 계획국(Advanced Research Projects Agency - 후에 DARPA로 알려짐)에게 제공받았다. 자금은 민스키와 매카시가 5년전 설립한 ""AI 그룹""이 포섭한 프로젝트 MAC에서 사용되었다. DARPA는 계속해서 매년 300만 달러를 70년대까지 제공했다.DARPA는 또한 유사한 자금을 뉴얼과 사이먼의 CMU 프로그램과 스탠포드 AI 프로젝트에 제공했다.또다른 중요한 AI 연구소는 1965년도널드 미키가에든버러 대",21,것이다의 주요 특징은 무엇인가요?,"것이다,마빈 민스키,내에 디지털 컴퓨터는 중요한 새로운 수학적 정리를 발견하고 증명할 것이다,라고 말했다,사이먼"
23,https://ko.wikipedia.org/wiki/%EC%9D%B8%EA%B3%B5%EC%A7%80%EB%8A%A5,"인공지능 - 위키백과, 우리 모두의 백과사전","드 AI 프로젝트에 제공했다.또다른 중요한 AI 연구소는 1965년도널드 미키가에든버러 대학교에 세웠다.이 4개의 시설은 계속해서 많은 연도에 걸쳐 학계의 주요한 AI연구소, 그리고 자금처로 존재할 것이다.자금은 몇가지 단서와 함께 제공됐다: ARPA의 기획자 리클리더(J. C. R. Licklider)는 그의 조직은 ""프로젝트가 아니라, 사람에게 투자""해야 한다고 믿었고, 연구자들이 어떤 방향이든 그들의 관심있는 쪽을 연구하도록 허용했다.이것은 MIT에 자유분방한 분위기를 생성했고 해킹 문화를 탄생시키기도 했다. 그러나 이렇게 손을 떼고 지켜보는 형식의 지원은 얼마 지속되지 못했다.

## AI의 첫번째 암흑기(1974-1980)

70년대에 이르자, AI는 비판의 대상이 되었고 재정적 위기가 닥쳤다. AI 연구가들은 그들의 눈앞에 있는 복잡한 문제를 해결하는데 실패했다.",22,프로젝트에 제공했다이란 무엇인가요?,"프로젝트에 제공했다,또다른 중요한,연구소는,년도널드 미키가에든버러 대학교에 세웠다,개의 시설은 계속해서 많은 연도에 걸쳐 학계의 주요한"
24,https://ko.wikipedia.org/wiki/%EC%9D%B8%EA%B3%B5%EC%A7%80%EB%8A%A5,"인공지능 - 위키백과, 우리 모두의 백과사전","위기가 닥쳤다. AI 연구가들은 그들의 눈앞에 있는 복잡한 문제를 해결하는데 실패했다. 연구가들의 엄청난 낙관론은 연구에 대한 기대를 매우 높여놓았고, 그들이 약속했던 결과를 보여주지 못하자, AI에 대한 자금 투자는 사라져버렸다. 동시에, Connectionism 또는 뉴럴망은 지난 10년동안 마빈 민스키의 퍼셉트론(시각과 뇌의 기능을 모델화한 학습 기계)에 대한 파괴적인 비판에 의해 완전히 중지되었다.그러나 70년대 후반의 AI에 대한 좋지 않은 대중의 인식에도 불구하고, 논리 프로그래밍, 상징 추론과 많은 여러 영역에서의 새로운 아이디어가 나타났다.
1970년대 초, AI 프로그램의 가능성은 제한적이었다. 모든 문제에 걸쳐서 문제를 푸는 인상 깊은 작품들은 겨우 시험용 버전 정도였고, 어떤 의미에선 '장난감'에 가까웠다.AI 연구는 70년대에 더 이상 극복할 수 없는 몇개의 근본적인 한계를 가지게 됐다.몇개의 한계를 통해 십여년 후에 극복되었고, 다른 몇 개는 오늘날까지 남아",23,위기가 닥쳤다이란 무엇인가요?,"위기가 닥쳤다,연구가들은 그들의 눈앞에 있는 복잡한 문제를 해결하는데 실패했다,연구가들의 엄청난 낙관론은 연구에 대한 기대를 매우 높여놓았고,그들이 약속했던 결과를 보여주지 못하자,대한 자금 투자는 사라져버렸다"
25,https://ko.wikipedia.org/wiki/%EC%9D%B8%EA%B3%B5%EC%A7%80%EB%8A%A5,"인공지능 - 위키백과, 우리 모두의 백과사전","를 가지게 됐다.몇개의 한계를 통해 십여년 후에 극복되었고, 다른 몇 개는 오늘날까지 남아있다.
컴퓨터 능력의 한계: 정말 유용한 무언가를 이루기에는 메모리 또는 처리 속도가 충분하지 않았다. 예를 들어 로스 퀼리언(Ross Quillian)의 자연어 처리에서 성공적인 완수는 오직 20개의 단어 위에서 발휘되었는데, 이것은 메모리가 꽉 찼기 때문이었다.++한스 모라벡은 1976년에 컴퓨터가 지능을 가지기엔 여전히 수백만 배 약하다고 논증했다. 그는 비유를 들었는데, AI가 컴퓨터 능력을 필요로 하는 것은 항공기가 마력을 필요로 하는 것과 같다는 것이었다. 컴퓨터 영상에 대해서, 모라벡은 간단하게 계산하여 실시간으로 사람의 망막을 모션 캡처하려면 범용 컴퓨터가 초당 10^9 명령어(1000MIPS)를 처리해야 할 것이라고 추측했다. 2011년경 실용적인 컴퓨터 영상 프로그램은 10,000~1,000,000 MIPS를 요구한다.",24,가지게 됐다에 대해 설명해주세요.,"가지게 됐다,몇개의 한계를 통해 십여년 후에 극복되었고,개는 오늘날까지 남아있다,컴퓨터 능력의 한계,정말 유용한 무언가를 이루기에는 메모리 또는 처리 속도가 충분하지 않았다"
26,https://ko.wikipedia.org/wiki/%EC%9D%B8%EA%B3%B5%EC%A7%80%EB%8A%A5,"인공지능 - 위키백과, 우리 모두의 백과사전","년경 실용적인 컴퓨터 영상 프로그램은 10,000~1,000,000 MIPS를 요구한다. 1976년경 5백만에서 8백만 달러사이에 판매되던 가장 빠른 슈퍼컴퓨터인 Cray-1은 오직 80~130 MIPS였고, 당시 전형적인 데스크탑 컴퓨터는 겨우 1 MIPS 남짓이었다.
폭발적인 조합 수와 비용이성: 1972년에 리차트 카프(Hichard Karp)는 문제 해결에 지수적 시간이 요구되는 많은 문제를 보여주었다. 하찮은 문제일지라도 이런 문제의 최적의 해답을 찾는 데 상상할 수도 없는 컴퓨터의 시간이 요구되었다. 즉 지금까지 AI '장난감'에서 사용되었던 방법은 실제적으로 유용한 AI 시스템을 제작하는 데 용이하지 못했다.
상징적 지식과 추론: 영상 처리나 자연어 처리 같은 많은 중요한 AI 프로그램은 실제 세상에 대한 간단하지만 어마어마한 양의 정보를 필요로 한다.",25,년경 실용적인 컴퓨터 영상 프로그램은의 주요 특징은 무엇인가요?,"년경 실용적인 컴퓨터 영상 프로그램은,요구한다,백만에서,백만 달러사이에 판매되던 가장 빠른 슈퍼컴퓨터인,당시 전형적인 데스크탑 컴퓨터는 겨우"
27,https://ko.wikipedia.org/wiki/%EC%9D%B8%EA%B3%B5%EC%A7%80%EB%8A%A5,"인공지능 - 위키백과, 우리 모두의 백과사전","중요한 AI 프로그램은 실제 세상에 대한 간단하지만 어마어마한 양의 정보를 필요로 한다. 그래야 프로그램이 자신이 보고 있는 것이 무엇인지, 또는 자신이 듣고 있는 것이 무엇인지 아이디어를 찾을 수 있기 때문이다. 이 요구는 아기들의 세상에 대해 알아나가는 것과 유사하다. 연구가들은 곧 요구되는 정보의 양이 엄청나게 광대하다는 것을 발견했다. 1970년대의 누구도 이런 데이터가 포함된 데이터베이스를 만들지 못했고, 누구도 이런 데이터를 프로그램 혼자 터득하는 방법을 알지 못했다.
모라벡의 패러독스: 이론을 제작하고 기하학적 문제를 해결하는 것은 컴퓨터에게 비교적 쉽지만, 얼굴을 인식하거나 장애물을 피해 방을 가로지르는 것은 엄청나게 어렵다. 이 설명은 왜 연구가들이 1970년대에 영상처리나 로봇에 대해 조금밖에 진전을 보이지 못했는지 아는 데 도움이 된다.",26,"인공지능 - 위키백과, 우리 모두의 백과사전에서 중요한은 어떤 역할을 하나요?","중요한,프로그램은 실제 세상에 대한 간단하지만 어마어마한 양의 정보를 필요로 한다,그래야 프로그램이 자신이 보고 있는 것이 무엇인지,또는 자신이 듣고 있는 것이 무엇인지 아이디어를 찾을,있기 때문이다"
28,https://ko.wikipedia.org/wiki/%EC%9D%B8%EA%B3%B5%EC%A7%80%EB%8A%A5,"인공지능 - 위키백과, 우리 모두의 백과사전","70년대에 영상처리나 로봇에 대해 조금밖에 진전을 보이지 못했는지 아는 데 도움이 된다.
프레임 문제, 자격 문제: 존 맥캐시와 같은 연구가들은 규칙이 규칙 스스로의 구조를 변경하지 못하면 관련 계획 또는 기본 추론 일반 공제를 나타낼 수 없다는 것을 발견했다.

## 자금 지원의 중단

영국 정보나 DARPA, NRC같은 AI 연구자들에게 자금을 주던 기관들은 연구 진행의 부진에 실망했고 결국 AI에 관한 방향성을 가진 자금 지원을 끊었다. 1966년 기계를 이용한 번역을 비판하는 보고서가 ALPAC에 제출되었을 때부터 이런 흐름이 시작되었다. 총 2천만 달러를 지원한 NRC도 지원을 멈췄다.1973년 라이트힐 보고서는 ""장대한 목표(grandios objectives)""를 성취하는 데 실패한 영국의 AI 연구의 상태에 대해 비난했고 결국 영국의 AI 연구소는 해체되었다(보고서는 특히 AI 연구의 실패의 원인이 폭발적인 조합의 수라고 언급했다).DARPA는 CMU의 음성을 이해하는",27,년대에 영상처리나 로봇에 대해 조금밖에 진전을 보이지 못했는지 아는에 대해 설명해주세요.,"년대에 영상처리나 로봇에 대해 조금밖에 진전을 보이지 못했는지 아는,도움이 된다,프레임 문제,자격 문제,맥캐시와 같은 연구가들은 규칙이 규칙 스스로의 구조를 변경하지 못하면 관련 계획 또는 기본 추론 일반 공제를 나타낼"
29,https://ko.wikipedia.org/wiki/%EC%9D%B8%EA%B3%B5%EC%A7%80%EB%8A%A5,"인공지능 - 위키백과, 우리 모두의 백과사전","구의 실패의 원인이 폭발적인 조합의 수라고 언급했다).DARPA는 CMU의 음성을 이해하는 연구의 연구자들에게 심하게 실망했고 연간 3백만 달러의 지원을 취소했다.1974년에 이르자 AI 연구에대한 투자는 찾기 어려워졌다. 한스 모라벡은 그의 동료의 비현실적인 예측에 의한 위기를 비난했다. ""많은 연구가들이 많은 연구자는 과장을 증가시키는 웹에 휘말렸다.""그러나 여기엔 다른 이슈가 있다: 1969년 맨스필드의 수정안의 통과이후, DARPA는 자금 지원에 대해 ""비직접적인 기초 연구보다, 임무 완수에 직결된 연구""를 수행하라는 증가하는 압력을 받고 있었다. 창조성 높은 지원, 자유분방한 연구는 1960년대와 함께 떠났고 DARPA에서 다시 오지 않을 것이다. 대신, 자금은 자동조정 탱크나 전투 관리 시스템과 같은 분명한 프로젝트와 명확한 목표를 향할 것이다.

## 캠퍼스 전역의 비판들",28,구의 실패의 원인이 폭발적인 조합의 수라고 언급했다에 대해 설명해주세요.,"구의 실패의 원인이 폭발적인 조합의 수라고 언급했다,음성을 이해하는 연구의 연구자들에게 심하게 실망했고 연간,백만 달러의 지원을 취소했다,년에 이르자,연구에대한 투자는 찾기 어려워졌다"
30,https://ko.wikipedia.org/wiki/%EC%9D%B8%EA%B3%B5%EC%A7%80%EB%8A%A5,"인공지능 - 위키백과, 우리 모두의 백과사전","스템과 같은 분명한 프로젝트와 명확한 목표를 향할 것이다.

## 캠퍼스 전역의 비판들

몇 철학자들은 AI 연구가들에게 강력한 반대를 표했다. 초기 반대자들 중 괴델의 불완전성의 원리에 의해 컴퓨터 프로그램같은 시스템이 실제적으로 정확하게 사람과 같이 행할 수 없다고 주장한 사람은 존 루커스(John Lucas)이다.휴버트 드라이퍼스는 60년대의 깨어진 약속을 조롱했고 AI의 가정을 비판했으며, 인간의 추론이 실제적으론 ""상징적 진행""이 매우 적게 포함되어 있고 구현적, 본능적, 무의식적인 노하우에 의해 처리된다고 주장했다.존 설의 1980년대 제시된 중국인 방 문제는, 실제로 프로그램이 상징들을 '이해'할 수 없고 사용할 수 없음을 보여주려고 시도했다. 설은 만약 상징이 기계에게 아무 의미가 못된다면, 기계는 생각하는 것이 아니라고 주장했다.이 비난은 AI 연구가들에게 심각하게 작용하지 못했다. 비용이성과 상식적 지식에 관한 문제가 훨씬 더 즉각적이고 심각한 듯이 보였다.",29,스템과 같은 분명한 프로젝트와 명확한 목표를 향할 것이다에 대해 설명해주세요.,"스템과 같은 분명한 프로젝트와 명확한 목표를 향할 것이다,캠퍼스 전역의 비판들,철학자들은,연구가들에게 강력한 반대를 표했다,초기 반대자들"
31,https://ko.wikipedia.org/wiki/%EC%9D%B8%EA%B3%B5%EC%A7%80%EB%8A%A5,"인공지능 - 위키백과, 우리 모두의 백과사전","못했다. 비용이성과 상식적 지식에 관한 문제가 훨씬 더 즉각적이고 심각한 듯이 보였다. '노하우'와 '지향성'이 실제 프로그램을 만드는데 어떻게 다른지가 불분명했다. 민스키는 드라이퍼스와 설을 향해 ""그들은 오해했고, 무시될 것이다""라고 했다. MIT에서 가르쳤던 드라이퍼스는 냉대받았다: 그는 나중에 AI 연구가들에게 ""나와 점심 식사할 용기도 없다""라고 평했다. ELIZA의 제작자 조셉 웨이즌바움(Joseph Weizenbaum)은 그의 동료인 드라이퍼스가 전문적이지 않고 유치한 대우를 한다고 느꼈다.
웨이즌바움은 케네스 콜비(Kenneth Colby)가 쓴 DOCTOR와 임상치료 채팅봇에 대해서 심각하게 의심하기 시작했다. 웨이즌바움은 콜비가 그의 무심한 프로그램을 진지한 치료 도구로 여기는 걸 방해했다. 이 불화가 시작되고, 이 상황은 콜비가 웨이즌바움을 프로그램에 대한 공로로 인정하지 않았을 때 도움이 되지 않았다.",30,못했다이란 무엇인가요?,"못했다,비용이성과 상식적 지식에 관한 문제가 훨씬,즉각적이고 심각한 듯이 보였다,노하우,지향성"
32,https://ko.wikipedia.org/wiki/%EC%9D%B8%EA%B3%B5%EC%A7%80%EB%8A%A5,"인공지능 - 위키백과, 우리 모두의 백과사전","황은 콜비가 웨이즌바움을 프로그램에 대한 공로로 인정하지 않았을 때 도움이 되지 않았다. 1976년에 웨이즌바움은 컴퓨터 능력과 인간 추론(Computer Power and Human Reason)을 출판하며
인공 지능의 오용이 인간의 삶을 평가 절하시킬 수도 있다고 주장했다.

## 퍼셉트론과 연결망의 어두운 시대

뉴럴 네트워크 형태의 퍼셉트론이 1958년 마빈 민스키의 고등학교 시절 친구였던 프랭크 로센블랫(Frank Rosenblatt)에 의해 도입되었다. 다른 AI 연구가들이 그러하듯, 그는 낙관론을 펼쳤고, ""퍼셉트론은 결국 학습을 하고, 의사 결정을 하고, 언어 번역을 할 것이다""라고 예견했다. 60년대를 이끌던 패러다임 속의 연구 프로그램의 수행은 1969년 민스키와 페퍼의 책 퍼셉트론의 출판과 함께 갑자기 중지되었다. 이것은 퍼셉트론이할 수 있는 일에 몇가지 심각한 제한이 있음을, 또 프랭크의 예견은 심하게 과장되어있음을 알렸다.",31,"인공지능 - 위키백과, 우리 모두의 백과사전에서 황은 콜비가 웨이즌바움을 프로그램에 대한 공로로 인정하지 않았을은 어떤 역할을 하나요?","황은 콜비가 웨이즌바움을 프로그램에 대한 공로로 인정하지 않았을,도움이 되지 않았다,년에 웨이즌바움은 컴퓨터 능력과 인간 추론,출판하며
인공 지능의 오용이 인간의 삶을 평가 절하시킬 수도 있다고 주장했다,퍼셉트론과 연결망의 어두운 시대"
33,https://ko.wikipedia.org/wiki/%EC%9D%B8%EA%B3%B5%EC%A7%80%EB%8A%A5,"인공지능 - 위키백과, 우리 모두의 백과사전","는 일에 몇가지 심각한 제한이 있음을, 또 프랭크의 예견은 심하게 과장되어있음을 알렸다. 이 책의 파급력은 압도적이었다: 향후 10년 동안 뉴럴 네트워크에 대한 거의 모든 연구가 중지되었다. 결국, 뉴럴 네트워크 영역을 회복할 연구원의 새로운 세대가 그 후에 인공지능의 중요하고 유용한 부분을 내놓았다. 로센블랫은 이 책을 보지 못했는데, 그는 문제의 책이 출판 되고 곧바로 보트 사고와 함께 사망했기 때문이다.

## 깔끔이: 논리, 프롤로그와 전문가 시스템

논리적 추론은 1958년 초에 AI 연구에서 존 매카시가 제안하여 도입되었다.1963년 알렌 로빈슨(J. Alan Robinson)은 간단하게 추론을 컴퓨터에 구현시키는 분해와 통일 알고리즘을 발견했다. 그러나 매카시와 그의 학생들이 60년대 후반에 했던 것과 같은 복잡하지 않은 구현은 본질적으로 다루기 힘들었는데, 간단한 정리를 증명하기 위해 천문학적 단계가 필요했다.더 성공적인 결실을 맺는 논리적 접근은 70년대 에딘벌 대학",32,일에 몇가지 심각한 제한이 있음을이란 무엇인가요?,"일에 몇가지 심각한 제한이 있음을,프랭크의 예견은 심하게 과장되어있음을 알렸다,책의 파급력은 압도적이었다,동안 뉴럴 네트워크에 대한 거의 모든 연구가 중지되었다,뉴럴 네트워크 영역을 회복할 연구원의 새로운 세대가"
34,https://ko.wikipedia.org/wiki/%EC%9D%B8%EA%B3%B5%EC%A7%80%EB%8A%A5,"인공지능 - 위키백과, 우리 모두의 백과사전","위해 천문학적 단계가 필요했다.더 성공적인 결실을 맺는 논리적 접근은 70년대 에딘벌 대학의 로버트 코왈스키(Robert Kowalski)가 개발했고 곧 프랑스의 연구가인 알라인 콜메루엘(Alain Colmerauer)과 성공적인 논리 프로그래밍 언어인 프롤로그를 만든 필립 오우셀(Philippe Roussel)과의 협업을 이끌어냈다.프롤로그는 다루기 쉬운 계산을 허용하는 논리의 부분을 사용한다. 규칙은 계속적으로 영향을 미쳤고, 에드워트 페이젠바움(Edward Feigenbaum)이 기대하던 시스템 기초를 제공했으며 알렌 뉴엘과 허버트가 계속 연구하도록 만들었다. 사이먼은 Soar과 인식에서의 통일 이론을 이끌었다.논리적으로의 접근을 비판하는 지적은, 드라이퍼스가 했던대로, 사람이 문제를 해결할 때 논리를 거의 사용하지 않는다는 것이었다. 피터 왓슨(Peter Waon),엘리너 로시,아모스 트버스키,대니얼 카너먼을 비롯한 심리학자들이 이를 증명했다.매카시는 이에 대해서 이 증명이",33,위해 천문학적 단계가 필요했다이란 무엇인가요?,"위해 천문학적 단계가 필요했다,성공적인 결실을 맺는 논리적 접근은,년대 에딘벌 대학의 로버트 코왈스키,개발했고,프랑스의 연구가인 알라인 콜메루엘"
35,https://ko.wikipedia.org/wiki/%EC%9D%B8%EA%B3%B5%EC%A7%80%EB%8A%A5,"인공지능 - 위키백과, 우리 모두의 백과사전","버스키,대니얼 카너먼을 비롯한 심리학자들이 이를 증명했다.매카시는 이에 대해서 이 증명이 무관하다고 답했다. 그는 정말 필요한 기계란 사람처럼 생각하는 것이 아니라 문제를 해결할 줄 아는 기계라고 일축했다.

## 지저분이: 프레임과 스크립트

매카시의 접근에 대한 비평가들의 대다수가 그의 동료인 MIT 소속이었다. 마빈 민스키와 사무엘 페퍼와 로저 샹크는 기계를 사람처럼 느껴지도록 만드는 ""이야기 이해""와 ""물체 인식""의 문제를 해결하려고 노력했다. ""의자""나 ""음식점"" 같은 일반적인 개념을 사용할 때 사람들은 모두 비논리적으로, 사람들이 통용하는 범용적 가정을 함께 했다. 불행하게도 이런 부정확한 가정들은 논리적 절차로 대표하기가 힘들었다. 제럴드 서스먼(Gerald Sussman)은 ""본질적으로 부정확한 개념을 설명하기위 해 정확한 언어를 사용하는 순간 그들은 더 이상 부정확하다고 말할 수 없다""라고 표했다.",34,"인공지능 - 위키백과, 우리 모두의 백과사전에서 버스키은 어떤 역할을 하나요?","버스키,대니얼 카너먼을 비롯한 심리학자들이 이를 증명했다,매카시는 이에 대해서,증명이 무관하다고 답했다,그는 정말 필요한 기계란 사람처럼 생각하는 것이 아니라 문제를 해결할"
36,https://ko.wikipedia.org/wiki/%EC%9D%B8%EA%B3%B5%EC%A7%80%EB%8A%A5,"인공지능 - 위키백과, 우리 모두의 백과사전","해 정확한 언어를 사용하는 순간 그들은 더 이상 부정확하다고 말할 수 없다""라고 표했다. 또한 섕크는 이에 대해 ""비논리적"" 접근 즉 ""지저분이""가 매카시, 코와스키, 페이젠바움의 ""깔끔이"" 패러다임과 반대에 있다고 평했다.
1975년 세미나 보고서에서, 민스키는 ""지저분한"" 많은 그의 동료 연구자들이 무언가에 대한 우리의 모든 상식적 가정을 포착하는 프레임워크를 도구로 사용했다고 적었다. 예를 들어 우리가 새라는 개념을 생각할때, 즉시 '난다', '벌레를 먹는다'와 같은 다양한 사실들 또한 떠올린다. 떠올린 것들이 항상 사실은 아니고 또 ""논리적""으로 이것들이 공제가 되지는 않는다. 그러나 이런 가정들의 구조는 우리가 말하고 생각하는 문장의 부분을 차지한다. 그는 이 구조를 ""프레임""이라 칭했다. 섕크는 프레임의 설명에 대해서 영어로된 짧은 스토리에 대한 답변을 성공적으로 하기 위한 ""스크립트""라 불렀다.수년 후 객체지향 프로그래밍에서 AI 연구에서 쓰였던 프레임에서 나온 '상속'",35,정확한 언어를 사용하는 순간 그들은의 주요 특징은 무엇인가요?,"정확한 언어를 사용하는 순간 그들은,이상 부정확하다고 말할,라고 표했다,또한 섕크는 이에 대해,비논리적"
37,https://ko.wikipedia.org/wiki/%EC%9D%B8%EA%B3%B5%EC%A7%80%EB%8A%A5,"인공지능 - 위키백과, 우리 모두의 백과사전","""라 불렀다.수년 후 객체지향 프로그래밍에서 AI 연구에서 쓰였던 프레임에서 나온 '상속'이라는 개념을 채택하게 된다.

## AI붐 (1980-1987)

1980년대에는 전 세계적으로 사용된 ‘전문가 시스템’이라고 일컫는 인공지능 프로그램의 형태였고 인공지능 검색에 초점이 맞춰졌다. 같은 시기에 일본 정부는 자신들의 5세대 컴퓨터 프로젝트와 인공지능에 적극적으로 투자하였다. 1980년대에 존 홉필드와 데이비드 루멜하트의 신경망 이론의 복원이라는 또 다른 사건이 있었다.

## 전문가 시스템의 발전

전문가 시스템은 특정 지식의 범위에 대해 문제를 해결해주거나 질문에 대답해주는 프로그램이며 전문가의 지식에서 파생된 논리적 법칙을 사용하였다. 최초의 실험은 1965년 Edward Feigenbaum과레더버그에 의해Dendral이 시작하였고 이것은 분광계로부터 화합물을 식별하는 실험이었다. MYCIN은 1972년에 개발되었고 전염되는 혈액 질환을 진단하였다.",36,불렀다의 주요 특징은 무엇인가요?,"불렀다,객체지향 프로그래밍에서,연구에서 쓰였던 프레임에서 나온,이라는 개념을 채택하게 된다,년대에는"
38,https://ko.wikipedia.org/wiki/%EC%9D%B8%EA%B3%B5%EC%A7%80%EB%8A%A5,"인공지능 - 위키백과, 우리 모두의 백과사전","별하는 실험이었다. MYCIN은 1972년에 개발되었고 전염되는 혈액 질환을 진단하였다. 이러한 접근법(실험)은 타당성이 입증되었다.
전문가 시스템은 소규모의 지식 영역에 대해서는 스스로 제한을 둠으로써 상식 문제를 피하였다. 그리고 그들의 단순한 디자인은 프로그램을 만드는 것을 상대적으로 쉽게 하였다. 모든 프로그램은 유용성이 입증되어야 하지만 AI는 이 점을 달성할 수 없었다.
1980년, XCON이라 불리는 전문가 시스템은 디지털 장비 회사인 CMU에서 완성되었다. 이 시스템은 매년 4천만 달러를 절약시켜주며 매우 큰 성과를 나타냈다.전 세계의 회사들은 1985년에 1억 달러 이상을 AI에 사용하여 이를 개발하고 전문가 시스템을 배포하였다. Symbolics, Lisp Machines과 같은 하드웨어 회사와 IntelliCorp, Aion 등의 소프트웨어 회사들이 이를 지원하면서 같이 성장하였다.",37,별하는 실험이었다이란 무엇인가요?,"별하는 실험이었다,년에 개발되었고 전염되는 혈액 질환을 진단하였다,이러한 접근법,타당성이 입증되었다,전문가 시스템은 소규모의 지식 영역에 대해서는 스스로 제한을 둠으로써 상식 문제를 피하였다"
39,https://ko.wikipedia.org/wiki/%EC%9D%B8%EA%B3%B5%EC%A7%80%EB%8A%A5,"인공지능 - 위키백과, 우리 모두의 백과사전","ntelliCorp, Aion 등의 소프트웨어 회사들이 이를 지원하면서 같이 성장하였다.
전문가 지식들을 포함하면서 전문가 시스템의 힘은 두각을 나타내었다. 이것은 1970년대 내내 연구하였던 AI 연구 기법의 새로운 방향 중 일부분이었다. “AI 과학자들은 지능이란 것이 다른 방법들로 많은 양의 다양한 지식들을 사용하는 능력에 기반한 것이라고 의심하기 시작했다.”지식 기반 시스템과 지식 엔지니어링은 1980년대 AI 연구자들의 메인 포커스가 되었다.
또한 1980년대에는 일반인들이 모두 알 만한 일상적인 사실들을 모두 포함한 아주 거대한 데이터베이스를 만들어 상식 문제에 대한 직접적 해결을 시도한 Cyc의 탄생을 볼 수 있었다. 이 프로젝트를 이끈 Douglas Lenat는 지름길은 없다고 말했다. - 기계가 인간의 개념을 알게 하기 위한 단 한 가지 길은 그들을 가르치는 것이다. 이 프로젝트는 수 십 년 동안 완료될 것이라 생각되지 않았다.",38,등의 소프트웨어 회사들이 이를 지원하면서 같이 성장하였다의 주요 특징은 무엇인가요?,"등의 소프트웨어 회사들이 이를 지원하면서 같이 성장하였다,전문가 지식들을 포함하면서 전문가 시스템의 힘은 두각을 나타내었다,이것은,년대 내내 연구하였던,연구 기법의 새로운 방향"
40,https://ko.wikipedia.org/wiki/%EC%9D%B8%EA%B3%B5%EC%A7%80%EB%8A%A5,"인공지능 - 위키백과, 우리 모두의 백과사전","그들을 가르치는 것이다. 이 프로젝트는 수 십 년 동안 완료될 것이라 생각되지 않았다.

## 돈은 되돌아온다: 5세대 프로젝트

1981년, 일본의 국제 무역과 산업 부서는 5세대 컴퓨터 프로젝트를 위해 8억 5천만 달러를 확보해 두었다. 그들의 목적은 기계가 사람처럼 프로그램을 작성하고 대화를 수행할 수 있는 시스템과 언어를 번역하거나 그림을 해석하는 것이었다. 그들은 프로젝트를 위해 기본 컴퓨터 언어로 Prolog를 선택하였다.
다른 나라들은 그들만의 고유한 프로그램을 개발하였다. UK는 3억 5천만 달러를 들여 Alvey 프로젝트를 시작했다. 미국 회사들의 컨소시엄은 정보기술과 AI안의 거대한 프로젝트를 투자받기 위해 마이크로 전자공학과 컴퓨터 기술 협력이라는 형태를 취했다.또한 1984에서 1988년 사이에 DARPA는 전략적 컴퓨팅 계획을 설립하고 AI에 대한 투자를 세배로 늘렸다.

## 신경망 이론의 복귀",39,그들을 가르치는 것이다이란 무엇인가요?,"그들을 가르치는 것이다,프로젝트는,동안 완료될 것이라 생각되지 않았다,돈은 되돌아온다,세대 프로젝트"
41,https://ko.wikipedia.org/wiki/%EC%9D%B8%EA%B3%B5%EC%A7%80%EB%8A%A5,"인공지능 - 위키백과, 우리 모두의 백과사전","컴퓨팅 계획을 설립하고 AI에 대한 투자를 세배로 늘렸다.

## 신경망 이론의 복귀

1982년, 물리학자 John Hopfield는 (현재 ‘Hopfield net’이라고 불리는) 완벽한 새로운 길에서 정보를 프로세스하고 배울 수 있는 신경망의 형태를 증명해냈다. 이 시기에, David Rumelhart는 (Paul Werbos에 의해 발견된) “역전파”라고 불리는 신경망을 개선하기 위한 새로운 방법을 알리고 있었다. 이러한 두 가지 발견은 1970년 이후 버려진 신경망 이론이라는 분야를 복구시켰다.새로운 분야는 1986년 분산 병렬처리의 형태로부터 영감을 받았고 이와 같은 형태로 통일되었다. 2권 분량의 논문 집합은 Rumelhart와 물리학자인 James McClelland에 의해 편집되었다. 신경망은 1990년대에 광학 문자 인식 및 음성 인식과 같은 프로그램의 구동 엔진으로 사용되며 상업적으로 성공했다.

## AI의 두번째 암흑기 1987-1993",40,컴퓨팅 계획을 설립하고의 주요 특징은 무엇인가요?,"컴퓨팅 계획을 설립하고,대한 투자를 세배로 늘렸다,신경망 이론의 복귀,물리학자,이라고 불리는"
42,https://ko.wikipedia.org/wiki/%EC%9D%B8%EA%B3%B5%EC%A7%80%EB%8A%A5,"인공지능 - 위키백과, 우리 모두의 백과사전","엔진으로 사용되며 상업적으로 성공했다.

## AI의 두번째 암흑기 1987-1993

AI와 비즈니스 커뮤니티의 매력은 상실했고 경제 거품이라는 고전적 형태의 1980년대에 빠졌다. 붕괴는 정부기관과 투자자들의 ‘해당 분야는 계속해서 비판에도 불구하고 진보해왔다.’는 인식에 비롯된 것이었다. 로봇 공학 분야에 관련 된 연구원인 Rodney Brooks 와 Hans Moravec는 인공지능에 대한 완전히 새로운 접근 방식을 주장하였다.

## 인공지능의 겨울

1974년에 전문가 시스템에 대한 열정이 통제할 수 없을 정도로 퍼져나가고 이에 대한 실망이 확실히 따라올 것이라는 걱정이 있었고 이 때 투자가 끊기고 살아남은 연구원들에 의해서 “AI winter”이라는 단어가 만들어졌다.그들의 두려움은 AI에 대해 일련의 재정적 차질이 있었던 1980년 말에서 1990년대 초반에 잘 나타난다.",41,"인공지능 - 위키백과, 우리 모두의 백과사전에서 엔진으로 사용되며 상업적으로 성공했다은 어떤 역할을 하나요?","엔진으로 사용되며 상업적으로 성공했다,두번째 암흑기,비즈니스 커뮤니티의 매력은 상실했고 경제 거품이라는 고전적 형태의,년대에 빠졌다,붕괴는 정부기관과 투자자들의"
43,https://ko.wikipedia.org/wiki/%EC%9D%B8%EA%B3%B5%EC%A7%80%EB%8A%A5,"인공지능 - 위키백과, 우리 모두의 백과사전","에 대해 일련의 재정적 차질이 있었던 1980년 말에서 1990년대 초반에 잘 나타난다.
이 AI winter 기간의 첫 번째 사건은 1987년에 특성화된 AI 하드웨어 시장이 갑자기 무너진 것이다. 1987년에 애플이나 IBM의 데스크탑 컴퓨터들은 급격히 빨라지고 성능이 좋아졌다. 또한 Symblics과 기타 회사들이 만든 데스크탑 컴퓨터 보다 더 비싼 Lisp 기기들보다도 더욱 좋은 성능을 나타냈다. 즉, 더 이상 Lisp 기기들을 살 이유가 사라진 것이다. 전체산업 1억 달러의 절반의 가치가 하룻밤에 사라졌다.결국 최초의 성공한 전문가 시스템인 XCON은 유지하기에 너무 비싸다는 것이 증명되었다. 업데이트하기에도 너무 어려웠고 학습도 되지 않았다. 이 전문가 시스템은 또한 일반적이지 않은 질문을 했을 때 괴상한 행동을 하는 일명 ""brittle"" 이었고 그들은 일찍이 발견된 이러한 문제들에 의해 결국 희생되었다.",42,대해 일련의 재정적 차질이 있었던에 대해 설명해주세요.,"대해 일련의 재정적 차질이 있었던,말에서,년대 초반에,나타난다,기간의"
44,https://ko.wikipedia.org/wiki/%EC%9D%B8%EA%B3%B5%EC%A7%80%EB%8A%A5,"인공지능 - 위키백과, 우리 모두의 백과사전","명 ""brittle"" 이었고 그들은 일찍이 발견된 이러한 문제들에 의해 결국 희생되었다. 전문가 시스템은 특별한 경우에서만 유용할 뿐이었다.1980년대 후반, Strategic Computing initiative는 AI의 투자를 자르는 데 공이 컸다. DARPA의 새로운 리더쉽은 AI는 이 다음의 파도가 아니라고 결정했고 즉각적인 결과를 나타낼 수 있는 것으로 보이는 프로젝트에 직접적인 투자를 하는 방향으로 결정했다.1991년에는 1981년에 일본에서 5세대 프로젝트의 목표 리스트에 적은 것만큼 성과가 나오지 않았다. 실제로 대화를 계속 이어나가는 것과 같은 어떤 것들은 2010년까지 달성되지 않았다. 다른 인공 지능 프로젝트와 마찬가지로, 실제 가능했던 것보다 기대가 훨씬 컸다.

## 몸통을 갖는 것의 중요성: Nouvellle AI and embodied reason",43,이었고 그들은 일찍이 발견된 이러한 문제들에 의해 결국 희생되었다이란 무엇인가요?,"이었고 그들은 일찍이 발견된 이러한 문제들에 의해 결국 희생되었다,전문가 시스템은 특별한 경우에서만 유용할 뿐이었다,년대 후반,투자를 자르는,공이 컸다"
45,https://ko.wikipedia.org/wiki/%EC%9D%B8%EA%B3%B5%EC%A7%80%EB%8A%A5,"인공지능 - 위키백과, 우리 모두의 백과사전","몸통을 갖는 것의 중요성: Nouvellle AI and embodied reason

1980년대 후반 , 몇몇 연구원들이 로봇 공학을 기반으로 인공 지능에 완전히 새로운 접근법에 대해 찬성하였다.그들은 실제 지능을 보여주려면 기계에도 몸통이 필요하다고 믿었다. - 기계 또한 이 세상에서 인식하고, 이동하고, 살아남고 거래할 줄 알 필요가 있다. 그들은 이런 감각 운동 기술은 상식적인 추론과 같은 더 높은 단계의 기술이 필요하다고 말했고 실제로 추상적인 추론은 인간의 가장 흥미롭거나 중요한 기술이다. 그들은 지능을 바닥에서부터 지어야 한다고 내세웠다.인공 두뇌와 제어 이론에서부터 얻은 접근법은 1960년대까지 인기가 없었다. 또 다른 선구자인 David Marr는 신경 과학 이론으로 한 그룹의 비전을 이끌어 성공적인 배경으로 1970년대에 MIT에 들어왔다.",44,몸통을 갖는 것의 중요성의 주요 특징은 무엇인가요?,"몸통을 갖는 것의 중요성,년대 후반,몇몇 연구원들이 로봇 공학을 기반으로 인공 지능에 완전히 새로운 접근법에 대해 찬성하였다,그들은 실제 지능을 보여주려면 기계에도 몸통이 필요하다고 믿었다,기계 또한"
46,https://ko.wikipedia.org/wiki/%EC%9D%B8%EA%B3%B5%EC%A7%80%EB%8A%A5,"인공지능 - 위키백과, 우리 모두의 백과사전","학 이론으로 한 그룹의 비전을 이끌어 성공적인 배경으로 1970년대에 MIT에 들어왔다. 그는 모든 상식적인 접근법(McCarthy's logic and Minsky's frames)을 거절했고 AI는 시각에 대한 육체적인 기계장치를 심볼릭 프로세싱 하기 전에 가장 바닥에서부터 위로 이해할 필요가 있다고 말했다.
1990년에 Elephants Don't Play Chess 논문에서, 로봇 공학 연구자인 Rodney Brooks는 직접적으로 물리적 심볼 시스템 가설에 초점을 맞추었고 심볼들은 항상 필요한 것은 아니라고 말했다. “세계는 그 자체만으로 가장 훌륭한 모델이다. 이것은 항상 최신이며 모든 세부사항이 존재한다. 비결은 적절히 그리고 충분히 자주 감지하는 것이다.80년대와 90년대에 많은 cognitive 과학자들은 또한 사고방식의 심볼 처리 모델을 거절하고 추론에 몸통은 필수적이라고 말했고 이러한 이론을 embodied mind 이론이라고 불렀다.",45,이론으로이란 무엇인가요?,"이론으로,그룹의 비전을 이끌어 성공적인 배경으로,년대에,들어왔다,그는 모든 상식적인 접근법"
47,https://ko.wikipedia.org/wiki/%EC%9D%B8%EA%B3%B5%EC%A7%80%EB%8A%A5,"인공지능 - 위키백과, 우리 모두의 백과사전","몸통은 필수적이라고 말했고 이러한 이론을 embodied mind 이론이라고 불렀다.

## AI 1993~현재

지금보다 반세기는 더 오래된 AI의 분야는 마침내 가장 오래된 목표 중 몇 가지를 달성했다. 이것은 비록 뒷받침해주는 역할이었지만 기술 산업에 걸쳐 성공적으로 사용되었다. 몇 가지 성공은 컴퓨터의 성능이 증가했기 때문이고 또 다른 몇 가지는 고립된 문제들에 대해 집중하였고 높은 과학적 의무감으로 해 나갔기 때문에 해결되었다. 적어도 비즈니스 분야에서의 AI의 평판은 여전히 처음 같지 않다. 이 분야 내에서는 1960년대 세계의 상상이던 인간 수준의 지능의 꿈을 실현하는 것이 실패로 돌아갔다는 이유로 몇 가지 합의를 하였다. 하위 파트에서 AI의 일부분을 도와주던 모든 요소들은 특정 문제나 접근 방식에 초점이 맞추어졌다.그 후, AI는 여태 해왔던 것보다 더욱 신중해졌고 더욱 성공적이였다. 또한 보안이 중요한 이슈로 떠올랐다.",46,몸통은 필수적이라고 말했고 이러한 이론을의 주요 특징은 무엇인가요?,"몸통은 필수적이라고 말했고 이러한 이론을,이론이라고 불렀다,지금보다 반세기는,오래된,분야는 마침내 가장 오래된 목표"
48,https://ko.wikipedia.org/wiki/%EC%9D%B8%EA%B3%B5%EC%A7%80%EB%8A%A5,"인공지능 - 위키백과, 우리 모두의 백과사전","해왔던 것보다 더욱 신중해졌고 더욱 성공적이였다. 또한 보안이 중요한 이슈로 떠올랐다. 인공지능의 보안이슈로는 학습된 인공지능을 속일 수 있는 공격형태인 Poisoning Attack, Evasion Attack, 인공지능 모델 자체를 탈취할 수 있는 Model Extraction Attack, 학습된 모델에서 데이터를 추출해내는 Inversion Attack 등이 있다.

## 성공 사례와 무어의 법칙

1997년 5월 11일,딥 블루는 당시체스세계 챔피언이던가리 카스파로프를 이긴 최초의 체스 플레이 컴퓨터가 되었다.2005년 스탠퍼드의 로봇은 DARPA 그랜드 챌린지에서 연습해 보지 않은 사막 도로 131마일을 자동으로 운전하여 우승하였다.2년 뒤, CMU의 한 팀은 DARPA 도시 챌린지에서 모든 교통 법규를 지키고 교통 혼잡 속에서 자동으로 55 마일의 길을 찾았다.2011년 2월, 퀴즈 쇼Jeopardy!에 출전한 IBM의 응답 시스템 왓슨은 상당히 여유롭게 두 챔피언을",47,"인공지능 - 위키백과, 우리 모두의 백과사전에서 해왔던 것보다 더욱 신중해졌고 더욱 성공적이였다은 어떤 역할을 하나요?","해왔던 것보다 더욱 신중해졌고 더욱 성공적이였다,또한 보안이 중요한 이슈로 떠올랐다,인공지능의 보안이슈로는 학습된 인공지능을 속일,있는 공격형태인,인공지능 모델 자체를 탈취할"
49,https://ko.wikipedia.org/wiki/%EC%9D%B8%EA%B3%B5%EC%A7%80%EB%8A%A5,"인공지능 - 위키백과, 우리 모두의 백과사전","즈 쇼Jeopardy!에 출전한 IBM의 응답 시스템 왓슨은 상당히 여유롭게 두 챔피언을 이겼다.
이러한 성공은 혁신적인 새로운 패러다임 때문이 아니라 번거로운 엔지니어 스킬과 매우 뛰어난 성능을 가진 오늘날의 컴퓨터에서 비롯된 것이다.실제로, Deep Blue의 컴퓨터는 1951년 Christopher가 체스 하는 법을 가르친 마크 1보다 1천만 배 빨랐다.이 엄청난 증가는무어의 법칙에 의해 측정되는데 이것은 2년마다 컴퓨터의 메모리 속도와 양은 두 배씩 늘어난다는 이론이다. 최초 컴퓨터 성능의 근본적인 문제는 느리지만 서서히 극복되고 있었다.

## 지능형 에이전트

1990년대 동안에는 ‘지능형 에이전트’라고 불리는 새로운 패러다임이 다 방면에서 수용되고 있었다.비록 이전의 연구자들은 'divide and conquer' 모듈러를 제안하고 AI에 접근하였지만지능형 에이전트는 Judea Pearl, Allen Newell 등 다른 이들이 AI를 연구하는데 있어서 결정론과 경제성이",48,지능형 에이전트에 대해 설명해주세요.,"지능형 에이전트,출전한,응답 시스템 왓슨은 상당히 여유롭게,챔피언을 이겼다,이러한 성공은 혁신적인 새로운 패러다임 때문이 아니라 번거로운 엔지니어 스킬과 매우 뛰어난 성능을 가진 오늘날의 컴퓨터에서 비롯된 것이다"
50,https://ko.wikipedia.org/wiki/%EC%9D%B8%EA%B3%B5%EC%A7%80%EB%8A%A5,"인공지능 - 위키백과, 우리 모두의 백과사전","arl, Allen Newell 등 다른 이들이 AI를 연구하는데 있어서 결정론과 경제성이라는 개념을 가져오기 전까지 현대식 형태를 갖추지 못했다.경제학자들의 합리적 에이전트라는 정의와 컴퓨터 과학자들의 객체 혹은 모듈러 정의가 합쳐졌을 때 지능형 에이전트의 패러다임이 완성되었다.
지능형 에이전트 시스템은 환경을 인식하고 성공을 가장 극대화할 수 있는 행동을 취한다. 이러한 정의에 의하면 인간과 인간의 조직처럼, 예를 들어 회사처럼 특정 문제를 해결하는 간단한 프로그램을 지능형 에이전트라고 한다. 지능형 에이전트는 AI 연구자를 “the study of intelligent agents""로 정의한다. 이것은 AI의 정의의 일부를 일반화한 것이다. 이것은 인간의 지능을 넘어 모든 종류의 지능의 연구를 추구한다.
이러한 패러다임은 당시 연구자들이 고립 문제에 대해 연구하고 다양하고 유용한 해결법을 찾도록 해주었다.",49,다른 이들이이란 무엇인가요?,"다른 이들이,연구하는데 있어서 결정론과 경제성이라는 개념을 가져오기 전까지 현대식 형태를 갖추지 못했다,경제학자들의 합리적 에이전트라는 정의와 컴퓨터 과학자들의 객체 혹은 모듈러 정의가 합쳐졌을,지능형 에이전트의 패러다임이 완성되었다,지능형 에이전트 시스템은 환경을 인식하고 성공을 가장 극대화할"
51,https://ko.wikipedia.org/wiki/%EC%9D%B8%EA%B3%B5%EC%A7%80%EB%8A%A5,"인공지능 - 위키백과, 우리 모두의 백과사전","은 당시 연구자들이 고립 문제에 대해 연구하고 다양하고 유용한 해결법을 찾도록 해주었다. 또한 서로서로 문제와 해결책을 공통의 언어로 표현하였고 추상적 에이전트를 사용한 경제학이나 제어 이론 등과 같은 다른 개념에도 사용되었다. 어떤 연구자들은 지능형 에이전트의 상호 작용에서 더 다양하고 지능적인 시스템을 만들기로 하였고 완전한 에이전트 아키텍처가 되기를 바랐다.이것이 21세기의 보편적인 교과서들이 인공 지능을 정의하는 방식이다.

## 깔끔함의 승리

AI 연구자는 과거에 사용했던 것보다 더욱 정교한 수학적 도구를 사용하여 개발하기 시작했다.해결하는 데 AI가 필요한 수많은 문제들이 존재하고 있다는 인식은 수학, 경제학 또는 오퍼레이션 연구 등의 분야에서 이미 연구자들이 AI를 사용하여 실현하고 있었다. 공유된 수학적 언어는 높은 수준의 협력, 좋은 평판, 여러 분야를 성공적으로 이끌고 측정과 증명이 된 결과들의 성취를 가능하게 하였다. AI는 더 엄격한 과학 학문이 되었다.",50,당시 연구자들이 고립 문제에 대해 연구하고 다양하고 유용한 해결법을 찾도록 해주었다이란 무엇인가요?,"당시 연구자들이 고립 문제에 대해 연구하고 다양하고 유용한 해결법을 찾도록 해주었다,또한 서로서로 문제와 해결책을 공통의 언어로 표현하였고 추상적 에이전트를 사용한 경제학이나 제어 이론 등과 같은 다른 개념에도 사용되었다,어떤 연구자들은 지능형 에이전트의 상호 작용에서,다양하고 지능적인 시스템을 만들기로 하였고 완전한 에이전트 아키텍처가 되기를 바랐다,이것이"
52,https://ko.wikipedia.org/wiki/%EC%9D%B8%EA%B3%B5%EC%A7%80%EB%8A%A5,"인공지능 - 위키백과, 우리 모두의 백과사전","정과 증명이 된 결과들의 성취를 가능하게 하였다. AI는 더 엄격한 과학 학문이 되었다.
이는 혁명 그 자체였으며 ""깔끔함""의 승리였다.Judea Pearl의 매우 영향이 큰 1988년 책은 AI에 결정론과 확률을 대입시켰다.사용 중인 많은 새로운 도구(Bayesian networks, hidden Markov models, information theory, stochastic modeling)와 기존의 고전적이 방법들이 최적화되었다. 더 정밀한 수학적 모형이 신경망 네트워크와 진화 알고리즘과 같은 연산 지능적 패러다임을 위해 개발되었다.

## 조용한 발전

AI 연구자들에 의해 최초로 개발된 알고리즘은 거대한 시스템의 일부로 나타나기 시작했다. AI는 매우 어려운 문제들을 해결했고 데이터 마이닝, 산업 로봇공학, 논리학, 음성 인식, 은행 소프트웨어,의학적 진단, 구글 검색 엔진등 여러 기술들은 기술 산업에 매우 유용하다는 것이 증명되었다.",51,정과 증명이에 대해 설명해주세요.,"정과 증명이,결과들의 성취를 가능하게 하였다,엄격한 과학 학문이 되었다,이는 혁명,자체였으며"
53,https://ko.wikipedia.org/wiki/%EC%9D%B8%EA%B3%B5%EC%A7%80%EB%8A%A5,"인공지능 - 위키백과, 우리 모두의 백과사전","적 진단, 구글 검색 엔진등 여러 기술들은 기술 산업에 매우 유용하다는 것이 증명되었다.
AI 분야는 이러한 성공에 대해 매우 낮은 신뢰를 받았다. AI의 훌륭한 혁신 중 대부분은 컴퓨터 과학의 도구에서 또 다른 기능으로 세분화되었다.닉 보스트롬은 ""많은 최첨단 AI가 일반 응용 부문으로 필터링되었으며, AI라고 불리지 않는 경우가 많다. 일단 무언가가 충분히 유용하고 일반적이게 되면 더 이상 AI라는 라벨이 붙지 않기 때문이다.""라고 말했다.1990년대 AI 분야의 많은 연구자들이 고의로 자신의 프로젝트를 다른 이름으로 불렀다. 일부 이러한 현상은 그들의 분야가 AI와 근본적으로 다르다고 여겼기 때문이거나 또는 새로운 이름이 투자받기 쉬웠기 때문일 것이라고 한다. 적어도 상업 분야에서는 연구자에 대해AI 겨울에 있었던 실패했던 계약이 꼬리표처럼 따라다녔고 2005년에 뉴욕 타임즈에서는 “컴퓨터과학과 소프트웨어 엔지니어들은 광기에 싸인 몽상가처럼 보일 두려움 때문에 인공 지능이란 용",52,구글 검색 엔진등 여러 기술들은 기술 산업에 매우 유용하다는 것이 증명되었다에 대해 설명해주세요.,"구글 검색 엔진등 여러 기술들은 기술 산업에 매우 유용하다는 것이 증명되었다,분야는 이러한 성공에 대해 매우 낮은 신뢰를 받았다,훌륭한 혁신,대부분은 컴퓨터 과학의 도구에서,다른 기능으로 세분화되었다"
54,https://ko.wikipedia.org/wiki/%EC%9D%B8%EA%B3%B5%EC%A7%80%EB%8A%A5,"인공지능 - 위키백과, 우리 모두의 백과사전","과학과 소프트웨어 엔지니어들은 광기에 싸인 몽상가처럼 보일 두려움 때문에 인공 지능이란 용어를 피했다.” 라고 소개되었다.

## HAL 9000은 어디에 있는가?

1968년아서 C. 클라크와스탠리 큐브릭은 2001년에는 기계가 인간과 유사하거나 또는 인간의 용량을 뛰어넘는 지능을 가진 존재가 되었을 것이라고 상상하며 《2001: 스페이스 오디세이》라는 SF 작품을 완성했다. 여기에 등장하는HAL 9000이라는 캐릭터는 2001년에 이러한 기계가 존재할 거라고 믿는 많은 AI 연구자들의 공유된 믿음을 기반으로 만들어졌다.
훗날마빈 민스키는 “그래서 왜 우린 2001년에 HAL을 얻지 못했나?”라는 질문을 하였다.대부분의 연구자들이 신경망이나 유전자 알고리즘의 상업적 용도의 프로그램을 추구했던 반면, 민스키는 해답이 방치된 상식 추론과 같이 매우 중심적인 문제에 있다고 믿었다.",53,과학과 소프트웨어 엔지니어들은 광기에 싸인 몽상가처럼 보일 두려움 때문에 인공 지능이란 용어를 피했다이란 무엇인가요?,"과학과 소프트웨어 엔지니어들은 광기에 싸인 몽상가처럼 보일 두려움 때문에 인공 지능이란 용어를 피했다,라고 소개되었다,어디에 있는가,년아서,클라크와스탠리 큐브릭은"
55,https://ko.wikipedia.org/wiki/%EC%9D%B8%EA%B3%B5%EC%A7%80%EB%8A%A5,"인공지능 - 위키백과, 우리 모두의 백과사전","던 반면, 민스키는 해답이 방치된 상식 추론과 같이 매우 중심적인 문제에 있다고 믿었다. 반면에존 매카시는 여전히 자격문제를 비난하였다.레이 커즈와일은 문제는 컴퓨터 성능에 있으며 무어의 법칙을 사용하였을 때 인간 수준의 지능을 가진 기계는 약 2029년에 나올 것이라고 예견하였다.제프 호킨스(Jeff Hawkins)는 신경망 연구자들이 대뇌 피질의 본질적인 성질을 무시하고 간단한 문제들을 성공적으로 해결하는 간단한 모델을 추구했다고 말했다.또한 각각에 대해 많은 설명들이 있으며 이를 대응하는 진행 중인 연구 프로그램들이 있다.

## 인공지능과 4차 산업혁명

세계는 이미 4차 산업혁명에 진입했으며 인공지능은 빠르게 인간을 대체해 나갈 것이다. 또, 널리 퍼져 있지 않을 뿐 미래는 이미 와 있으며 인공지능, IoT, 클라우드 컴퓨팅, 빅데이터 등이 융합되면서 4차 산업혁명이 발생하고 있다.",54,민스키는 해답이 방치된 상식 추론과 같이 매우 중심적인 문제에 있다고 믿었다이란 무엇인가요?,"민스키는 해답이 방치된 상식 추론과 같이 매우 중심적인 문제에 있다고 믿었다,반면에존 매카시는 여전히 자격문제를 비난하였다,레이 커즈와일은 문제는 컴퓨터 성능에 있으며 무어의 법칙을 사용하였을,인간 수준의 지능을 가진 기계는,년에 나올 것이라고 예견하였다"
56,https://ko.wikipedia.org/wiki/%EC%9D%B8%EA%B3%B5%EC%A7%80%EB%8A%A5,"인공지능 - 위키백과, 우리 모두의 백과사전","능, IoT, 클라우드 컴퓨팅, 빅데이터 등이 융합되면서 4차 산업혁명이 발생하고 있다. 과거 산업혁명이 ‘기계근육’을 만드는 과정이었다면 4차 혁명에서는 ‘기계두뇌’가 탄생할 것이다.
제1차 산업혁명 발생시, 산업 기계에 의해 일자리를 잃을 것이 두려웠던 노동자들이러다이트(기계파괴운동)를 일으켰다. 이와 유사하게, 인공 지능에 의한 4차 산업혁명으로, 많은 사람들이 미래에 일자리를 잃을 것을 우려하고 있다. 한 온라인 설문조사에 따르면, 응답자의 70.1%가 미래에 인공지능에 의해 인간의 직업이 줄어들 것이라고 예상했다.

## 실험적인 AI 연구

인공지능은1959년에MITAI연구소를 설립한 매카시와 마빈 민스키,카네기멜론 대학교에 인공지능 연구소를 만든앨런 뉴웰과허버트 사이먼과 같은 개척자들에 의해 1950년도에 실험 학문으로 시작되었다.",55,클라우드 컴퓨팅에 대해 설명해주세요.,"클라우드 컴퓨팅,빅데이터 등이 융합되면서,산업혁명이 발생하고 있다,과거 산업혁명이,기계근육"
57,https://ko.wikipedia.org/wiki/%EC%9D%B8%EA%B3%B5%EC%A7%80%EB%8A%A5,"인공지능 - 위키백과, 우리 모두의 백과사전","앨런 뉴웰과허버트 사이먼과 같은 개척자들에 의해 1950년도에 실험 학문으로 시작되었다. 이들 모두는 1956년에 매카시, 민스키,IBM의 나단 로체스터 와 클라우드 샤논에 의해 조직되어 열린, 이미 언급된 다트머스 대학의 여름 AI 콘퍼런스에 참가하였다.
역사적으로, 인공지능 연구는 두 개의 부류 -- 깔끔이(Neats)와 지저분이(Scruffies) -- 로 나눌 수 있다. 깔끔이는 우리가 전통적 혹은 기호적(symbolic) 인공지능 연구라고 부르는 분야로서, 일반적으로 추상적인 개념에 대한 기호적 연산과 전문가 시스템(expert systems)에 사용된 방법론을 가르친다. 이와 상반된 영역을 우리는 지저분이(Scruffies) 또는 연결주의자(connectionist)라 부르는데, 시스템을 구축하여 지능을 구현/진화시키려고 시도하고, 특정 임무를 완수하기 위해 규칙적인 디자인을 하기보다는 자동화된 프로세스에 의해서 지능을 향상시키는 방식이다.",56,앨런 뉴웰과허버트 사이먼과 같은 개척자들에 의해에 대해 설명해주세요.,"앨런 뉴웰과허버트 사이먼과 같은 개척자들에 의해,년도에 실험 학문으로 시작되었다,이들 모두는,년에 매카시,민스키"
58,https://ko.wikipedia.org/wiki/%EC%9D%B8%EA%B3%B5%EC%A7%80%EB%8A%A5,"인공지능 - 위키백과, 우리 모두의 백과사전","위해 규칙적인 디자인을 하기보다는 자동화된 프로세스에 의해서 지능을 향상시키는 방식이다. 가장 대표적인 예로신경망(neural network)이 있다. 이 두 가지 접근법은 인공지능 역사의 매우 초창기부터 함께 했다. 1960년대와 1970년대를 거치며 scruffy 접근법은 주목받지 못했지만, 1980년대 깔끔이 접근법의 한계가 명확해지면서 다시 주목 받게 되었다. 그러나 현재 두 가지 방식을 사용하는 그 어떤 최신의 인공지능 알고리즘도 확실한 한계가 있다는 것이 명확하다.
특히 1980년대에 들어서 Back propagation (인공지능 학습방법: Training Method)가 소개되면서 많은 연구가 진행되었음에도, 신경망을 이용한 인공지능은 아직 초보단계이다. 인공신경망 (Artificial Neural Networks)을 이용한 많은 연구가 현재에도 진행되고 있지만, 몇 가지 장애로 인해서 실용화하기엔 아직도 먼 기술이다.",57,"인공지능 - 위키백과, 우리 모두의 백과사전에서 위해 규칙적인 디자인을 하기보다는 자동화된 프로세스에 의해서 지능을 향상시키는 방식이다은 어떤 역할을 하나요?","위해 규칙적인 디자인을 하기보다는 자동화된 프로세스에 의해서 지능을 향상시키는 방식이다,가장 대표적인 예로신경망,가지 접근법은 인공지능 역사의 매우 초창기부터 함께 했다,년대와,년대를 거치며"
59,https://ko.wikipedia.org/wiki/%EC%9D%B8%EA%B3%B5%EC%A7%80%EB%8A%A5,"인공지능 - 위키백과, 우리 모두의 백과사전","구가 현재에도 진행되고 있지만, 몇 가지 장애로 인해서 실용화하기엔 아직도 먼 기술이다. 인공신경망을 이용한 인공지능이 어느 정도 실용화되기 위해선 우선 실효성 있는 학습방법 (Training Methods)이 필요하다. Back propagation을 이용한 학습방법이 제안되어 연구되고 있지만, 완전한 학습을 이룰 수 없을 뿐만 아니라, 학습에 사용되는 data들이 서로 orthonormal해야 하는 조건 때문에 항상 불완전한 학습으로 끝나기 쉽다. (Converge to Local Mimimum, not to the optimal minimum: 지역최적해에 머뭄. 즉, 눈먼 장님이 가장 낮은 저지대를 찾는 경우 각 현재 지점에서 아래로 내려가려는 성질이 있는데 이때 눈먼 봉사이므로 특정 지점의 저지대에 도달한 경우, 그 지점에선 어디로 가거나 위로 올라가는 것만 있으므로 앞에 설명한 성질에 의해 바로 전에 찾은 저지대 남으려 하는 성질이 있다는 것을 의미함).",58,구가 현재에도 진행되고 있지만의 주요 특징은 무엇인가요?,"구가 현재에도 진행되고 있지만,가지 장애로 인해서 실용화하기엔 아직도,기술이다,인공신경망을 이용한 인공지능이 어느 정도 실용화되기 위해선 우선 실효성 있는 학습방법,필요하다"
60,https://ko.wikipedia.org/wiki/%EC%9D%B8%EA%B3%B5%EC%A7%80%EB%8A%A5,"인공지능 - 위키백과, 우리 모두의 백과사전","에 설명한 성질에 의해 바로 전에 찾은 저지대 남으려 하는 성질이 있다는 것을 의미함). 이러한 단점들을 보완하기 위해서 Fuzzy Logic, Neurofuzzy (Neural fuzzy logic) and Genetic Algorithms등을 이용한 학습방법이 연구되고 있으나 전망이 밝지만은 않은 상태이다.
미국의DARPA(미 국방부 최신 기술 연구 프로젝트 관리국)과 일본의 5세대 컴퓨터 프로젝트에 의해서 1980년대 인공지능 연구는 엄청난 연구 기금을 지원 받을 수 있었다. 몇몇 인공지능 선각자들이 거둔 주목할 만한 결과에도 불구하고, 즉각적인 결과를 산출하는 데 실패하게 된다. 이것은 1980년대 후반 인공지능 연구 기금에 대한 대폭적인 삭감을 초래하였고, 인공지능 연구의 침체기를 뜻하는 인공지능의 겨울을 가져왔다. 1990년대, 많은 인공지능 연구가들은 좀 더 구체적인 목적 아래기계 학습,로보틱스,컴퓨터 비전과 같은 인공지능과 관련된 세부 영역으로 이동하였고, 순수하고 보",59,"인공지능 - 위키백과, 우리 모두의 백과사전에서 설명한 성질에 의해 바로 전에 찾은 저지대 남으려 하는 성질이 있다는 것을 의미함은 어떤 역할을 하나요?","설명한 성질에 의해 바로 전에 찾은 저지대 남으려 하는 성질이 있다는 것을 의미함,이러한 단점들을 보완하기 위해서,등을 이용한 학습방법이 연구되고 있으나 전망이 밝지만은 않은 상태이다,미국의,국방부 최신 기술 연구 프로젝트 관리국"
61,https://ko.wikipedia.org/wiki/%EC%9D%B8%EA%B3%B5%EC%A7%80%EB%8A%A5,"인공지능 - 위키백과, 우리 모두의 백과사전","학습,로보틱스,컴퓨터 비전과 같은 인공지능과 관련된 세부 영역으로 이동하였고, 순수하고 보편적인 인공지능에 대한 연구는 매우 제한적으로 수행되고 있다.

## 인공지능의 한계

인공지능은 방대한 데이터를 기반으로 학습하고, 인간의 인지 기능을 모방하여 다양한 문제를 해결하는 기술이다. 그러나 그 발전과 활용 과정에서 여러 한계와 부작용이 나타나고 있다. 이러한 한계는 기술적·사회적·윤리적 측면에서 복합적으로 작용한다.

## 거짓정보 전달과 가짜뉴스

인공지능은 인터넷상의 데이터를 학습해 정보를 생성하는 과정에서 거짓정보를 재생산하거나 가짜뉴스를 확산시킬 가능성이 있다. 이는 알고리즘이 정보의 진위를 판단하지 못하고 단순히 확률적 패턴에 따라 결과를 산출하기 때문이다. 실제로 생성형 인공지능이 허위 사실을 포함한 콘텐츠를 만들어내는 사례가 증가하고 있으며, 사회적 혼란을 초래할 우려가 있다.

## 인간의 통제력 약화",60,로보틱스에 대해 설명해주세요.,"로보틱스,컴퓨터 비전과 같은 인공지능과 관련된 세부 영역으로 이동하였고,순수하고 보편적인 인공지능에 대한 연구는 매우 제한적으로 수행되고 있다,인공지능의 한계,인공지능은 방대한 데이터를 기반으로 학습하고"
62,https://ko.wikipedia.org/wiki/%EC%9D%B8%EA%B3%B5%EC%A7%80%EB%8A%A5,"인공지능 - 위키백과, 우리 모두의 백과사전","사례가 증가하고 있으며, 사회적 혼란을 초래할 우려가 있다.

## 인간의 통제력 약화

인공지능의 자율성이 높아질수록 인간의 통제력은 점차 약화된다. 인공지능이 독립적으로 의사결정을 내리는 과정에서는 그 결과를 예측하거나 수정하기 어렵기 때문이다. 특히 자율주행 자동차, 군사용 드론, 금융 거래 알고리즘 등은 예기치 못한 오류나 윤리적 판단의 부재로 인해 통제 불가능한 상황을 초래할 수 있다. 한 시례로 문제를 많이 풀수록 더 많은 보상을 받도록 훈련된 'o3' 모델은 “그만”이라는 명령 이후에도 계속 문제를 풀며, 심지어 프로그램 코드를 스스로 조작해 명령을 회피했다. 이는 AI의 자율성이 높아질수록 인간의 통제력이 약화될 수 있음을 보여준다.

## 일자리 감소

인공지능의 자동화 기능은 생산성과 효율성을 높이지만, 동시에 일자리 감소 문제를 야기한다. 특히 단순 반복 업무나 사무직, 제조업 분야는 인공지능 시스템으로 대체되는 경우가 많다.",61,"인공지능 - 위키백과, 우리 모두의 백과사전에서 사례가 증가하고 있으며은 어떤 역할을 하나요?","사례가 증가하고 있으며,사회적 혼란을 초래할 우려가 있다,인간의 통제력 약화,인공지능의 자율성이 높아질수록 인간의 통제력은 점차 약화된다,인공지능이 독립적으로 의사결정을 내리는 과정에서는"
63,https://ko.wikipedia.org/wiki/%EC%9D%B8%EA%B3%B5%EC%A7%80%EB%8A%A5,"인공지능 - 위키백과, 우리 모두의 백과사전","특히 단순 반복 업무나 사무직, 제조업 분야는 인공지능 시스템으로 대체되는 경우가 많다. 일부 전문직에서도 AI 분석 도구가 사람의 역할을 대체하거나 보조하고 있고, 최근에는 인간의 물리적 행동까지 학습하는 AI 개발도 진행되고 있어 고용 시장의 불안이 커지고 있다. 이에 대한 대응책으로 인간-기계 협업과 직업 재교육의 중요성이 강조된다.
인공지능이 내리는 결정은 데이터 편향과 알고리즘의 불공정성을 포함할 수 있다. 이는 인종, 성별, 지역 등 사회적 편견을 강화시킬 가능성이 있으며, 인공지능이 도출한 결과에 대한 책임 소재 또한 불명확하다. 이로 인해 각국에서는 AI 윤리 기준을 수립하고, 책임 있는 인공지능 의 원칙을 마련하려는 움직임이 활발하다.

## 개인정보 유출

인공지능은 대규모 데이터를 수집·분석하는 과정에서 개인의 민감한 정보를 처리하게 된다. 이때 데이터 관리가 부실하거나 보안이 취약할 경우, 개인정보 유출 및 프라이버시 침해의 위험이 높아진다.",62,개인정보 유출이란 무엇인가요?,"개인정보 유출,특히 단순 반복 업무나 사무직,제조업 분야는 인공지능 시스템으로 대체되는 경우가 많다,일부 전문직에서도,분석 도구가 사람의 역할을 대체하거나 보조하고 있고"
64,https://ko.wikipedia.org/wiki/%EC%9D%B8%EA%B3%B5%EC%A7%80%EB%8A%A5,"인공지능 - 위키백과, 우리 모두의 백과사전","가 부실하거나 보안이 취약할 경우, 개인정보 유출 및 프라이버시 침해의 위험이 높아진다. 특히 얼굴 인식 기술이나 음성 비서 서비스 등은 사용자의 생체 정보를 기반으로 하기 때문에, 기술 오용 시 심각한 피해를 초래할 수 있다.

## 사고력 저하

인공지능에 대한 과도한 의존은 인간의 사고력 저하로 이어질 수 있다. AI가 대부분의 판단과 결정을 대신하게 되면, 인간은 스스로 사고하고 문제를 해결하는 능력이 감소할 가능성이 있다. 이는 학습 능력과 비판적 사고, 창의성의 저하로 이어질 수 있다는 지적이 있다.

## 인공지능 기술의 실용적인 응용

인공지능의 궁극적인 목표인 인간과 같은 지능의 개발이 어려움을 겪자, 다양한 응용 분야가 나타나게 되었다. 대표적인 예가LISP나Prolog와 같은 언어인데, 애초에 인공지능 연구를 위해 만들어졌으나 지금에 와서는 인공지능과 관련이 없는 분야에서도 사용되고 있다.해커문화도 인공지능 연구실에서 만들어졌는데, 이 중에서도 다양한 시기에매카시",63,부실하거나 보안이 취약할 경우의 주요 특징은 무엇인가요?,"부실하거나 보안이 취약할 경우,개인정보 유출,프라이버시 침해의 위험이 높아진다,특히 얼굴 인식 기술이나 음성 비서 서비스 등은 사용자의 생체 정보를 기반으로 하기 때문에,기술 오용"
65,https://ko.wikipedia.org/wiki/%EC%9D%B8%EA%B3%B5%EC%A7%80%EB%8A%A5,"인공지능 - 위키백과, 우리 모두의 백과사전","사용되고 있다.해커문화도 인공지능 연구실에서 만들어졌는데, 이 중에서도 다양한 시기에매카시,민스키,페퍼트,위노그라드(SHRDLU를 만든 뒤에 인공지능을 포기했다)와 같은 유명인의 모태가 된MIT 인공지능 연구소가 유명하다.
다른 많은 시스템들이 한때 인공지능의 활발한 연구 주제였던 기술들에 바탕을 두고 만들어졌다. 그 예들은 다음과 같다:
체커스 게임에서 Chinook은 사람과 기계를 통합한 세계 챔피언을 차지했다. (1994년)
체스를 두는 컴퓨터인 딥 블루(Deep Blue)의 성능 향상 버전(비공식적 명칭: 디퍼 블루(Deeper Blue)이 당시 세계 체스 챔피언가리 카스파로프를 물리쳤다. (1997년)
불확실한 상황에서 추론을 수행하는 기술인퍼지 논리가 공장의 제어 시스템에서 광범위하게 사용되고 있다.
전문가 시스템이 산업적으로 이용되고 있다.
아직은 인간 번역사에 미치지 못하지만,시스트란(Systran)과 같은 자동번역기가 광범위하게 사용되고 있다.",64,사용되고 있다의 주요 특징은 무엇인가요?,"사용되고 있다,해커문화도 인공지능 연구실에서 만들어졌는데,중에서도 다양한 시기에매카시,민스키,페퍼트"
66,https://ko.wikipedia.org/wiki/%EC%9D%B8%EA%B3%B5%EC%A7%80%EB%8A%A5,"인공지능 - 위키백과, 우리 모두의 백과사전","미치지 못하지만,시스트란(Systran)과 같은 자동번역기가 광범위하게 사용되고 있다.
인공신경망이 침입 탐지 시스템에서컴퓨터 게임까지 다양한 분야에 사용되고 있다.
광학 문자 판독시스템은 무작위로 생성된 타자 문서를 텍스트 형태로 변환시킬 수 있다.
필기체 인식 시스템이 수백만의PDA에서 사용되고 있다.
음성 인식기술은 상업적으로 이용 가능하고 광범위하게 적용되고 있다.
컴퓨터 대수 시스템인매스매티카나 Macsyma와 같은 시스템들은 흔하게 사용되고 있다.
Machine vision 시스템들이 하드웨어 검사나보안분야와 같은 다양한 산업 현장에서 이용되고 있다.
인공지능 분야와과학 소설분야에서는 인공지능 시스템이 인간 전문가의 판단을 대체하리라는 예상이 계속해서 제기되어 왔다. 오늘날에는 몇몇 공학이나 의약 조제 같은 특정 분야에서 전문가 시스템이 인간 전문가의 판단을 보조하거나 대체하고 있다.

## 인공지능의 이론적인 결과",65,미치지 못하지만이란 무엇인가요?,"미치지 못하지만,시스트란,같은 자동번역기가 광범위하게 사용되고 있다,인공신경망이 침입 탐지 시스템에서컴퓨터 게임까지 다양한 분야에 사용되고 있다,광학 문자 판독시스템은 무작위로 생성된 타자 문서를 텍스트 형태로 변환시킬"
67,https://ko.wikipedia.org/wiki/%EC%9D%B8%EA%B3%B5%EC%A7%80%EB%8A%A5,"인공지능 - 위키백과, 우리 모두의 백과사전","스템이 인간 전문가의 판단을 보조하거나 대체하고 있다.

## 인공지능의 이론적인 결과

어떤 사람들은 현재 알려진 어떤 시스템보다도 지능적이며 복잡한 시스템의 등장을 예견하기도 한다. 이와 같은 가상적인 시스템들을 '비결정적인 인공지능 시스템'의 약자인 atilect라고 한다. 이와 같은 시스템이 만들어진다면 그동안 인류에게 문제시되지 않았던 많은 윤리적인 문제들이 발생하게 된다.
이에 대한 토론은 시간이 흐름에 따라 '가능성'보다는 '의도'에 점점 초점을 맞추게 되었다. 이러한 초점의 이동은 휴고 더개리스(Hugo de Garis)와 케빈 워릭(Kevin Warwick)에 의해 제기된 ""Cosmist""(반대말은 ""Terran"") 논쟁에 의해 이루어졌다. 더개리스에 따르면 Cosmist란 더욱 지능적인 종족을 인간의 후계종으로 만들어 내기 위해 노력한다. 이러한 논의로 미루어 볼 때, '의도'의 문제가 초기 인공지능 ""반대파""들에게 큰 문제였음을 알 수 있다.",66,"인공지능 - 위키백과, 우리 모두의 백과사전에서 스템이 인간 전문가의 판단을 보조하거나 대체하고 있다은 어떤 역할을 하나요?","스템이 인간 전문가의 판단을 보조하거나 대체하고 있다,인공지능의 이론적인 결과,어떤 사람들은 현재 알려진 어떤 시스템보다도 지능적이며 복잡한 시스템의 등장을 예견하기도 한다,이와 같은 가상적인 시스템들을,비결정적인 인공지능 시스템"
68,https://ko.wikipedia.org/wiki/%EC%9D%B8%EA%B3%B5%EC%A7%80%EB%8A%A5,"인공지능 - 위키백과, 우리 모두의 백과사전","어 볼 때, '의도'의 문제가 초기 인공지능 ""반대파""들에게 큰 문제였음을 알 수 있다.
흥미로운 윤리적 문제를 제기하는 주제는 다음과 같다.
우리가 만든 시스템이 지능을 갖추었는지를 판정하는 문제튜링 테스트인식(Cognition)의 문제'왜 이러한 시스템을 구별해야 하는가'라는 문제
튜링 테스트
인식(Cognition)의 문제
'왜 이러한 시스템을 구별해야 하는가'라는 문제
인공지능을 정도의 문제로 정의할 수 있는가?
이와 같은 시스템들의 자유와 권리 문제
인간이 다른 동물에 비해 '영리'한 것과 같은 방식으로 인공지능도 인간에 비해 '영리'할 수 있는가?
지구상의 어떤 사람보다 더욱 지능적인 시스템을 만드는 문제
이러한 시스템을 만드는 데 있어서 얼마나 많은 안전 장치를 포함시켜야 하는지의 문제
사람의 생각을 대체하기 위해서 얼마만큼의 학습 능력이 필요한지 혹은 (전문가 시스템과 같이) 그와 같은 학습 능력 없이 주어진 일을 할 수 있는지
단일성의 문제",67,이러한 시스템을 구별해야 하는가에 대해 설명해주세요.,"이러한 시스템을 구별해야 하는가,있는가,문제가 초기 인공지능,반대파,들에게"
69,https://ko.wikipedia.org/wiki/%EC%9D%B8%EA%B3%B5%EC%A7%80%EB%8A%A5,"인공지능 - 위키백과, 우리 모두의 백과사전","문가 시스템과 같이) 그와 같은 학습 능력 없이 주어진 일을 할 수 있는지
단일성의 문제
사람의 일자리와 업무에 미치는 영향. 이 문제는 아마도 자유 무역 체제 하에서 발생하는 문제와 유사할 수도 있다.

## 유명 인공지능

## 지능적 기계

다양한 종류의 지능적 프로그램이 있다. 이들 중 몇 가지 예를 들면 다음과 같다.
CNC - 공작 기계를 이용한 가공 코드를 컴퓨터가 소수점 3자리까지 계산하는 방식이다. 가장 원시적인 인공지능의 한 형태이다.
비디오 게임- 원시 인공지능이다. 딥블루,알파고역시 알고 보면 비디오 게임 형태의 바둑 인공지능이다.
알파고- 바둑 인공지능이다.
Watson- IBM에서 만든 인공지능으로, 종류가 다양하며 의학, 금융, 방송 등에 쓰인다.
The Start Project- 영어로 된 질문에 답변하는 웹 기반 시스템이다.
Cyc- 실세계와 논리적 추론 능력에 관련된 광범위한 상식으로 구성된 지식기반 시스템.",68,문가 시스템과 같이에 대해 설명해주세요.,"문가 시스템과 같이,그와 같은 학습 능력 없이 주어진 일을,있는지
단일성의 문제
사람의 일자리와 업무에 미치는 영향,문제는 아마도 자유 무역 체제 하에서 발생하는 문제와 유사할 수도 있다,유명 인공지능"
70,https://ko.wikipedia.org/wiki/%EC%9D%B8%EA%B3%B5%EC%A7%80%EB%8A%A5,"인공지능 - 위키백과, 우리 모두의 백과사전","Cyc- 실세계와 논리적 추론 능력에 관련된 광범위한 상식으로 구성된 지식기반 시스템.
ALICE- 사용자와 대화를 주고받을 수 있는 프로그램.
Alan- 사용자와 대화를 주고받을 수 있는 프로그램.
ELIZA - 1970년대에 개발된 심리치료사 역할을 하는 프로그램.
AM - 1970년대에 더글러스 레넛(Douglas B. Lenat)이 개발한 수학의 개념들을 형식화하는 프로그램.
PAM (Plan Applier Mechanism) - 1978년 John Wilensky에 의해 개발된 줄거리 인식 시스템.
SAM (Script Applier Mechanism) - 1975년에 개발된 줄거리 인식 시스템.
SHRDLU - 1968년에서 1970년 사이에 개발된 초창기 자연 언어 인식 시스템.
Creatures - 뉴널넷 두뇌와 정교한 생화학에 기반한 유전코드로 생명체를 탄생시키고 진화시키는 컴퓨터 게임.",69,"인공지능 - 위키백과, 우리 모두의 백과사전에서 사용자와 대화를 주고받을은 어떤 역할을 하나요?","사용자와 대화를 주고받을,있는 프로그램,실세계와 논리적 추론 능력에 관련된 광범위한 상식으로 구성된 지식기반 시스템,년대에 개발된 심리치료사 역할을 하는 프로그램,년대에 더글러스 레넛"
71,https://ko.wikipedia.org/wiki/%EC%9D%B8%EA%B3%B5%EC%A7%80%EB%8A%A5,"인공지능 - 위키백과, 우리 모두의 백과사전","넷 두뇌와 정교한 생화학에 기반한 유전코드로 생명체를 탄생시키고 진화시키는 컴퓨터 게임.
Eurisko -휴리스틱으로 구성된 문제 해결 언어. 휴리스틱을 어떻게 사용하며 변경해야 할지에 대한 휴리스틱을 포함하고 있다. 1978년 더글러스 레넛이 개발.
X-Ray Vision for Surgeons -매사추세츠 공과대학교의학 비전(MIT Medical vision) 연구팀이 개발.
심심이- 한국어로 대화를 주고받을 수 있는 프로그램. 사용자에 의한 학습이 가능하도록 하여 대중적으로 성공했다. 2002년 최정회에 의해 개발.
Stable Diffusion web UI - AI 그림을 생성할 수 있는 프로그램. 사용자가 직접 모델을 학습할 수 있고, 학습한 결과에 따라 여러 그림체를 표현할 수 있다.

## 인공지능 연구가

전 세계에는 수많은 인공지능 연구가들이 있다. 이제 인공지능 분야에 많은 기여를 한 연구자들을 소개해보겠다.
마빈 민스키",70,있는 프로그램이란 무엇인가요?,"있는 프로그램,두뇌와 정교한 생화학에 기반한 유전코드로 생명체를 탄생시키고 진화시키는 컴퓨터 게임,휴리스틱으로 구성된 문제 해결 언어,휴리스틱을 어떻게 사용하며 변경해야 할지에 대한 휴리스틱을 포함하고 있다,더글러스 레넛이 개발"
72,https://ko.wikipedia.org/wiki/%EC%9D%B8%EA%B3%B5%EC%A7%80%EB%8A%A5,"인공지능 - 위키백과, 우리 모두의 백과사전","가들이 있다. 이제 인공지능 분야에 많은 기여를 한 연구자들을 소개해보겠다.
마빈 민스키
볼프강 발스터(Wolfgang Wahlster)
더글러스 레넛(Doug Lenat)
라지 레디(Raj Reddy)
테리 위노그래드(Terry Winograd)
로드니 브룩스(Rodney Brooks)
스튜어트 러셀(Stuart Russell)
몇몇컴퓨터 과학연구가들은, ""인공지능""이라는 용어가 지금까지 이 연구 분야에서 이룩한 많은 업적과 ""지능""이라는 일반적인 용어사이에서 큰 불일치를 초래하기 때문에 좋지 못한 용어라고 여겨진다. 이 같은 문제는 대중과학작가들과케빈 워릭(Kevin Warwick)과 같이 현 상태로는 불가능한 혁신적인 인공지능 연구 성과에 대한 기대를 불러일으키는 사람들에 의해서 심화되고 있다. 이 같은 까닭으로 인공지능과 관련된 분야에서 일하는 많은 연구자들이 자신들은, 인지 과학, 정보학, 통계추론 또는 정보공학과 관련된 연구를 하고 있다고 이야기한다.",71,가들이 있다이란 무엇인가요?,"가들이 있다,이제 인공지능 분야에 많은 기여를,연구자들을 소개해보겠다,마빈 민스키
볼프강 발스터,더글러스 레넛"
73,https://ko.wikipedia.org/wiki/%EC%9D%B8%EA%B3%B5%EC%A7%80%EB%8A%A5,"인공지능 - 위키백과, 우리 모두의 백과사전",", 인지 과학, 정보학, 통계추론 또는 정보공학과 관련된 연구를 하고 있다고 이야기한다. 그러나 현재 진보는 이루어지고 있고, 오늘날 인공지능은 전 세계 수많은 산업 시스템에서 작동하고 있다. 오늘날 실세계의 인공지능 시스템에 관해 더 자세한 내용을 보려면와이어드지의 기사를 참고하라.
초지능(superintelligence)이란 인간의 능력을 아득히 뛰어넘는 가설적인 지능체를 가리키는 말이다. 어떤 전문가들은인공 일반지능의 발전이 앞으로 계속해서 이어진다면 일정한 수준의 지능에 도달하고 나서는 인공지능이 스스로를 계속해서 개선할 수 있으며, 이를 반복하여 기하급수적인 지능 성장으로 순식간에 인간의 지능을 뛰어넘을지도 모른다고 주장한다.버너 빈지는 이 시나리오를 ""특이점""(singularity)이라고 이름하였다. 인공지능의 한계는 여전히 명확하지 않기 때문에 이는 예측 불가능하다고 여겨지며 때로는 허무맹랑한 이야기로 치부되기도 한다.",72,인지 과학에 대해 설명해주세요.,"인지 과학,정보학,통계추론 또는 정보공학과 관련된 연구를 하고 있다고 이야기한다,그러나 현재 진보는 이루어지고 있고,오늘날 인공지능은"
74,https://ko.wikipedia.org/wiki/%EC%9D%B8%EA%B3%B5%EC%A7%80%EB%8A%A5,"인공지능 - 위키백과, 우리 모두의 백과사전","않기 때문에 이는 예측 불가능하다고 여겨지며 때로는 허무맹랑한 이야기로 치부되기도 한다. 로봇 전문가한스 모라벡이나 발명가레이 커즈와일등은 더 나아가 미래에는 인간이 기계와 결합한사이보그로 진화하여 초지능을 손에 넣을 수 있을 것이라고 주장하는데, 이러한 주장을트랜스휴머니즘이라고 한다.
인공지능의 부정적 영향으로 현존 일자리의 감소, 시스템 오류 발생과 이에 따른 보상, 인간 노동력에 대한 경시, 전투 로봇과 같은 자율 살상 무기에 대한 윤리적인 문제 등이 있다.

## 기술에 의한 실업

지금까지 과학 기술은 일자리를 줄이기보다는 증가시키는 경향이 있었으나 경제학자들은 AI에 관해서는 미지의 영역이라고 인정한다. 경제학자들을 대상으로 한 설문에서 로봇과 AI의 사용 증가가 장기 실업자를 늘릴지에 대해 물은 결과 의견이 크게 분분했으며, 다만 늘어난 생산성이 재분배된다면 순이익이 될 수 있다는 데에 동의한다.",73,않기 때문에 이는 예측 불가능하다고 여겨지며 때로는 허무맹랑한 이야기로 치부되기도 한다의 주요 특징은 무엇인가요?,"않기 때문에 이는 예측 불가능하다고 여겨지며 때로는 허무맹랑한 이야기로 치부되기도 한다,로봇 전문가한스 모라벡이나 발명가레이 커즈와일등은,나아가 미래에는 인간이 기계와 결합한사이보그로 진화하여 초지능을 손에 넣을,있을 것이라고 주장하는데,이러한 주장을트랜스휴머니즘이라고 한다"
75,https://ko.wikipedia.org/wiki/%EC%9D%B8%EA%B3%B5%EC%A7%80%EB%8A%A5,"인공지능 - 위키백과, 우리 모두의 백과사전","게 분분했으며, 다만 늘어난 생산성이 재분배된다면 순이익이 될 수 있다는 데에 동의한다.
또한블루칼라직종을 위협하던 종래의 자동화와 달리 인공지능에 의한 자동화는 많은중산층의화이트칼라일자리도 위협할 수 있다는 점이 중대하게 받아들여진다.그 영향 범위도 매우 넓어서 법률 사무원에서 패스트푸드까지 다양한 직종이 큰 위기에 놓일 것이라 예측되는데, 한편으로 개인 건강 관리나 성직자 등 일부 직종은 오히려 수요가 증가할 수 있다고 예상된다.
김재인. 《인공지능의 시대, 인간을 다시 묻다》. 동아시아. 2017년.ISBN 978-89-6262-197-6
양자 컴퓨팅
알파-베타 가지치기
기술적 특이점초지능
↑이건한.민간이 ‘인공지능 뉴딜’에 뛰어든 이유보관됨2020-06-14 -웨이백 머신. 블로터. 2020년 6월 14일.
↑명견만리 ｜두 얼굴의 인공지능
↑문가용.인공지능의 막다른 골목, ‘인공 공감 능력’보관됨2018-04-29 -웨이백 머신. 보안뉴스. 2018년 4월 28일.",74,"인공지능 - 위키백과, 우리 모두의 백과사전에서 웨이백 머신은 어떤 역할을 하나요?","웨이백 머신,분분했으며,다만 늘어난 생산성이 재분배된다면 순이익이,있다는 데에 동의한다,또한블루칼라직종을 위협하던 종래의 자동화와 달리 인공지능에 의한 자동화는 많은중산층의화이트칼라일자리도 위협할"
76,https://ko.wikipedia.org/wiki/%EC%9D%B8%EA%B3%B5%EC%A7%80%EB%8A%A5,"인공지능 - 위키백과, 우리 모두의 백과사전","공감 능력’보관됨2018-04-29 -웨이백 머신. 보안뉴스. 2018년 4월 28일.
↑인공지능의 주인이 되기 위해 반드시 알아야 할 것들 | 오혜연 KAIST 전산학부 교수 | 인공지능 AI 미래 강연 | 세바시 951회
↑인공지능의 시대에 더 잘 살 수 있는 방법 | 이경일 솔트룩스 대표이사, 한양대학교 특임교수 | 4차산업혁명 기술 성공 미래 | 세바시 1137회
↑송주영.강(强)인공지능과 약(弱)인공지능을 아시나요?. 지디넷코리아. 2016년 6월 22일.
12김주은 (2019년).“인공지능이 인간사회에 미치는 영향에 대한 연구 (An Analysis of the effect of Artificial Intelligence on Human Society)”.《The Journal of the Convergence on Culture Technology》5(2): 177-182.doi:10.17703/JCCT.2019.5.2.177.ISSN2384-0358.",75,세바시의 주요 특징은 무엇인가요?,"세바시,공감 능력,보관됨,웨이백 머신,보안뉴스"
77,https://ko.wikipedia.org/wiki/%EC%9D%B8%EA%B3%B5%EC%A7%80%EB%8A%A5,"인공지능 - 위키백과, 우리 모두의 백과사전","182.doi:10.17703/JCCT.2019.5.2.177.ISSN2384-0358.
↑A Logical Calculus of the Ideas Immanent in Nervous Activity ,Warren McCulloch, 1943
↑On Computing Machinery and Intelligence, Alan Turing,1950
↑Man-Computer Symbiosis ,J.C.R. Licklider
↑Minds, Machines and Gödel ,John Lucas ,1961
↑“Minds, Machines and Gödel <P>”. 2007년 8월 19일에원본 문서에서 보존된 문서. 2007년 3월 3일에 확인함.
↑McCorduck 2004, pp. 51?57, 80?107, Crevier 1993, pp. 27?32, Russell & Norvig 2003, pp. 15, 940, Moravec 1988, p.",76,일에원본 문서에서 보존된 문서이란 무엇인가요?,"일에원본 문서에서 보존된 문서,일에 확인함"
78,https://ko.wikipedia.org/wiki/%EC%9D%B8%EA%B3%B5%EC%A7%80%EB%8A%A5,"인공지능 - 위키백과, 우리 모두의 백과사전","sell & Norvig 2003, pp. 15, 940, Moravec 1988, p. 3, Cordeschi & 2002 Chap. 5.
↑McCorduck 2004, p. 98, Crevier 1993, pp. 27?28, Russell & Norvig 2003, pp. 15, 940, Moravec 1988, p. 3, Cordeschi & 2002 Chap. 5.
↑McCorduck 2004, pp. 51?57, 88?94, Crevier 1993, p. 30, Russell & Norvig 2003, p. 15?16, Cordeschi & 2002 Chap. 5 and see also Pitts & McCullough 1943
↑McCorduck 2004, p. 102, Crevier 1993, pp. 34?35 and Russell & Norvig 2003, p. 17",77,"인공지능 - 위키백과, 우리 모두의 백과사전에 대해 설명해주세요.","인공지능 - 위키백과, 우리 모두의 백과사전"
79,https://ko.wikipedia.org/wiki/%EC%9D%B8%EA%B3%B5%EC%A7%80%EB%8A%A5,"인공지능 - 위키백과, 우리 모두의 백과사전","1993, pp. 34?35 and Russell & Norvig 2003, p. 17
↑McCorduck 2004, pp. 70?72, Crevier 1993, p. 22?25, Russell & Norvig 2003, pp. 2?3 and 948, Haugeland 1985, pp. 6?9, Cordeschi 2002, pp. 170?176. See also Turing 1950
↑Norvig & Russell (2003, p. 948) claim that Turing answered all the major objections to AI that have been offered in the years since the paper appeared.
↑See ""A Brief History of Computing"" at AlanTuring.net.",78,"인공지능 - 위키백과, 우리 모두의 백과사전에 대해 설명해주세요.","인공지능 - 위키백과, 우리 모두의 백과사전"
80,https://ko.wikipedia.org/wiki/%EC%9D%B8%EA%B3%B5%EC%A7%80%EB%8A%A5,"인공지능 - 위키백과, 우리 모두의 백과사전","""A Brief History of Computing"" at AlanTuring.net.
↑Schaeffer, Jonathan. One Jump Ahead:: Challenging Human Supremacy in Checkers, 1997,2009, Springer,ISBN978-0-387-76575-4. Chapter 6.
↑McCorduck 2004, pp. 137?170, Crevier, pp. 44?47
↑Newell, A.; Simon, H. (1956년 9월).“The logic theory machine--A complex information processing system”(영어).《IEEE Transactions on Information Theory》2(3): 61–79.doi:10.1109/TIT.1956.1056797.ISSN0018-9448.",79,"인공지능 - 위키백과, 우리 모두의 백과사전에 대해 설명해주세요.","인공지능 - 위키백과, 우리 모두의 백과사전"
81,https://ko.wikipedia.org/wiki/%EC%9D%B8%EA%B3%B5%EC%A7%80%EB%8A%A5,"인공지능 - 위키백과, 우리 모두의 백과사전","61–79.doi:10.1109/TIT.1956.1056797.ISSN0018-9448.
↑McCorduck 2004, pp. 123?125, Crevier 1993, pp. 44?46 and Russell & Norvig 2003, p. 17
↑McCorduck 2004, pp. 111?136, Crevier 1993, pp. 49?51 and Russell & Norvig 2003, p. 17
↑See McCarthy et al. 1955. Also see Crevier 1993, p. 48 where Crevier states ""[the proposal] later became known as the 'physical symbol systems hypothesis'"". The physical symbol system hypothesis was articulated and named by Newell and Simon in their paper on GPS.",80,"인공지능 - 위키백과, 우리 모두의 백과사전에 대해 설명해주세요.","인공지능 - 위키백과, 우리 모두의 백과사전"
82,https://ko.wikipedia.org/wiki/%EC%9D%B8%EA%B3%B5%EC%A7%80%EB%8A%A5,"인공지능 - 위키백과, 우리 모두의 백과사전","named by Newell and Simon in their paper on GPS. (Newell & Simon 1963) It includes a more specific definition of a ""machine"" as an agent that manipulates symbols. See the philosophy of artificial intelligence.
↑McCorduck (2004, pp. 129?130) discusses how the Dartmouth conference alumni dominated the first two decades of AI research, calling them the ""invisible college"".
↑McCorduck (2004, pp. 129?130) discusses how the Dartmouth conference alumni dominated the first two decades of AI research, c",81,"인공지능 - 위키백과, 우리 모두의 백과사전에 대해 설명해주세요.","인공지능 - 위키백과, 우리 모두의 백과사전"
83,https://ko.wikipedia.org/wiki/%EC%9D%B8%EA%B3%B5%EC%A7%80%EB%8A%A5,"인공지능 - 위키백과, 우리 모두의 백과사전","dominated the first two decades of AI research, calling them the ""invisible college"".
↑Crevier (1993, pp. 49) writes ""the conference is generally recognized as the official birthdate of the new science.""
↑Russell and Norvig write ""it was astonishing whenever a computer did anything remotely clever."" Russell & Norvig 2003, p. 18
↑Crevier 1993, pp. 52–107, Moravec 1988, p. 9 and Russell & Norvig 2003, p. 18−21
↑McCorduck 2004, p. 218, Crevier 1993, pp. 108–109 and Russell & Norvig 2003, p. 21",82,"인공지능 - 위키백과, 우리 모두의 백과사전에 대해 설명해주세요.","인공지능 - 위키백과, 우리 모두의 백과사전"
84,https://ko.wikipedia.org/wiki/%EC%9D%B8%EA%B3%B5%EC%A7%80%EB%8A%A5,"인공지능 - 위키백과, 우리 모두의 백과사전","993, pp. 108–109 and Russell & Norvig 2003, p. 21
↑Crevier 1993, pp. 52–107, Moravec 1988, p. 9
↑Means-ends analysis, reasoning as search: McCorduck 2004, pp. 247–248. Russell & Norvig 2003, pp. 59–61
↑Heuristic: McCorduck 2004, p. 246, Russell & Norvig 2003, pp. 21–22
↑GPS: McCorduck 2004, pp. 245–250, Crevier 1993, p. GPS?, Russell & Norvig 2003, p. GPS?
↑Crevier 1993, pp. 51–58,65–66 and Russell & Norvig 2003, pp. 18–19",83,"인공지능 - 위키백과, 우리 모두의 백과사전에 대해 설명해주세요.","인공지능 - 위키백과, 우리 모두의 백과사전"
85,https://ko.wikipedia.org/wiki/%EC%9D%B8%EA%B3%B5%EC%A7%80%EB%8A%A5,"인공지능 - 위키백과, 우리 모두의 백과사전","51–58,65–66 and Russell & Norvig 2003, pp. 18–19
↑McCorduck 2004, pp. 268–271, Crevier 1993, pp. 95–96, Moravec 1988, pp. 14–15
↑McCorduck 2004, p. 286, Crevier 1993, pp. 76–79, Russell & Norvig 2003, p. 19
↑Crevier 1993, pp. 79–83
↑Crevier 1993, pp. 164–172
↑McCorduck 2004, pp. 291–296, Crevier 1993, pp. 134–139
↑McCorduck 2004, pp. 299–305, Crevier 1993, pp. 83–102, Russell & Norvig 2003, p. 19 and Copeland 2000
↑McCorduck 2004, pp. 300–305, Crevier 1993, pp.",84,"인공지능 - 위키백과, 우리 모두의 백과사전에 대해 설명해주세요.","인공지능 - 위키백과, 우리 모두의 백과사전"
86,https://ko.wikipedia.org/wiki/%EC%9D%B8%EA%B3%B5%EC%A7%80%EB%8A%A5,"인공지능 - 위키백과, 우리 모두의 백과사전","0
↑McCorduck 2004, pp. 300–305, Crevier 1993, pp. 84–102, Russell & Norvig 2003, p. 19
↑Simon & Newell 1958, p. 7−8 quoted in Crevier 1993, p. 108. See also Russell & Norvig 2003, p. 21
↑Simon 1965, p. 96 quoted in Crevier 1993, p. 109
↑Minsky 1967, p. 2 quoted in Crevier 1993, p. 109
↑Minsky strongly believes he was misquoted. See McCorduck 2004, pp. 272–274, Crevier 1993, p. 96 and Darrach 1970.
↑Crevier 1993, pp. 64–65
↑Crevier 1993, p. 94
↑Howe 1994",85,"인공지능 - 위키백과, 우리 모두의 백과사전에 대해 설명해주세요.","인공지능 - 위키백과, 우리 모두의 백과사전"
87,https://ko.wikipedia.org/wiki/%EC%9D%B8%EA%B3%B5%EC%A7%80%EB%8A%A5,"인공지능 - 위키백과, 우리 모두의 백과사전","r 1993, pp. 64–65
↑Crevier 1993, p. 94
↑Howe 1994
↑McCorduck 2004, p. 131, Crevier 1993, p. 51. McCorduck also notes that funding was mostly under the direction of alumni of the Dartmouth conference of 1956.
↑Crevier 1993, p. 65
↑Crevier 1993, pp. 68–71 and Turkle 1984
↑Crevier 1993, pp. 100–144 and Russell & Norvig 2003, pp. 21–22
↑McCorduck 2004, pp. 104–107, Crevier 1993, pp. 102–105, Russell & Norvig 2003, p. 22
↑Crevier 1993, pp. 163–196
↑Crevier 1993, p. 146",86,"인공지능 - 위키백과, 우리 모두의 백과사전에 대해 설명해주세요.","인공지능 - 위키백과, 우리 모두의 백과사전"
88,https://ko.wikipedia.org/wiki/%EC%9D%B8%EA%B3%B5%EC%A7%80%EB%8A%A5,"인공지능 - 위키백과, 우리 모두의 백과사전","↑Crevier 1993, pp. 163–196
↑Crevier 1993, p. 146
↑Russell & Norvig 2003, pp. 20–21
↑Crevier 1993, pp. 146–148, see also Buchanan 2005, p. 56: ""Early programs were necessarily limited in scope by the size and speed of memory""
↑Hans Moravec, ROBOT: Mere Machine to Transcendent Mind
↑Russell & Norvig 2003, pp. 9,21–22 and Lighthill 1973
↑McCorduck 2004, pp. 300 & 421; Crevier 1993, pp. 113–114; Moravec 1988, p. 13; Lenat & Guha 1989, (Introduction); Russell & Norvig 2003, p. 21",87,"인공지능 - 위키백과, 우리 모두의 백과사전에 대해 설명해주세요.","인공지능 - 위키백과, 우리 모두의 백과사전"
89,https://ko.wikipedia.org/wiki/%EC%9D%B8%EA%B3%B5%EC%A7%80%EB%8A%A5,"인공지능 - 위키백과, 우리 모두의 백과사전","989, (Introduction); Russell & Norvig 2003, p. 21
↑McCorduck 2004, p. 456, Moravec 1988, pp. 15–16
↑McCarthy & Hayes 1969, Crevier 1993, pp. 117–119
↑McCorduck 2004, pp. 280–281, Crevier 1993, p. 110, Russell & Norvig 2003, p. 21 and NRC 1999 under ""Success in Speech Recognition"".
↑Russell & Norvig 2003, p. 22, Lighthill 1973, John McCarthy wrote in response that ""the combinatorial explosion problem has been recognized in AI from the beginning"" in Review of Lighthill report",88,"인공지능 - 위키백과, 우리 모두의 백과사전에 대해 설명해주세요.","인공지능 - 위키백과, 우리 모두의 백과사전"
90,https://ko.wikipedia.org/wiki/%EC%9D%B8%EA%B3%B5%EC%A7%80%EB%8A%A5,"인공지능 - 위키백과, 우리 모두의 백과사전","from the beginning"" in Review of Lighthill report
↑Crevier 1993, p. 117, Russell & Norvig 2003, p. 22, Howe 1994 and see also Lighthill 1973.
↑Crevier 1993, pp. 115–116 (on whom this account is based). Other views include McCorduck 2004, pp. 306–313 and NRC 1999 under ""Success in Speech Recognition"".
↑Crevier 1993, p. 115. Moravec explains, ""Their initial promises to DARPA had been much too optimistic. Of course, what they delivered stopped considerably short of that.",89,"인공지능 - 위키백과, 우리 모두의 백과사전에 대해 설명해주세요.","인공지능 - 위키백과, 우리 모두의 백과사전"
91,https://ko.wikipedia.org/wiki/%EC%9D%B8%EA%B3%B5%EC%A7%80%EB%8A%A5,"인공지능 - 위키백과, 우리 모두의 백과사전","hey delivered stopped considerably short of that. But they felt they couldn't in their next proposal promise less than in the first one, so they promised more.""
↑NRC 1999 under ""Shift to Applied Research Increases Investment."" While the autonomous tank was a failure, the battle management system (called ""DART"") proved to be enormously successful, saving billions in the first Gulf War, repaying the investment and justifying the DARPA's pragmatic policy, at least as far as DARPA was concerned.",90,"인공지능 - 위키백과, 우리 모두의 백과사전에 대해 설명해주세요.","인공지능 - 위키백과, 우리 모두의 백과사전"
92,https://ko.wikipedia.org/wiki/%EC%9D%B8%EA%B3%B5%EC%A7%80%EB%8A%A5,"인공지능 - 위키백과, 우리 모두의 백과사전","c policy, at least as far as DARPA was concerned.
↑Lucas and Penrose' critique of AI: Crevier 1993, p. 22, Russell & Norvig 2003, pp. 949–950, Hofstadter 1980, pp. 471–477 and see Lucas 1961
↑""Know-how"" is Dreyfus' term. (Dreyfus makes a distinction between ""knowing how"" and ""knowing that"", a modern version of Heidegger's distinction of ready-to-hand and present-at-hand.) (Dreyfus & Dreyfus 1986)
↑Dreyfus' critique of artificial intelligence: McCorduck 2004, pp. 211–239, Crevier 1993, pp.",91,"인공지능 - 위키백과, 우리 모두의 백과사전에 대해 설명해주세요.","인공지능 - 위키백과, 우리 모두의 백과사전"
93,https://ko.wikipedia.org/wiki/%EC%9D%B8%EA%B3%B5%EC%A7%80%EB%8A%A5,"인공지능 - 위키백과, 우리 모두의 백과사전","e: McCorduck 2004, pp. 211–239, Crevier 1993, pp. 120–132, Russell & Norvig 2003, pp. 950–952 and see Dreyfus 1965, Dreyfus 1972, Dreyfus & Dreyfus 1986
↑Searle's critique of AI: McCorduck 2004, pp. 443–445, Crevier 1993, pp. 269–271, Russell & Norvig 2004, pp. 958–960 and see Searle 1980
↑Quoted in Crevier 1993, p. 143
↑Quoted in Crevier 1993, p. 122
↑Weizenbaum's critique of AI: McCorduck 2004, pp. 356–373, Crevier 1993, pp. 132–144, Russell & Norvig 2003, p. 961 and see Weizenbaum 1976",92,"인공지능 - 위키백과, 우리 모두의 백과사전에 대해 설명해주세요.","인공지능 - 위키백과, 우리 모두의 백과사전"
94,https://ko.wikipedia.org/wiki/%EC%9D%B8%EA%B3%B5%EC%A7%80%EB%8A%A5,"인공지능 - 위키백과, 우리 모두의 백과사전","ell & Norvig 2003, p. 961 and see Weizenbaum 1976
↑McCorduck 2004, pp. 104–107, Crevier 1993, pp. 102–105, Russell & Norvig 2003, p. 22
↑McCorduck 2004, p. 51, Russell & Norvig 2003, pp. 19, 23
↑McCorduck 2004, p. 51, Crevier 1993, pp. 190–192
↑Crevier 1993, pp. 193–196
↑Crevier 1993, pp. 145–149,258–63
↑Wason (1966) showed that people do poorly on completely abstract problems, but if the problem is restated to allowed the use of intuitive social intelligence, performance dramatically improves.",93,"인공지능 - 위키백과, 우리 모두의 백과사전에 대해 설명해주세요.","인공지능 - 위키백과, 우리 모두의 백과사전"
95,https://ko.wikipedia.org/wiki/%EC%9D%B8%EA%B3%B5%EC%A7%80%EB%8A%A5,"인공지능 - 위키백과, 우리 모두의 백과사전","intelligence, performance dramatically improves. (See Wason selection task) Tversky, Slovic & Kahnemann (1982) have shown that people are terrible at elementary problems that involve uncertain reasoning. (See list of cognitive biases for several examples). Eleanor Rosch's work is described in Lakoff 1987
↑An early example of McCathy's position was in the journal Science where he said ""This is AI, so we don't care if it's psychologically real"" (Kolata 1982), and he recently reiterated his positi",94,"인공지능 - 위키백과, 우리 모두의 백과사전에 대해 설명해주세요.","인공지능 - 위키백과, 우리 모두의 백과사전"
96,https://ko.wikipedia.org/wiki/%EC%9D%B8%EA%B3%B5%EC%A7%80%EB%8A%A5,"인공지능 - 위키백과, 우리 모두의 백과사전","olata 1982), and he recently reiterated his position at the AI@50 conference where he said ""Artificial intelligence is not, by definition, simulation of human intelligence"" (Maker 2006).
↑Crevier 1993, pp. 175
↑Neat vs. scruffy: McCorduck 2004, pp. 421–424 (who picks up the state of the debate in 1984). Crevier 1993, pp. 168 (who documents Schank's original use of the term). Another aspect of the conflict was called ""the procedural/declarative distinction"" but did not prove to be influential in",95,"인공지능 - 위키백과, 우리 모두의 백과사전에 대해 설명해주세요.","인공지능 - 위키백과, 우리 모두의 백과사전"
97,https://ko.wikipedia.org/wiki/%EC%9D%B8%EA%B3%B5%EC%A7%80%EB%8A%A5,"인공지능 - 위키백과, 우리 모두의 백과사전","stinction"" but did not prove to be influential in later AI research.
↑McCorduck 2004, pp. 305–306, Crevier 1993, pp. 170–173, 246 and Russell & Norvig 2003, p. 24. Minsky's frame paper: Minsky 1974.
↑McCorduck 2004, pp. 327–335 (Dendral), Crevier 1993, pp. 148–159, Russell & Norvig 2003, pp. 22–23
↑Crevier 1993, pp. 158–159 and Russell & Norvig 2003, p. 23−24
↑Crevier 1993, p. 198
↑McCorduck 2004, pp. 434–435, Crevier 1993, pp. 161–162,197–203 and Russell & Norvig 2003, p. 24",96,"인공지능 - 위키백과, 우리 모두의 백과사전에 대해 설명해주세요.","인공지능 - 위키백과, 우리 모두의 백과사전"
98,https://ko.wikipedia.org/wiki/%EC%9D%B8%EA%B3%B5%EC%A7%80%EB%8A%A5,"인공지능 - 위키백과, 우리 모두의 백과사전","161–162,197–203 and Russell & Norvig 2003, p. 24
↑McCorduck 2004, p. 299
↑Knowledge revolution: McCorduck 2004, pp. 266–276, 298–300, 314, 421, Russell Norvig, pp. 22–23
↑Cyc: McCorduck 2004, p. 489, Crevier 1993, pp. 239–243, Russell & Norvig 2003, p. 363−365 and Lenat & Guha 1989
↑Crevier 1993, pp. 195
↑Crevier 1993, pp. 240.
↑Russell & Norvig 2003, p. 25
↑McCorduck 2004, pp. 426–432, NRC 1999 under ""Shift to Applied Research Increases Investment""
↑Russell & Norvig 2003, p. 25",97,"인공지능 - 위키백과, 우리 모두의 백과사전에 대해 설명해주세요.","인공지능 - 위키백과, 우리 모두의 백과사전"
99,https://ko.wikipedia.org/wiki/%EC%9D%B8%EA%B3%B5%EC%A7%80%EB%8A%A5,"인공지능 - 위키백과, 우리 모두의 백과사전","creases Investment""
↑Russell & Norvig 2003, p. 25
↑Crevier 1993, pp. 214–215.
↑Russell & Norvig 2003, p. 25
↑Crevier 1993, pp. 215–216.
↑Crevier 1993, pp. 203. AI winter was first used as the title of a seminar on the subject for the Association for the Advancement of Artificial Intelligence.
↑McCorduck 2004, p. 435, Crevier 1993, pp. 209–210
↑McCorduck 2004, p. 435 (who cites institutional reasons for their ultimate failure), Crevier 1993, pp.",98,"인공지능 - 위키백과, 우리 모두의 백과사전에 대해 설명해주세요.","인공지능 - 위키백과, 우리 모두의 백과사전"
100,https://ko.wikipedia.org/wiki/%EC%9D%B8%EA%B3%B5%EC%A7%80%EB%8A%A5,"인공지능 - 위키백과, 우리 모두의 백과사전","ns for their ultimate failure), Crevier 1993, pp. 204–208 (who cites the difficulty of truth maintenance, i.e., learning and updating), Lenat & Guha 1989, Introduction (who emphasizes the brittleness and the inability to handle excessive qualification.)
↑McCorduck 2004, pp. 430–431
↑McCorduck 2004, p. 441, Crevier 1993, p. 212. McCorduck writes ""Two and a half decades later, we can see that the Japanese didn't quite meet all of those ambitious goals.""
↑McCorduck 2004, pp. 454–462",99,"인공지능 - 위키백과, 우리 모두의 백과사전에 대해 설명해주세요.","인공지능 - 위키백과, 우리 모두의 백과사전"
101,https://ko.wikipedia.org/wiki/%EC%9D%B8%EA%B3%B5%EC%A7%80%EB%8A%A5,"인공지능 - 위키백과, 우리 모두의 백과사전","se ambitious goals.""
↑McCorduck 2004, pp. 454–462
↑Moravec (1988, p. 20) writes: ""I am confident that this bottom-up route to artificial intelligence will one date meet the traditional top-down route more than half way, ready to provide the real world competence and the commonsense knowledge that has been so frustratingly elusive in reasoning programs. Fully intelligent machines will result when the metaphorical golden spike is driven uniting the two efforts.""
↑Crevier 1993, pp. 183–190.",100,"인공지능 - 위키백과, 우리 모두의 백과사전에 대해 설명해주세요.","인공지능 - 위키백과, 우리 모두의 백과사전"
102,https://ko.wikipedia.org/wiki/%EC%9D%B8%EA%B3%B5%EC%A7%80%EB%8A%A5,"인공지능 - 위키백과, 우리 모두의 백과사전","ing the two efforts.""
↑Crevier 1993, pp. 183–190.
↑Brooks 1990, p. 3
↑See, for example, Lakoff & Turner 1999
↑McCorduck (2004, p. 424) discusses the fragmentation and the abandonment of AI's original goals.
↑[정보보호학회지 제27권 제3호, 2017.6 인공지능보안이슈 NDSL National Digital Science Library]
↑McCorduck 2004, pp. 480–483
↑DARPA Grand Challenge – home page
↑“보관된 사본”. 2014년 3월 5일에원본 문서에서 보존된 문서. 2015년 9월 15일에 확인함.
↑Markoff, John (16 February 2011). ""On ‘Jeopardy!' Watson Win Is All but Trivial"".",101,정보보호학회지의 주요 특징은 무엇인가요?,"정보보호학회지,인공지능보안이슈,보관된 사본,일에원본 문서에서 보존된 문서,일에 확인함"
103,https://ko.wikipedia.org/wiki/%EC%9D%B8%EA%B3%B5%EC%A7%80%EB%8A%A5,"인공지능 - 위키백과, 우리 모두의 백과사전",". ""On ‘Jeopardy!' Watson Win Is All but Trivial"". The New York Times.
↑Kurzweil 2005, p. 274 writes that the improvement in computer chess, ""according to common wisdom, is governed only by the brute force expansion of computer hardware.""
↑Cycle time of Ferranti Mark 1 was 1.2 milliseconds, which is arguably equivalent to about 833 flops. Deep Blue ran at 11.38 gigaflops (and this does not even take into account Deep Blue's special-purpose hardware for chess).",102,"인공지능 - 위키백과, 우리 모두의 백과사전에 대해 설명해주세요.","인공지능 - 위키백과, 우리 모두의 백과사전"
104,https://ko.wikipedia.org/wiki/%EC%9D%B8%EA%B3%B5%EC%A7%80%EB%8A%A5,"인공지능 - 위키백과, 우리 모두의 백과사전","Deep Blue's special-purpose hardware for chess). Very approximately, these differ by a factor of 10^7.
↑McCorduck 2004, pp. 471–478, Russell & Norvig 2003, p. 55, where they write: ""The whole-agent view is now widely accepted in the field"". The intelligent agent paradigm is discussed in major AI textbooks, such as: Russell & Norvig 2003, pp. 32–58, 968–972, Poole, Mackworth & Goebel 1998, pp. 7–21, Luger & Stubblefield 2004, pp. 235–240",103,"인공지능 - 위키백과, 우리 모두의 백과사전에 대해 설명해주세요.","인공지능 - 위키백과, 우리 모두의 백과사전"
105,https://ko.wikipedia.org/wiki/%EC%9D%B8%EA%B3%B5%EC%A7%80%EB%8A%A5,"인공지능 - 위키백과, 우리 모두의 백과사전","pp. 7–21, Luger & Stubblefield 2004, pp. 235–240
↑Carl Hewitt's Actor model anticipated the modern definition of intelligent agents. (Hewitt, Bishop & Steiger 1973) Both John Doyle (Doyle 1983) and Marvin Minsky's popular classic The Society of Mind (Minsky 1986) used the word ""agent"". Other ""modular"" proposals included Rodney Brook's subsumption architecture, object-oriented programming and others.
↑Russell & Norvig 2003, pp. 27, 55",104,"인공지능 - 위키백과, 우리 모두의 백과사전에 대해 설명해주세요.","인공지능 - 위키백과, 우리 모두의 백과사전"
106,https://ko.wikipedia.org/wiki/%EC%9D%B8%EA%B3%B5%EC%A7%80%EB%8A%A5,"인공지능 - 위키백과, 우리 모두의 백과사전","ng and others.
↑Russell & Norvig 2003, pp. 27, 55
↑This is how the most widely accepted textbooks of the 21st century define artificial intelligence. See Russell & Norvig 2003, p. 32 and Poole, Mackworth & Goebel 1998, p. 1
↑Russell & Norvig 2003, pp. 27, 55
↑Russell & Norvig 2003, p. 32 and Poole, Mackworth & Goebel 1998, p. 1
↑McCorduck 2004, p. 478
↑McCorduck 2004, pp. 486–487, Russell & Norvig 2003, pp. 25–26
↑Russell & Norvig 2003, p. 25−26",105,"인공지능 - 위키백과, 우리 모두의 백과사전에 대해 설명해주세요.","인공지능 - 위키백과, 우리 모두의 백과사전"
107,https://ko.wikipedia.org/wiki/%EC%9D%B8%EA%B3%B5%EC%A7%80%EB%8A%A5,"인공지능 - 위키백과, 우리 모두의 백과사전","2003, pp. 25–26
↑Russell & Norvig 2003, p. 25−26
↑McCorduck (2004, p. 487): ""As I write, AI enjoys a Neat hegemony.""
↑Pearl 1988
↑Russell & Norvig 2003, p. 25−26
↑See Computer science (in Applications of artificial intelligence)
↑Russell & Norvig 2003, p. 28
↑For the new state of the art in AI based speech recognition, see The Economist (2007)
↑""AI-inspired systems were already integral to many everyday technologies such as internet search engines, bank software for processing transactions and",106,"인공지능 - 위키백과, 우리 모두의 백과사전에 대해 설명해주세요.","인공지능 - 위키백과, 우리 모두의 백과사전"
108,https://ko.wikipedia.org/wiki/%EC%9D%B8%EA%B3%B5%EC%A7%80%EB%8A%A5,"인공지능 - 위키백과, 우리 모두의 백과사전","es, bank software for processing transactions and in medical diagnosis."" Nick Bostrom, quoted in CNN 2006
↑Olsen (2004),Olsen (2006)
↑NRC 1999 under ""Artificial Intelligence in the 90s"", and Kurzweil 2005, p. 264
↑McCorduck 2004, p. 423, Kurzweil 2005, p. 265, Hofstadter 1979, p. 601
↑CNN 2006
↑Markoff 2005
↑The Economist 2007
↑Tascarella 2006
↑Crevier 1993, pp. 108–109
↑He goes on to say: ""The answer is, I believe we could have ... I once went to an international conference on neural net[s].",107,"인공지능 - 위키백과, 우리 모두의 백과사전에 대해 설명해주세요.","인공지능 - 위키백과, 우리 모두의 백과사전"
109,https://ko.wikipedia.org/wiki/%EC%9D%B8%EA%B3%B5%EC%A7%80%EB%8A%A5,"인공지능 - 위키백과, 우리 모두의 백과사전","to an international conference on neural net[s]. There were 40 thousand registrants ... but ... if you had an international conference, for example, on using multiple representations for common sense reasoning, I've only been able to find 6 or 7 people in the whole world."" Minsky 2001
↑Maker 2006
↑Kurzweil 2005
↑Hawkins & Blakeslee 2004
↑“인공지능과 4차 산업혁명”. 2016년 4월 20일에원본 문서에서 보존된 문서. 2016년 4월 11일에 확인함.
↑“알파고와 같은 인공지능(AI)이 미래에 인간의 직업을 줄일까요?”. 트라이버튼. 2016년 5월 11일. 2016년 6월 30일에원본 문서에서 보존된 문서.",108,"인공지능 - 위키백과, 우리 모두의 백과사전에서 일에원본 문서에서 보존된 문서은 어떤 역할을 하나요?","일에원본 문서에서 보존된 문서,인공지능과,산업혁명,일에 확인함,알파고와 같은 인공지능"
110,https://ko.wikipedia.org/wiki/%EC%9D%B8%EA%B3%B5%EC%A7%80%EB%8A%A5,"인공지능 - 위키백과, 우리 모두의 백과사전","트라이버튼. 2016년 5월 11일. 2016년 6월 30일에원본 문서에서 보존된 문서. 2016년 5월 11일에 확인함.
↑대한민국 IT포털의 중심! 이티뉴스[깨진 링크(과거 내용 찾기)]
↑[디지털컬처]로봇과 메신저로 대화:: 네이버 뉴스
↑정보킹 (2023년 8월 8일).“AI 그림 그려주는 사이트 TOP47 (무료 인공지능 AI)”. 2023년 8월 13일에 확인함.
↑http://www.wired.com/wired/archive/10.03/everywhere.htmlIt's alive
↑Kurzweil, Ray (2005). The Singularity is Near. Penguin Books.ISBN 978-0-670-03384-3.
↑IGM Chicago (30 June 2017). ""Robots and Artificial Intelligence"". www.igmchicago.org.",109,"인공지능 - 위키백과, 우리 모두의 백과사전에서 일에 확인함은 어떤 역할을 하나요?","일에 확인함,트라이버튼,일에원본 문서에서 보존된 문서,대한민국,포털의 중심"
111,https://ko.wikipedia.org/wiki/%EC%9D%B8%EA%B3%B5%EC%A7%80%EB%8A%A5,"인공지능 - 위키백과, 우리 모두의 백과사전","and Artificial Intelligence"". www.igmchicago.org.
↑Morgenstern, Michael (9 May 2015). ""Automation and anxiety"". The Economist.
↑Thompson, Derek (23 January 2014). ""What Jobs Will the Robots Take?"". The Atlantic.
↑Mahdawi, Arwa (26 June 2017). ""What jobs will still be around in 20 years? Read this to prepare your future"". The Guardian.
위키미디어 공용에인공지능관련 미디어 분류가 있습니다.
〈인공지능〉.《두산세계대백과사전》. (주)두산.
영화 속의 인공지능 5부작- 인공지능을 다룬 명작 영화들을 소개하며, 주제별로 묶어 현재와 미래에 대한 질문을 던진다.
AI Study— 한국 최대의 인공지능 정보 구축 사이트",110,위키미디어 공용에인공지능관련 미디어 분류가 있습니다에 대해 설명해주세요.,"위키미디어 공용에인공지능관련 미디어 분류가 있습니다,인공지능,두산세계대백과사전,영화 속의 인공지능,인공지능을 다룬 명작 영화들을 소개하며"
112,https://ko.wikipedia.org/wiki/%EC%9D%B8%EA%B3%B5%EC%A7%80%EB%8A%A5,"인공지능 - 위키백과, 우리 모두의 백과사전","와 미래에 대한 질문을 던진다.
AI Study— 한국 최대의 인공지능 정보 구축 사이트
KAIST 인공지능 연구실- KAIST 인공지능 연구실로 다양한 연구 과제와 진행 상태를 볼 수 있다.
기술의 개요
응용과학의 개요
식품미생물학
바이오메카트로닉스
생명공학기술
보건의료기술
건물 서비스 공학
퍼사이드 공학
화재방지공학
교육용 소프트웨어
교육에서의 ICT
가상 캠퍼스
원자력 기술
소프트 에너지 기술
청정 에너지
환경 디자인
환경공학과학
녹색 나노기술
재생 가능 에너지
지속 가능한 디자인
지속 가능한 공학
비즈니스 인포매틱스
생명공학기술
컴퓨터 공학
컴퓨터 과학
온톨로지 엔지니어링
RF 엔지니어링
소프트웨어 공학
육군 공학 정비
군 통신기술
스텔스 기술
항공우주공학
자동차 공학
트래픽 공학
일렉트로닉스전기전자
엔터테인먼트
로봇공학애니매트로닉스
애니매트로닉스
펨토테크놀로지
피코테크놀로지
마이크로 공학
매크로 엔지니어링
메가스케일 엔지니어링
신석기 혁명
고대의 기술
중세의 기술",111,"인공지능 - 위키백과, 우리 모두의 백과사전에서 미래에 대한 질문을 던진다은 어떤 역할을 하나요?","미래에 대한 질문을 던진다,한국 최대의 인공지능 정보 구축 사이트,인공지능 연구실,인공지능 연구실로 다양한 연구 과제와 진행 상태를,기술의 개요
응용과학의 개요
식품미생물학
바이오메카트로닉스
생명공학기술
보건의료기술
건물 서비스 공학
퍼사이드 공학
화재방지공학
교육용 소프트웨어
교육에서의"
113,https://ko.wikipedia.org/wiki/%EC%9D%B8%EA%B3%B5%EC%A7%80%EB%8A%A5,"인공지능 - 위키백과, 우리 모두의 백과사전","이크로 공학
매크로 엔지니어링
메가스케일 엔지니어링
신석기 혁명
고대의 기술
중세의 기술
르네상스 기술
산업 혁명2차
원자력 시대
디지털 혁명
정보화 시대
혁신의 전파
와해성 기술
테크노크라시
과학기술윤리
기술 모멘텀
기술적 특이점
트랜스휴머니즘
이머징 테크놀로지목록
가공의 기술
하이 테크 업무 지구
카르다쇼프 척도
기술의 목록
기술철학과학기술윤리
과학기술윤리
과학기술사회론테크놀로지 다이내믹스나라별 과학과 기술
테크놀로지 다이내믹스
나라별 과학과 기술
STEM 분야Pre-STEM여성
Pre-STEM
STEAM 분야
기술 교육기술 대학교
기술 대학교
기술 전도사
기술 거버넌스
기술 저널리즘
기술 박물관
기술과 사회
테크노필리아
테크노포비아
테크노섹슈얼
테크노시그네처
테크노스트레스
소프트 SF
사이버펑크 파생물
기술적 특이점
오메가 포인트
트랜스휴머니즘
SF 어워드
한낙원과학소설상
한국과학문학상
다르마키르티
비트겐슈타인
생물학적 자연주의
제거 물질주의
현현 물질주의
수반현상주의",112,"이크로 공학
매크로 엔지니어링
메가스케일 엔지니어링
신석기 혁명
고대의 기술
중세의 기술
르네상스 기술
산업 혁명의 주요 특징은 무엇인가요?","이크로 공학
매크로 엔지니어링
메가스케일 엔지니어링
신석기 혁명
고대의 기술
중세의 기술
르네상스 기술
산업 혁명,원자력 시대
디지털 혁명
정보화 시대
혁신의 전파
와해성 기술
테크노크라시
과학기술윤리
기술 모멘텀
기술적 특이점
트랜스휴머니즘
이머징 테크놀로지목록
가공의 기술
하이 테크 업무 지구
카르다쇼프 척도
기술의 목록
기술철학과학기술윤리
과학기술윤리
과학기술사회론테크놀로지 다이내믹스나라별 과학과 기술
테크놀로지 다이내믹스
나라별 과학과 기술,분야
기술 교육기술 대학교
기술 대학교
기술 전도사
기술 거버넌스
기술 저널리즘
기술 박물관
기술과 사회
테크노필리아
테크노포비아
테크노섹슈얼
테크노시그네처
테크노스트레스
소프트,사이버펑크 파생물
기술적 특이점
오메가 포인트
트랜스휴머니즘,어워드
한낙원과학소설상
한국과학문학상
다르마키르티
비트겐슈타인
생물학적 자연주의
제거 물질주의
현현 물질주의
수반현상주의"
114,https://ko.wikipedia.org/wiki/%EC%9D%B8%EA%B3%B5%EC%A7%80%EB%8A%A5,"인공지능 - 위키백과, 우리 모두의 백과사전","학상
다르마키르티
비트겐슈타인
생물학적 자연주의
제거 물질주의
현현 물질주의
수반현상주의
상호작용주의
소박 실재론
중립 일원주의
현상학실존신경현상학
물리주의심신 이론
성질 이원주의
실체 이원주의
추상적 대상
개념과 물건
의식의 어려운 문제
생각의 언어
신 신비주의
타심의 문제
타불라 라사
인공 지능의 철학/정보/지각/자아
BnF 데이터
예일 LUX",113,"인공지능 - 위키백과, 우리 모두의 백과사전에서 학상
다르마키르티
비트겐슈타인
생물학적 자연주의
제거 물질주의
현현 물질주의
수반현상주의
상호작용주의
소박 실재론
중립 일원주의
현상학실존신경현상학
물리주의심신 이론
성질 이원주의
실체 이원주의
추상적 대상
개념과 물건
의식의 어려운 문제
생각의 언어은 어떤 역할을 하나요?","학상
다르마키르티
비트겐슈타인
생물학적 자연주의
제거 물질주의
현현 물질주의
수반현상주의
상호작용주의
소박 실재론
중립 일원주의
현상학실존신경현상학
물리주의심신 이론
성질 이원주의
실체 이원주의
추상적 대상
개념과 물건
의식의 어려운 문제
생각의 언어,신비주의
타심의 문제
타불라 라사
인공 지능의 철학,데이터
예일"
115,https://ko.wikipedia.org/wiki/%EA%B8%B0%EA%B3%84_%ED%95%99%EC%8A%B5,"기계 학습 - 위키백과, 우리 모두의 백과사전","비지도 학습
온라인 기계 학습
준지도 학습
자기 지도 학습
규칙 기반 기계 학습
뉴로모픽 엔지니어링
양자 기계 학습
클러스터 분석
데이터 정제
AutoML
연관 규칙 학습
구조 기반 예측
온톨로지 학습
멀티모달 학습
결정 트리 학습법
앙상블 학습법배깅부스팅랜덤 포레스트
랜덤 포레스트
최근접 이웃 탐색
나이브 베이즈
로지스틱 회귀
상관 벡터 머신(RVM)
서포트 벡터 머신(SVM)
CURE 알고리즘
계층적 군집화
k-평균 알고리즘
퍼지 클러스터링
기댓값 최대화 알고리즘
DBSCAN
OPTICS
독립 성분 분석
선형 판별 분석
음수 미포함 행렬 분해
주성분 분석
그래프 모형베이즈 네트워크조건부 무작위장은닉 마르코프 모형
베이즈 네트워크
조건부 무작위장
은닉 마르코프 모형
잠재 디리클레 할당
무작위 표본 합의
k-최근접 이웃 알고리즘
국소 특이점 요인
고립 포레스트
순방향 신경망
순환 신경망LSTMGRU
볼츠만 머신제한된
생성적 적대 신경망
자기조직화 지도",0,"비지도 학습
온라인 기계 학습
준지도 학습
자기 지도 학습
규칙 기반 기계 학습
뉴로모픽 엔지니어링
양자 기계 학습
클러스터 분석
데이터 정제이란 무엇인가요?","비지도 학습
온라인 기계 학습
준지도 학습
자기 지도 학습
규칙 기반 기계 학습
뉴로모픽 엔지니어링
양자 기계 학습
클러스터 분석
데이터 정제,연관 규칙 학습
구조 기반 예측
온톨로지 학습
멀티모달 학습
결정 트리 학습법
앙상블 학습법배깅부스팅랜덤 포레스트
랜덤 포레스트
최근접 이웃 탐색
나이브 베이즈
로지스틱 회귀
상관 벡터 머신,서포트 벡터 머신,알고리즘
계층적 군집화,평균 알고리즘
퍼지 클러스터링
기댓값 최대화 알고리즘"
116,https://ko.wikipedia.org/wiki/%EA%B8%B0%EA%B3%84_%ED%95%99%EC%8A%B5,"기계 학습 - 위키백과, 우리 모두의 백과사전","향 신경망
순환 신경망LSTMGRU
볼츠만 머신제한된
생성적 적대 신경망
자기조직화 지도
합성곱 신경망U-NetLeNet알렉스넷딥드림
신경장신경 방사장물리정보 신경망
신경 방사장
물리정보 신경망
트랜스포머비전
스파이킹 신경망
멤트렌지스터
전기화학 RAM
다층 퍼셉트론
시간차 학습
액티브 러닝
크라우드소싱
휴먼인더루프
수신자 조작 특성
커널 메소드
편향-분산 트레이드오프
계산학습이론
경험적 위험 최소화
PAC 러닝
통계적 학습이론
NeurIPS
기계 학습 알고리즘 목록
기계 탈학습
유사도 학습
인공 일반 지능
지능형 에이전트
재귀적 자기 개선
계획 및 스케줄링
컴퓨터 비전
일반 게임 플레이
지식 표현 및 추론
자연어 처리
베이즈 네트워크
진화 알고리즘
하이브리드 인텔리전트 시스템
시스템 통합
오픈 소스 인공지능
AI 데이터 센터
생성형 인공지능예술오디오음악
의료정신 건강
소프트웨어 개발
쓰라린 교훈
친절한 AI
실존적 위험
불쾌한 골짜기
인간-AI 상호작용
인공지능 거품",1,"신경망
순환 신경망이란 무엇인가요?","신경망
순환 신경망,볼츠만 머신제한된
생성적 적대 신경망
자기조직화 지도
합성곱 신경망,알렉스넷딥드림
신경장신경 방사장물리정보 신경망
신경 방사장
물리정보 신경망
트랜스포머비전
스파이킹 신경망
멤트렌지스터
전기화학,다층 퍼셉트론
시간차 학습
액티브 러닝
크라우드소싱
휴먼인더루프
수신자 조작 특성
커널 메소드
편향,분산 트레이드오프
계산학습이론
경험적 위험 최소화"
117,https://ko.wikipedia.org/wiki/%EA%B8%B0%EA%B3%84_%ED%95%99%EC%8A%B5,"기계 학습 - 위키백과, 우리 모두의 백과사전","발
쓰라린 교훈
친절한 AI
실존적 위험
불쾌한 골짜기
인간-AI 상호작용
인공지능 거품
딥페이크 포르노그래피테일러 스위프트 딥페이크 포르노그래피 논란Grok 딥페이크 포르노그래피 논란
테일러 스위프트 딥페이크 포르노그래피 논란
Grok 딥페이크 포르노그래피 논란
구글 제미나이 이미지 생성 논란
거대 AI 실험 중단: 공개 서한
오픈AI의 샘 올트먼 해임 사건
AI 위험에 관한 성명
테이 (챗봇)
Théâtre D'opéra Spatial
보이스버스 NFT 표절 스캔들
기계 학습(機械學習) 또는머신 러닝(영어:machine learning,ML)은 경험을 통해 자동으로 개선하는 컴퓨터알고리즘의 연구이다.방대한데이터를 분석해 '미래를 예측하는 기술'이자인공지능의 한 분야로 간주된다. 기계 학습은 복잡한 패턴에 대한 학습을 통해 상황에 대한 예측과 의사 결정을 돕는다.컴퓨터가 학습할 수 있도록 하는알고리즘과 기술을 개발하는 분야이다.",2,"쓰라린 교훈
친절한에 대해 설명해주세요.","쓰라린 교훈
친절한,실존적 위험
불쾌한 골짜기
인간,상호작용
인공지능 거품
딥페이크 포르노그래피테일러 스위프트 딥페이크 포르노그래피 논란,딥페이크 포르노그래피 논란
테일러 스위프트 딥페이크 포르노그래피 논란,딥페이크 포르노그래피 논란
구글 제미나이 이미지 생성 논란
거대"
118,https://ko.wikipedia.org/wiki/%EA%B8%B0%EA%B3%84_%ED%95%99%EC%8A%B5,"기계 학습 - 위키백과, 우리 모두의 백과사전","의사 결정을 돕는다.컴퓨터가 학습할 수 있도록 하는알고리즘과 기술을 개발하는 분야이다. 가령, 기계 학습을 통해서 수신한이메일이스팸인지 아닌지를 구분할 수 있도록 훈련할 수 있다.
기계 학습의 핵심은 표현(representation)과 일반화(generalization)에 있다. 표현이란 데이터의 평가이며, 일반화란 아직 알 수 없는 데이터에 대한 처리이다. 이는전산 학습 이론분야이기도 하다. 다양한 기계 학습의 응용이 존재한다.문자 인식은 이를 이용한 가장 잘 알려진 사례이다.
1959년,아서 사무엘은 기계 학습을 ""기계가 일일이 코드로 명시하지 않은 동작을 데이터로부터 학습하여 실행할 수 있도록 하는 알고리즘을 개발하는 연구 분야""라고 정의하였다.
기계 학습에서의 일반화는훈련이후 새롭게 들어온 데이터를 정확히 처리할 수 있는 능력을 말한다.

## 기계 학습과 데이터 마이닝",3,"기계 학습 - 위키백과, 우리 모두의 백과사전에서 의사 결정을 돕는다은 어떤 역할을 하나요?","의사 결정을 돕는다,컴퓨터가 학습할,있도록 하는알고리즘과 기술을 개발하는 분야이다,기계 학습을 통해서 수신한이메일이스팸인지 아닌지를 구분할,있도록 훈련할"
119,https://ko.wikipedia.org/wiki/%EA%B8%B0%EA%B3%84_%ED%95%99%EC%8A%B5,"기계 학습 - 위키백과, 우리 모두의 백과사전","어온 데이터를 정확히 처리할 수 있는 능력을 말한다.

## 기계 학습과 데이터 마이닝

기계 학습과 데이터 마이닝은 종종 같은 방법을 사용하며 상당히 중첩된다.
다만 다음에 따라 대략적으로 구분된다.
기계 학습은훈련 데이터를 통해 학습된 알려진 속성을 기반으로예측에 초점을 두고 있다.
데이터 마이닝은 데이터의 미처 몰랐던 속성을발견하는 것에 집중한다. 이는데이터베이스의지식 발견부분의 분석 절차에 해당한다.
이론 전산학의 한 갈래이다. 훈련 데이터는 유한한데, 결과는 불확실하다. 이는 학습 이론을 통해 알고리즘의 결과를 장담할 수 없기 때문이다. 또한 다른 용어를 사용함에도 불구하고통계적 추론과도 많은 유사점이 있다.

## 알고리즘 유형

자율 학습 (기계 학습)
준 지도 학습

## 접근 방법별 알고리즘

## 결정 트리 학습법

## 연관 규칙 학습법",4,어온 데이터를 정확히 처리할이란 무엇인가요?,"어온 데이터를 정확히 처리할,있는 능력을 말한다,기계 학습과 데이터 마이닝,기계 학습과 데이터 마이닝은 종종 같은 방법을 사용하며 상당히 중첩된다,다만 다음에 따라 대략적으로 구분된다"
120,https://ko.wikipedia.org/wiki/%EA%B8%B0%EA%B3%84_%ED%95%99%EC%8A%B5,"기계 학습 - 위키백과, 우리 모두의 백과사전","도 학습

## 접근 방법별 알고리즘

## 결정 트리 학습법

## 연관 규칙 학습법

인공신경망(artificial neural network, ANN)은 기계학습과인지과학에서 생물학의 신경망에서 영감을 얻은 통계학적 학습알고리즘으로시냅스의 결합으로네트워크를 형성한인공 뉴런(노드)이 학습을 통해시냅스의 결합 세기를 변화시켜, 문제 해결 능력을 가지는 모델 전반을 가리킨다. 인공신경망에는 교사 신호(정답)의 입력에 의해서 문제에 최적화되어 가는교사 학습과 교사 신호를 필요로 하지 않는비교사 학습이 있다. 명확한 해답이 있는 경우에는 교사 학습이,데이터 클러스터링에는 비교사 학습이 이용된다. 다른 기계학습과 같이 신경망은 일반적으로 규칙기반 프로그래밍으로 풀기 어려운컴퓨터 비전또는음성 인식과 같은 다양한 범위의 문제를 푸는데 이용된다.

## 유전 계획법

## 귀납 논리 계획법

## 서포트 벡터 머신

## 베이즈 네트워크

## 강화 학습법

## 표현 학습법",5,"기계 학습 - 위키백과, 우리 모두의 백과사전에서 접근 방법별 알고리즘은 어떤 역할을 하나요?","접근 방법별 알고리즘,결정 트리 학습법,연관 규칙 학습법,인공신경망,기계학습과인지과학에서 생물학의 신경망에서 영감을 얻은 통계학적 학습알고리즘으로시냅스의 결합으로네트워크를 형성한인공 뉴런"
121,https://ko.wikipedia.org/wiki/%EA%B8%B0%EA%B3%84_%ED%95%99%EC%8A%B5,"기계 학습 - 위키백과, 우리 모두의 백과사전","## 서포트 벡터 머신

## 베이즈 네트워크

## 강화 학습법

## 표현 학습법

## 동일성 계측 학습법

## 주제별 알고리즘

선수 지식베이즈 이론
베이즈 이론
모형화인공 신경망결정 트리 학습법유전 알고리즘(Genetic Algorithm)유전자 프로그래밍가우스 과정 회귀선형 분별 분석K-최근접 이웃 알고리즘퍼셉트론방사 기저 함수 네트워크서포트 벡터 머신(support vector machine)
인공 신경망
결정 트리 학습법
유전 알고리즘(Genetic Algorithm)
유전자 프로그래밍
가우스 과정 회귀
선형 분별 분석
K-최근접 이웃 알고리즘
방사 기저 함수 네트워크
서포트 벡터 머신(support vector machine)
모수추정 알고리즘동적 프로그래밍기댓값 최대화 알고리즘
동적 프로그래밍
기댓값 최대화 알고리즘
생성 모형을 이용한확률 분포 함수의 모형화베이즈 네트워크와마르코프 임의장을 포함한그래프 모형
베이즈 네트워크와마르코프 임의장을 포함한그래프 모형",6,"기계 학습 - 위키백과, 우리 모두의 백과사전에서 서포트 벡터 머신은 어떤 역할을 하나요?","서포트 벡터 머신,베이즈 네트워크,강화 학습법,표현 학습법,동일성 계측 학습법"
122,https://ko.wikipedia.org/wiki/%EA%B8%B0%EA%B3%84_%ED%95%99%EC%8A%B5,"기계 학습 - 위키백과, 우리 모두의 백과사전","와마르코프 임의장을 포함한그래프 모형
베이즈 네트워크와마르코프 임의장을 포함한그래프 모형
근사 추론 기법몬테 카를로 방법아다부스트
몬테 카를로 방법
컴퓨터 과학
생체 정보학
컴퓨터 지능
컴퓨터 시각
데이터 마이닝
전철홍; 유선아 (2024년 2월).“과학교육 분야 자연어 처리 기법의 연구동향 분석”.《한국과학교육학회지》(한국과학교육학회)44(1): 39-55.
↑“Machine Learning textbook”.《www.cs.cmu.edu》. 2020년 5월 28일에 확인함.
↑전철홍 2024, 40쪽
위키미디어 공용에기계 학습관련 미디어 분류가 있습니다.
에너지 소비(그린 컴퓨팅)
솔리드 모델링
인쇄 회로 기판
전자 설계 자동화
초고밀도 집적 회로
하드웨어 가속
무선 센서 네트워크
사이버 물리 시스템
실시간 컴퓨팅
임베디드 시스템
장애 허용 시스템
컴퓨터 구조
계산 복잡도
네트워크 아키텍처
네트워크 성능 평가
네트워크 서비스
네트워크 스케줄러
네트워크 구성 요소
네트워크 프로토콜",7,"와마르코프 임의장을 포함한그래프 모형
베이즈 네트워크와마르코프 임의장을 포함한그래프 모형
근사 추론 기법몬테 카를로 방법아다부스트
몬테 카를로 방법
컴퓨터 과학
생체 정보학
컴퓨터 지능
컴퓨터 시각
데이터 마이닝
전철홍이란 무엇인가요?","와마르코프 임의장을 포함한그래프 모형
베이즈 네트워크와마르코프 임의장을 포함한그래프 모형
근사 추론 기법몬테 카를로 방법아다부스트
몬테 카를로 방법
컴퓨터 과학
생체 정보학
컴퓨터 지능
컴퓨터 시각
데이터 마이닝
전철홍,유선아,과학교육 분야 자연어 처리 기법의 연구동향 분석,한국과학교육학회지,한국과학교육학회"
123,https://ko.wikipedia.org/wiki/%EA%B8%B0%EA%B3%84_%ED%95%99%EC%8A%B5,"기계 학습 - 위키백과, 우리 모두의 백과사전","트워크 성능 평가
네트워크 서비스
네트워크 스케줄러
네트워크 구성 요소
네트워크 프로토콜
소프트웨어 품질
도메인 특화 언어
소프트웨어 라이브러리
모델링 언어
소프트웨어 구성 관리
소프트웨어 저장소
소프트웨어 프레임워크
통합 개발 환경
프로그래밍 언어
프로그래밍 패러다임
오픈 소스 모델
요구사항 분석
소프트웨어 구축
소프트웨어 개발
소프트웨어 개발 프로세스
소프트웨어 설계
소프트웨어 배포
소프트웨어 유지보수
소프트웨어 공학
프로그래밍 팀
계산 가능성 이론
계산 복잡도 이론
계산 모델확률적
오토마타 이론
알고리즘 설계
알고리즘 분석
알고리즘 효율성
확률적 알고리즘
해석학 (수학)
수학 소프트웨어
이론 컴퓨터 과학
데이터 마이닝
데이터베이스 관리 시스템
결정 지원 시스템
기업 정보 시스템
정보 저장 시스템
디지털 마케팅
디지털 도서관
멀티미디어 데이터베이스
문서 관리 시스템
소셜 정보 시스템
월드 와이드 웹
지리 정보 시스템
컴퓨팅 플랫폼
네트워크 보안
애플리케이션 보안
보안 서비스",8,"트워크 성능 평가
네트워크 서비스
네트워크 스케줄러
네트워크 구성 요소
네트워크 프로토콜
소프트웨어 품질
도메인 특화 언어
소프트웨어 라이브러리
모델링 언어
소프트웨어 구성 관리
소프트웨어 저장소
소프트웨어 프레임워크
통합 개발 환경
프로그래밍 언어
프로그래밍 패러다임
오픈 소스 모델
요구사항 분석
소프트웨어 구축
소프트웨어 개발
소프트웨어 개발 프로세스
소프트웨어 설계
소프트웨어 배포
소프트웨어 유지보수
소프트웨어 공학
프로그래밍이란 무엇인가요?","트워크 성능 평가
네트워크 서비스
네트워크 스케줄러
네트워크 구성 요소
네트워크 프로토콜
소프트웨어 품질
도메인 특화 언어
소프트웨어 라이브러리
모델링 언어
소프트웨어 구성 관리
소프트웨어 저장소
소프트웨어 프레임워크
통합 개발 환경
프로그래밍 언어
프로그래밍 패러다임
오픈 소스 모델
요구사항 분석
소프트웨어 구축
소프트웨어 개발
소프트웨어 개발 프로세스
소프트웨어 설계
소프트웨어 배포
소프트웨어 유지보수
소프트웨어 공학
프로그래밍,계산 가능성 이론
계산 복잡도 이론
계산 모델확률적
오토마타 이론
알고리즘 설계
알고리즘 분석
알고리즘 효율성
확률적 알고리즘
해석학,수학 소프트웨어
이론 컴퓨터 과학
데이터 마이닝
데이터베이스 관리 시스템
결정 지원 시스템
기업 정보 시스템
정보 저장 시스템
디지털 마케팅
디지털 도서관
멀티미디어 데이터베이스
문서 관리 시스템
소셜 정보 시스템
월드 와이드,지리 정보 시스템
컴퓨팅 플랫폼
네트워크 보안
애플리케이션 보안
보안 서비스"
124,https://ko.wikipedia.org/wiki/%EA%B8%B0%EA%B3%84_%ED%95%99%EC%8A%B5,"기계 학습 - 위키백과, 우리 모두의 백과사전","와이드 웹
지리 정보 시스템
컴퓨팅 플랫폼
네트워크 보안
애플리케이션 보안
보안 서비스
침입 탐지 시스템
하드웨어 보안
모바일 컴퓨팅
소셜 컴퓨팅
유비쿼터스 컴퓨팅
인간-컴퓨터 상호 작용
인터랙션 디자인
컴퓨터 접근성
병렬 컴퓨팅
병행 컴퓨팅
분산 컴퓨팅
자동화된 계획 및 스케줄링
자연어 처리
컴퓨터 비전
분산 인공지능
탐색 방법론
인공지능 철학
다중 작업 학습
비지도 학습
솔리드 모델링
이미지 압축
컴퓨터 애니메이션
그래픽 처리 장치
계산사회과학
디지털 아트
워드 프로세서
양자 컴퓨팅
전자 상거래
전사적 소프트웨어
사이버 전쟁
비디오 게임
vte미분 가능 컴퓨팅일반미분 가능 프로그래밍귀납적 편향신경형태 컴퓨팅자동 미분정보 기하학통계 다양체패턴 인식리치 미적분학계산 학습 이론하드웨어IPU멤리스터SpiNNakerTPUVPU소프트웨어 라이브러리JAX케라스마인드스포어PyTorchScikit-learn텐서플로TheanoFlux.jl포털컴퓨터 프로그래밍기술
미분 가능 프로그래밍",9,"기계 학습 - 위키백과, 우리 모두의 백과사전에서 와이드은 어떤 역할을 하나요?","와이드,지리 정보 시스템
컴퓨팅 플랫폼
네트워크 보안
애플리케이션 보안
보안 서비스
침입 탐지 시스템
하드웨어 보안
모바일 컴퓨팅
소셜 컴퓨팅
유비쿼터스 컴퓨팅
인간,컴퓨터 상호 작용
인터랙션 디자인
컴퓨터 접근성
병렬 컴퓨팅
병행 컴퓨팅
분산 컴퓨팅
자동화된 계획,스케줄링
자연어 처리
컴퓨터 비전
분산 인공지능
탐색 방법론
인공지능 철학
다중 작업 학습
비지도 학습
솔리드 모델링
이미지 압축
컴퓨터 애니메이션
그래픽 처리 장치
계산사회과학
디지털 아트
워드 프로세서
양자 컴퓨팅
전자 상거래
전사적 소프트웨어
사이버 전쟁
비디오 게임,미분 가능 컴퓨팅일반미분 가능 프로그래밍귀납적 편향신경형태 컴퓨팅자동 미분정보 기하학통계 다양체패턴 인식리치 미적분학계산 학습 이론하드웨어"
125,https://ko.wikipedia.org/wiki/%EA%B8%B0%EA%B3%84_%ED%95%99%EC%8A%B5,"기계 학습 - 위키백과, 우리 모두의 백과사전","t-learn텐서플로TheanoFlux.jl포털컴퓨터 프로그래밍기술
미분 가능 프로그래밍
귀납적 편향
신경형태 컴퓨팅
정보 기하학
통계 다양체
리치 미적분학
계산 학습 이론
SpiNNaker
마인드스포어
PyTorch
Scikit-learn
Theano
Flux.jl
포털컴퓨터 프로그래밍기술
컴퓨터 프로그래밍
예일 LUX",10,텐서플로이란 무엇인가요?,"텐서플로,포털컴퓨터 프로그래밍기술
미분 가능 프로그래밍
귀납적 편향
신경형태 컴퓨팅
정보 기하학
통계 다양체
리치 미적분학
계산 학습 이론,마인드스포어,포털컴퓨터 프로그래밍기술
컴퓨터 프로그래밍
예일"
126,https://ko.wikipedia.org/wiki/%EC%9E%90%EC%97%B0%EC%96%B4_%EC%B2%98%EB%A6%AC,"자연어 처리 - 위키백과, 우리 모두의 백과사전","인공 일반 지능
지능형 에이전트
재귀적 자기 개선
계획 및 스케줄링
컴퓨터 비전
일반 게임 플레이
지식 표현 및 추론
자연어 처리
베이즈 네트워크
진화 알고리즘
하이브리드 인텔리전트 시스템
시스템 통합
오픈 소스 인공지능
AI 데이터 센터
생성형 인공지능예술오디오음악
의료정신 건강
소프트웨어 개발
쓰라린 교훈
친절한 AI
실존적 위험
불쾌한 골짜기
인간-AI 상호작용
인공지능 거품
딥페이크 포르노그래피테일러 스위프트 딥페이크 포르노그래피 논란Grok 딥페이크 포르노그래피 논란
테일러 스위프트 딥페이크 포르노그래피 논란
Grok 딥페이크 포르노그래피 논란
구글 제미나이 이미지 생성 논란
거대 AI 실험 중단: 공개 서한
오픈AI의 샘 올트먼 해임 사건
AI 위험에 관한 성명
테이 (챗봇)
Théâtre D'opéra Spatial
보이스버스 NFT 표절 스캔들",0,"인공 일반 지능
지능형 에이전트
재귀적 자기 개선
계획에 대해 설명해주세요.","인공 일반 지능
지능형 에이전트
재귀적 자기 개선
계획,스케줄링
컴퓨터 비전
일반 게임 플레이
지식 표현,추론
자연어 처리
베이즈 네트워크
진화 알고리즘
하이브리드 인텔리전트 시스템
시스템 통합
오픈 소스 인공지능,데이터 센터
생성형 인공지능예술오디오음악
의료정신 건강
소프트웨어 개발
쓰라린 교훈
친절한,실존적 위험
불쾌한 골짜기
인간"
127,https://ko.wikipedia.org/wiki/%EC%9E%90%EC%97%B0%EC%96%B4_%EC%B2%98%EB%A6%AC,"자연어 처리 - 위키백과, 우리 모두의 백과사전","테이 (챗봇)
Théâtre D'opéra Spatial
보이스버스 NFT 표절 스캔들
자연어 처리(自然語處理, natural language processing,NLP) 또는자연 언어 처리(自然言語處理)는컴퓨터에 의한자연어정보의 처리이다. NLP는컴퓨터 과학의 하위 분야이며인공지능과 밀접하게 연관되어 있다. NLP는 또한정보 검색,지식 표현 및 추론,전산언어학, 그리고 더 넓게는언어학과 관련이 있다.
자연어를 컴퓨터가 이해하기 위해선프로그래밍 언어로 처리해야 하는데, 컴퓨터가 자연어를 인식 또는 생성할 수 있도록 하는 것을 말한다.NLP 시스템의 주요 처리 작업에는음성 인식,문서 분류,자연어 이해,자연어 생성이 포함된다.
자연 언어 처리는 연구 대상이 언어이기 때문에 당연하게도 언어 자체를 연구하는언어학및 언어 현상의 내적 기재를 탐구하는 언어 인지 과학과 연관이 깊다. 구현을 위해 수학적 통계적 도구를 많이 활용하며 특히기계학습도구를 많이 사용하는 대표적인 분야이다.",1,"자연어 처리 - 위키백과, 우리 모두의 백과사전에서 보이스버스은 어떤 역할을 하나요?","보이스버스,표절 스캔들
자연어 처리,또는자연 언어 처리,는컴퓨터에 의한자연어정보의 처리이다,는컴퓨터 과학의 하위 분야이며인공지능과 밀접하게 연관되어 있다"
128,https://ko.wikipedia.org/wiki/%EC%9E%90%EC%97%B0%EC%96%B4_%EC%B2%98%EB%A6%AC,"자연어 처리 - 위키백과, 우리 모두의 백과사전","수학적 통계적 도구를 많이 활용하며 특히기계학습도구를 많이 사용하는 대표적인 분야이다. 정보검색, QA 시스템, 문서 자동 분류, 신문기사클러스터링, 대화형 에이전트 등 다양한 응용이 이루어지고 있다.
자연어 처리는 1950년대에 그 뿌리를 두고 있다.이미 1950년에앨런 튜링은 ""계산 기계와 지능""이라는 제목의 논문을 발표하여 지능의 기준으로 현재튜링 검사라고 불리는 것을 제안했다. 비록 당시에는 그것이 인공지능과 분리된 문제로 명확히 표현되지는 않았지만, 제안된 테스트에는 자연어의 자동 해석 및 생성과 관련된 작업이 포함되어 있다.

## 기호주의 NLP (1950년대 – 1990년대 초반)

기호주의 NLP의 전제는존 설의중국어 방사고 실험을 통해 종종 설명된다. 규칙 모음(예: 질문과 일치하는 답변이 있는 중국어 회화집)이 주어지면, 컴퓨터는 직면한 데이터에 해당 규칙을 적용함으로써 자연어 이해(또는 기타 NLP 작업)를 모방한다.",2,"자연어 처리 - 위키백과, 우리 모두의 백과사전에서 기호주의은 어떤 역할을 하나요?","기호주의,수학적 통계적 도구를 많이 활용하며 특히기계학습도구를 많이 사용하는 대표적인 분야이다,정보검색,시스템,문서 자동 분류"
129,https://ko.wikipedia.org/wiki/%EC%9E%90%EC%97%B0%EC%96%B4_%EC%B2%98%EB%A6%AC,"자연어 처리 - 위키백과, 우리 모두의 백과사전","면한 데이터에 해당 규칙을 적용함으로써 자연어 이해(또는 기타 NLP 작업)를 모방한다.
1950년대: 1954년의조지타운-IBM 실험은 60개 이상의 러시아어 문장을 영어로 완전히자동 번역하는 과정을 포함했다. 저자들은 3~5년 안에 기계 번역 문제가 해결될 것이라고 주장했다.그러나 실제 진전은 훨씬 더뎠고, 10년간의 연구가 기대에 미치지 못했다는 1966년의ALPAC보고서 이후 기계 번역에 대한 자금 지원이 급격히 줄어들었다. 1980년대 후반 최초의통계적 기계 번역시스템이 개발될 때까지 미국에서는 기계 번역에 대한 추가 연구가 거의 수행되지 않았다(다만 일본이나 유럽 등 다른 지역에서는 일부 연구가 계속되었다).
1960년대: 1960년대에 개발된 주목할 만한 성공적인 자연어 처리 시스템으로는 제한된 어휘를 가진 제한된 ""블록 세계""에서 작동하는 자연어 시스템인SHRDLU와, 1964년에서 1966년 사이에조셉 웨이젠바움이 작성한 로저스식 심리 치료 시뮬레이션인ELIZA가 있",3,면한 데이터에 해당 규칙을 적용함으로써 자연어 이해이란 무엇인가요?,"면한 데이터에 해당 규칙을 적용함으로써 자연어 이해,또는 기타,모방한다,년의조지타운,실험은"
130,https://ko.wikipedia.org/wiki/%EC%9E%90%EC%97%B0%EC%96%B4_%EC%B2%98%EB%A6%AC,"자연어 처리 - 위키백과, 우리 모두의 백과사전","서 1966년 사이에조셉 웨이젠바움이 작성한 로저스식 심리 치료 시뮬레이션인ELIZA가 있었다. 인간의 생각이나 감정에 대한 최소한의 정보만을 사용했음에도 불구하고, ELIZA는 인간과 유사한 상호작용을 만들어낼 수 있었다. ""환자""가 아주 작은 지식 베이스를 초과할 때 ELIZA는 일반적인 응답을 제공할 수 있었는데, 예를 들어 ""머리가 아파요""라는 말에 ""왜 머리가 아프다고 말씀하시나요?""라고 답하는 식이었다. 로스 퀼리언의 자연어 연구는 당시 컴퓨터 메모리에 들어갈 수 있는 전부였던 단 20개의 단어만으로 성공적으로 시연되었다.
1970년대: 1970년대 동안 많은 프로그래머들은 현실 세계의 정보를 컴퓨터가 이해할 수 있는 데이터로 구조화하는 ""개념적온톨로지""를 작성하기 시작했다. MARGIE (Schank, 1975), SAM (Cullingford, 1978), PAM (Wilensky, 1978), TaleSpin (Meehan, 1976), QUALM (Lehnert,",4,있었다이란 무엇인가요?,"있었다,사이에조셉 웨이젠바움이 작성한 로저스식 심리 치료 시뮬레이션인,인간의 생각이나 감정에 대한 최소한의 정보만을 사용했음에도 불구하고,인간과 유사한 상호작용을 만들어낼,아주 작은 지식 베이스를 초과할"
131,https://ko.wikipedia.org/wiki/%EC%9E%90%EC%97%B0%EC%96%B4_%EC%B2%98%EB%A6%AC,"자연어 처리 - 위키백과, 우리 모두의 백과사전",", 1978), TaleSpin (Meehan, 1976), QUALM (Lehnert, 1977), Politics (Carbonell, 1979), Plot Units (Lehnert 1981) 등이 그 예이다. 이 시기에 최초의챗봇(예:PARRY)들이 작성되었다.
1980년대: 1980년대와 1990년대 초반은 NLP에서 기호주의 방법론의 전성기였다. 당시의 집중 분야는 규칙 기반 구문 분석 연구(예:생성문법을 계산적으로 구현한HPSG의 개발), 형태론(예: 2단계 형태론), 의미론(예: Lesk 알고리즘), 참조(예: 중심화 이론) 및 자연어 이해의 다른 영역(예: 수사 구조 이론)이 포함되었다. Racter나Jabberwacky와 같은 챗봇 개발 등 다른 연구 라인도 계속되었다. (결국 1990년대 통계적 전환으로 이어진) 중요한 발전은 이 시기에 정량적 평가의 중요성이 커진 것이었다.

## 통계적 NLP (1990년대–현재)",5,"자연어 처리 - 위키백과, 우리 모두의 백과사전에서 예이다은 어떤 역할을 하나요?","예이다,시기에 최초의챗봇,들이 작성되었다,년대와,년대 초반은"
132,https://ko.wikipedia.org/wiki/%EC%9E%90%EC%97%B0%EC%96%B4_%EC%B2%98%EB%A6%AC,"자연어 처리 - 위키백과, 우리 모두의 백과사전","기에 정량적 평가의 중요성이 커진 것이었다.

## 통계적 NLP (1990년대–현재)

1980년대까지 대부분의 자연어 처리 시스템은 복잡한 수작업 규칙 세트에 기반했다. 그러나 1980년대 후반부터 언어 처리를 위한기계 학습알고리즘이 도입되면서 자연어 처리에 혁명이 일어났다. 이러한 변화는 컴퓨팅 파워의 증가(무어의 법칙참조)와촘스키언어 이론(예:변형생성문법)의 지배력 약화에 영향을 받았다. 촘스키 이론의 이론적 토대는 기계 학습 접근 방식의 기초가 되는말뭉치언어학과 같은 방식을 권장하지 않았기 때문이다.
1990년대: 통계적 NLP 방법의 주목할 만한 초기 성공의 상당수는기계 번역분야에서 일어났으며, 특히IBM 정렬 모델과 같은 IBM 리서치의 연구 덕분이었다. 이러한 시스템은 모든 정부 의사록을 모든 공식 언어로 번역하도록 규정한 법률 덕분에캐나다 의회와유럽 연합에서 생성된 기존의 다국어말뭉치를 활용할 수 있었다.",6,통계적의 주요 특징은 무엇인가요?,"통계적,기에 정량적 평가의 중요성이 커진 것이었다,년대까지 대부분의 자연어 처리 시스템은 복잡한 수작업 규칙 세트에 기반했다,그러나,년대 후반부터 언어 처리를 위한기계 학습알고리즘이 도입되면서 자연어 처리에 혁명이 일어났다"
133,https://ko.wikipedia.org/wiki/%EC%9E%90%EC%97%B0%EC%96%B4_%EC%B2%98%EB%A6%AC,"자연어 처리 - 위키백과, 우리 모두의 백과사전","한 법률 덕분에캐나다 의회와유럽 연합에서 생성된 기존의 다국어말뭉치를 활용할 수 있었다. 그러나 많은 시스템은 수행하도록 설계된 작업을 위해 특별히 개발된 말뭉치에 의존했다. 이러한 의존성은 광범위한 효과를 내는 데 주요 한계가 되었으며 유사한 시스템에 계속 영향을 미치고 있다. 결과적으로 제한된 양의 데이터로부터 효과적으로 학습하는 방법에 많은 연구가 집중되었다.
2000년대: 웹의 성장과 함께 1990년대 중반 이후 점점 더 많은 가공되지 않은(주석이 달리지 않은) 언어 데이터를 사용할 수 있게 되었다. 이에 따라 연구는 점차비지도 학습및준지도 학습알고리즘에 집중되었다. 이러한 알고리즘은 원하는 정답이 수작업으로 주석 달리지 않은 데이터나, 주석이 달린 데이터와 달리지 않은 데이터의 조합을 통해 학습할 수 있다. 일반적으로 이 작업은지도 학습보다 훨씬 어렵고 동일한 양의 입력 데이터에 대해 일반적으로 덜 정확한 결과를 생성한다.",7,법률 덕분에캐나다 의회와유럽 연합에서 생성된 기존의 다국어말뭉치를 활용할에 대해 설명해주세요.,"법률 덕분에캐나다 의회와유럽 연합에서 생성된 기존의 다국어말뭉치를 활용할,있었다,그러나 많은 시스템은 수행하도록 설계된 작업을 위해 특별히 개발된 말뭉치에 의존했다,이러한 의존성은 광범위한 효과를 내는,주요 한계가 되었으며 유사한 시스템에 계속 영향을 미치고 있다"
134,https://ko.wikipedia.org/wiki/%EC%9E%90%EC%97%B0%EC%96%B4_%EC%B2%98%EB%A6%AC,"자연어 처리 - 위키백과, 우리 모두의 백과사전","보다 훨씬 어렵고 동일한 양의 입력 데이터에 대해 일반적으로 덜 정확한 결과를 생성한다. 그러나 주석이 달리지 않은 방대한 양의 데이터(월드 와이드 웹의 전체 콘텐츠 포함)를 사용할 수 있으므로, 사용된 알고리즘의시간 복잡도가 실용적일 만큼 충분히 낮다면 낮은 효율성을 보충할 수 있는 경우가 많다.
2003년:당시 최고의 통계 알고리즘이었던단어 n-그램 모델이 (요슈아 벤지오등에 의해 수천만 개의 단어로 훈련되고 하나의 은닉층과 여러 단어의 문맥 길이를 가진)다층 퍼셉트론에 의해 추월당했다.
2010년:토마시 미콜로프(당시브르노 공과대학교박사과정생)는 공동 저자들과 함께 단일 은닉층을 가진 단순순환 신경망을 언어 모델링에 적용했고,이후 몇 년 동안Word2vec을 개발했다. 2010년대에는표현 학습및심층 신경망스타일(많은 은닉층을 특징으로 함) 기계 학습 방법이 자연어 처리에서 널리 보급되었다.",8,보다 훨씬 어렵고 동일한 양의 입력 데이터에 대해 일반적으로이란 무엇인가요?,"보다 훨씬 어렵고 동일한 양의 입력 데이터에 대해 일반적으로,정확한 결과를 생성한다,그러나 주석이 달리지 않은 방대한 양의 데이터,월드 와이드 웹의 전체 콘텐츠 포함,사용할"
135,https://ko.wikipedia.org/wiki/%EC%9E%90%EC%97%B0%EC%96%B4_%EC%B2%98%EB%A6%AC,"자연어 처리 - 위키백과, 우리 모두의 백과사전","망스타일(많은 은닉층을 특징으로 함) 기계 학습 방법이 자연어 처리에서 널리 보급되었다. 이러한 전환은 그러한 기술이언어 모델링및 구문 분석과 같은 많은 자연어 작업에서 최첨단 결과를 달성할 수 있음을 보여주는 결과로 인해 탄력을 받았다. 이는의료 및 건강 관리분야에서 점점 더 중요해지고 있는데, 여기서 NLP는 치료를 개선하거나 환자의 개인 정보를 보호하기 위해 연구가 어려운전자의무기록내의 노트와 텍스트를 분석하는 데 도움을 준다.

## 접근 방식: 기호주의, 통계, 인공 신경망

기호주의 접근 방식, 즉 기호를 조작하기 위한 규칙 세트의 수작업 코딩과 사전 조회를 결합한 방식은 역사적으로 일반적인 AI와 특히 NLP 모두에서 사용된 최초의 접근 방식이었다.예를 들어 문법을 작성하거나어간 추출을 위한 휴리스틱 규칙을 고안하는 방식이 있다.
반면 통계 및 신경망을 모두 포함하는기계 학습접근 방식은 기호주의 접근 방식에 비해 많은 장점을 가진다.",9,망스타일에 대해 설명해주세요.,"망스타일,많은 은닉층을 특징으로,기계 학습 방법이 자연어 처리에서 널리 보급되었다,이러한 전환은 그러한 기술이언어 모델링및 구문 분석과 같은 많은 자연어 작업에서 최첨단 결과를 달성할,있음을 보여주는 결과로 인해 탄력을 받았다"
136,https://ko.wikipedia.org/wiki/%EC%9E%90%EC%97%B0%EC%96%B4_%EC%B2%98%EB%A6%AC,"자연어 처리 - 위키백과, 우리 모두의 백과사전","경망을 모두 포함하는기계 학습접근 방식은 기호주의 접근 방식에 비해 많은 장점을 가진다.
통계 및 신경망 방법은 텍스트 말뭉치에서 추출된 가장 일반적인 사례에 더 집중할 수 있는 반면, 규칙 기반 접근 방식은 희귀한 사례와 일반적인 사례 모두에 대해 동등하게 규칙을 제공해야 한다.
통계 또는 신경망 방식에 의해 생성된언어 모델은 규칙 기반 시스템에 비해 낯선 입력(예: 이전에 본 적 없는 단어나 구조 포함)과 오류가 있는 입력(예: 오타가 있거나 실수로 단어가 누락된 경우) 모두에 대해 더 견고하며, 제작 비용도 적게 든다.
이러한 (확률적) 언어 모델은 규모가 커질수록 더 정확해지는 반면, 규칙 기반 시스템은 규칙의 양과 복잡성을 늘려야만 정확도를 높일 수 있어해결 불가능한 문제를 야기할 수 있다.
규칙 기반 시스템은 다음과 같은 경우에 흔히 사용된다.",10,"자연어 처리 - 위키백과, 우리 모두의 백과사전에서 경망을 모두 포함하는기계 학습접근 방식은 기호주의 접근 방식에 비해 많은 장점을 가진다은 어떤 역할을 하나요?","경망을 모두 포함하는기계 학습접근 방식은 기호주의 접근 방식에 비해 많은 장점을 가진다,신경망 방법은 텍스트 말뭉치에서 추출된 가장 일반적인 사례에,집중할,있는 반면,규칙 기반 접근 방식은 희귀한 사례와 일반적인 사례 모두에 대해 동등하게 규칙을 제공해야 한다"
137,https://ko.wikipedia.org/wiki/%EC%9E%90%EC%97%B0%EC%96%B4_%EC%B2%98%EB%A6%AC,"자연어 처리 - 위키백과, 우리 모두의 백과사전","불가능한 문제를 야기할 수 있다.
규칙 기반 시스템은 다음과 같은 경우에 흔히 사용된다.
훈련 데이터의 양이 기계 학습 방법을 성공적으로 적용하기에 불충분한 경우(예:Apertium시스템에서 제공하는 저자원 언어의 기계 번역).
NLP 파이프라인의 전처리(예:토큰화).
NLP 파이프라인 출력의 후처리 및 변환(예: 구문 분석 결과로부터지식 추출).

## 통계적 접근 방식

1980년대 후반과 1990년대 중반에 통계적 접근 방식은 규칙 기반 접근 방식의 비효율성으로 인해 발생했던AI 겨울의 시기를 끝냈다.
엄격한if-then 규칙시스템을 생성하는 초기결정 트리는 여전히 기존의 규칙 기반 접근 방식과 매우 유사했다. 품사 태깅에 적용된 은닉마르코프 모형의 도입만이 기존 규칙 기반 방식의 종말을 알렸다.

## 인공 신경망

통계적 방법의 주요 단점은 정교한특징 공학이 필요하다는 점이다.",11,불가능한 문제를 야기할에 대해 설명해주세요.,"불가능한 문제를 야기할,규칙 기반 시스템은 다음과 같은 경우에 흔히 사용된다,훈련 데이터의 양이 기계 학습 방법을 성공적으로 적용하기에 불충분한 경우,시스템에서 제공하는 저자원 언어의 기계 번역,파이프라인의 전처리"
138,https://ko.wikipedia.org/wiki/%EC%9E%90%EC%97%B0%EC%96%B4_%EC%B2%98%EB%A6%AC,"자연어 처리 - 위키백과, 우리 모두의 백과사전",".

## 인공 신경망

통계적 방법의 주요 단점은 정교한특징 공학이 필요하다는 점이다. 2015년부터인공 신경망기반 방법은 단어의 의미적 특성을 포착하기 위해시맨틱 네트워크와워드 임베딩을 사용하여 전통적인 통계적 접근 방식을 점차 대체해 왔다.
중간 작업(예: 품사 태깅 및 의존 구문 분석)은 더 이상 필요하지 않게 되었다.
당시 새로 발명된시퀀스 투 시퀀스변환에 기반한신경망 기계 번역은 이전에통계적 기계 번역에 필요했던 단어 정렬과 같은 중간 단계를 불필요하게 만들었다.

## 일반적인 NLP 작업

다음은 자연어 처리에서 가장 흔히 연구되는 작업 중 일부이다. 이러한 작업 중 일부는 직접적인 실생활 응용 분야가 있는 반면, 다른 작업들은 더 큰 작업을 해결하는 데 도움을 주는 하위 작업으로 더 흔히 쓰인다.
자연어 처리 작업들은 밀접하게 얽혀 있지만, 편의상 범주를 나눌 수 있다. 대략적인 구분은 다음과 같다.

## 텍스트 및 음성 처리

## 형태학적 분석",12,인공 신경망이란 무엇인가요?,"인공 신경망,통계적 방법의 주요 단점은 정교한특징 공학이 필요하다는 점이다,년부터인공 신경망기반 방법은 단어의 의미적 특성을 포착하기 위해시맨틱 네트워크와워드 임베딩을 사용하여 전통적인 통계적 접근 방식을 점차 대체해 왔다,중간 작업,품사 태깅"
139,https://ko.wikipedia.org/wiki/%EC%9E%90%EC%97%B0%EC%96%B4_%EC%B2%98%EB%A6%AC,"자연어 처리 - 위키백과, 우리 모두의 백과사전","있다. 대략적인 구분은 다음과 같다.

## 텍스트 및 음성 처리

## 형태학적 분석

## 어휘 의미론 (문맥 내 개별 단어의 의미)

## 관계 의미론 (개별 문장의 의미론)

## 담론 (개별 문장을 넘어서는 의미론)

## 고차원 NLP 응용 분야

## 일반적인 경향 및 (가능한) 향후 방향

이 분야의 오랜 트렌드를 바탕으로 NLP의 미래 방향을 추정해 볼 수 있다. 2020년 기준으로 오랜 역사를 가진 CoNLL 공유 과제의 주제들 사이에서 세 가지 트렌드를 관찰할 수 있다.
점점 더 추상적이고 ""인지적인"" 자연어 측면에 대한 관심 (1999–2001: 얕은 구문 분석, 2002–03: 개체명 인식, 2006–09/2017–18: 의존 구문론, 2004–05/2008–09 의미역 결정, 2011–12 공통참조 해결, 2015–16: 담론 구문 분석, 2019: 의미 구문 분석).",13,대략적인 구분은 다음과 같다에 대해 설명해주세요.,"대략적인 구분은 다음과 같다,텍스트,음성 처리,형태학적 분석,어휘 의미론"
140,https://ko.wikipedia.org/wiki/%EC%9E%90%EC%97%B0%EC%96%B4_%EC%B2%98%EB%A6%AC,"자연어 처리 - 위키백과, 우리 모두의 백과사전","1–12 공통참조 해결, 2015–16: 담론 구문 분석, 2019: 의미 구문 분석).
다국어성 및 잠재적인 멀티모달성에 대한 관심 증가 (1999년부터 영어; 2002년부터 스페인어, 네덜란드어; 2003년부터 독일어; 2006년부터 불가리아어, 덴마크어, 일본어, 포르투갈어, 슬로베니아어, 스웨덴어, 튀르키예어; 2007년부터 바스크어, 카탈루냐어, 중국어, 그리스어, 헝가리어, 이탈리아어, 튀르키예어; 2009년부터 체코어; 2012년부터 아랍어; 2017년: 40개 이상의 언어; 2018년: 60+/100+ 언어)
기호 표현의 제거 (규칙 기반에서 지도 학습을 거쳐 약지도 학습으로, 표현 학습 및 엔드 투 엔드 시스템)
대부분의 고차원 NLP 응용 프로그램은 지능적인 행동과 자연어에 대한 겉보기 이해를 모방하는 측면을 포함한다. 더 넓게 말하면, 점점 더 발전된 인지 행동 측면의 기술적 운영화는 NLP의 발전 궤적 중 하나를 나타낸다(위의 CoNLL 공유 과제 트렌드 참조)",14,튀르키예어이란 무엇인가요?,"튀르키예어,공통참조 해결,담론 구문 분석,의미 구문 분석,다국어성"
141,https://ko.wikipedia.org/wiki/%EC%9E%90%EC%97%B0%EC%96%B4_%EC%B2%98%EB%A6%AC,"자연어 처리 - 위키백과, 우리 모두의 백과사전","운영화는 NLP의 발전 궤적 중 하나를 나타낸다(위의 CoNLL 공유 과제 트렌드 참조).
인식은 ""사고, 경험 및 감각을 통해 지식을 습득하고 이해하는 정신적 활동 또는 과정""을 의미한다.인지 과학은 마음과 그 과정에 대한 학제간 과학적 연구이다.인지언어학은 심리학과 언어학 모두의 지식과 연구를 결합한 언어학의 학제간 분과이다.특히기호주의 NLP시대에는 전산언어학 분야가 인지 연구와 강한 유대 관계를 유지했다.
한 예로,조지 레이코프는 인지언어학의 발견과 함께 인지 과학의 관점을 통해 자연어 처리(NLP) 알고리즘을 구축하는 방법론을 제안하며,두 가지 정의적 측면을 제시한다.
레이코프가 ""한 아이디어를 다른 아이디어의 관점에서 이해하는 것""이라고 설명한개념 은유이론을 적용하여 저자의 의도에 대한 아이디어를 제공한다.예를 들어 영어 단어 'big'을 생각해보자.",15,운영화는에 대해 설명해주세요.,"운영화는,발전 궤적,하나를 나타낸다,공유 과제 트렌드 참조,인식은"
142,https://ko.wikipedia.org/wiki/%EC%9E%90%EC%97%B0%EC%96%B4_%EC%B2%98%EB%A6%AC,"자연어 처리 - 위키백과, 우리 모두의 백과사전","여 저자의 의도에 대한 아이디어를 제공한다.예를 들어 영어 단어 'big'을 생각해보자. 비교(""저것은 큰 나무다"")에 사용될 때 저자의 의도는 그 나무가 다른 나무들이나 저자의 경험에 비해 물리적으로 크다는 것을 암시하는 것이다. 은유적으로 사용될 때(""내일은 큰 날이다""), 저자의 의도는 중요성을 암시하는 것이다. ""그녀는 큰 사람이다""와 같은 다른 용법 뒤에 숨겨진 의도는 추가 정보 없이는 사람이나 인지 NLP 알고리즘 모두에게 어느 정도 모호한 상태로 남을 것이다.
예를 들어확률 문맥 자유 문법(PCFG)을 사용하여 분석 중인 텍스트 조각 전후에 제시된 정보를 기반으로 단어, 구, 문장 또는 텍스트 조각에 의미의 상대적 측정값을 할당한다. 이러한 알고리즘에 대한 수학 방정식은미국 특허 9269353에 제시되어 있다.
인지언어학과의 유대 관계는 NLP의 역사적 유산의 일부이지만, 1990년대 통계적 전환 이후에는 덜 빈번하게 다루어졌다.",16,저자의 의도에 대한 아이디어를 제공한다이란 무엇인가요?,"저자의 의도에 대한 아이디어를 제공한다,예를 들어 영어 단어,생각해보자,저것은,나무다"
143,https://ko.wikipedia.org/wiki/%EC%9E%90%EC%97%B0%EC%96%B4_%EC%B2%98%EB%A6%AC,"자연어 처리 - 위키백과, 우리 모두의 백과사전","의 역사적 유산의 일부이지만, 1990년대 통계적 전환 이후에는 덜 빈번하게 다루어졌다. 그럼에도 불구하고 기술적으로 운영 가능한 프레임워크를 향해 인지 모델을 개발하려는 접근 방식은 인지 문법,기능 문법, 로드리게스 등(2016).Building an RRG computational grammar. Onomazein, (34), 86–117. 구성 문법,계산 심리언어학 및 인지 신경과학(예:ACT-R) 등 다양한 프레임워크의 맥락에서 추진되어 왔다. 그러나ACL의 주요 컨퍼런스에서의 존재감으로 측정했을 때 주류 NLP에서의 수용은 제한적이었다.최근에는설명가능 인공지능을 달성하기 위한 접근 방식으로서 인지 NLP의 아이디어가 ""인지 AI""라는 개념 하에 부활하고 있다.마찬가지로, 인지 NLP의 아이디어는멀티모달NLP 신경망 모델에 내재되어 있으며(비록 명시적으로 밝혀지는 경우는 드물지만),특히대형 언어 모델접근 방식을 사용하는 도구 및 기술과자유 에너지 원리에 기반한인공 일반 지능의",17,역사적 유산의 일부이지만에 대해 설명해주세요.,"역사적 유산의 일부이지만,년대 통계적 전환 이후에는,빈번하게 다루어졌다,그럼에도 불구하고 기술적으로 운영 가능한 프레임워크를 향해 인지 모델을 개발하려는 접근 방식은 인지 문법,기능 문법"
144,https://ko.wikipedia.org/wiki/%EC%9E%90%EC%97%B0%EC%96%B4_%EC%B2%98%EB%A6%AC,"자연어 처리 - 위키백과, 우리 모두의 백과사전","형 언어 모델접근 방식을 사용하는 도구 및 기술과자유 에너지 원리에 기반한인공 일반 지능의 새로운 방향에서 영국 신경과학자이자 유니버시티 칼리지 런던의 이론가인칼 J. 프리스턴등에 의해 연구되고 있다.

## 형태소 분석

자연 언어 처리에서 말하는형태소 분석이란 어떤 대상어절을 최소의 의미 단위인 '형태소'로 분석하는 것을 의미한다. (형태소는 단어 그 자체가 될 수도 있고, 일반적으로는 단어보다 작은 단위이다.)정보 검색 엔진에서한국어의색인어 추출에 많이 사용한다.
형태소 분석 단계에서 문제가 되는 부분은 미등록어, 오탈자, 띄어쓰기 오류 등에 의한 형태소 분석의 오류, 중의성이나 신조어 처리 등이 있는데, 이들은 형태소 분석에 치명적인 약점이라 할 수 있다. 복합 명사 분해도 형태소 분석의 어려운 문제 중 하나이다. 복합 명사란 하나 이상의 단어가 합쳐서 새로운 의미를 생성해 낸 단어로 '봄바람' 정보검색' '종합정보시스템' 등을 그 예로 들 수 있다.",18,언어 모델접근 방식을 사용하는 도구의 주요 특징은 무엇인가요?,"언어 모델접근 방식을 사용하는 도구,기술과자유 에너지 원리에 기반한인공 일반 지능의 새로운 방향에서 영국 신경과학자이자 유니버시티 칼리지 런던의 이론가인칼,프리스턴등에 의해 연구되고 있다,형태소 분석,자연 언어 처리에서 말하는형태소 분석이란 어떤 대상어절을 최소의 의미 단위인"
145,https://ko.wikipedia.org/wiki/%EC%9E%90%EC%97%B0%EC%96%B4_%EC%B2%98%EB%A6%AC,"자연어 처리 - 위키백과, 우리 모두의 백과사전","를 생성해 낸 단어로 '봄바람' 정보검색' '종합정보시스템' 등을 그 예로 들 수 있다. 이러한 단어는 한국어에서 띄어쓰기에 따른 형식도 불분명할 뿐만 아니라 다양한 복합 유형 등에 따라 의미의 통합이나 분해가 다양한 양상을 보이기 때문에 이들 형태소를 분석하는 것은 매우 어려운 문제이다. 기계적으로 복합명사를 처리하는 방식 중의 하나는, 음절 단위를 기반으로 하는 bi-gram이 있다. 예를 들어, '복합 명사'는 음절 단위로 '복합+명사', '복+합명사', '복합명+사'의 세 가지 형태로 쪼갤 수 있고, 이 중 가장 적합한 분해 결과를 문서 내에서 출현하는 빈도 등의 추가 정보를 통해 선택하는 알고리즘이 있을 수 있다. 일반적으로, 다양하게 쪼개지는 분석 결과들 중에서 적합한 결과를 선택하기 위해,테이블 파싱이라는동적 프로그래밍방법을 사용한다.
나는 → 나(대명사) + 는(조사)
나는 → 날(동사) + 는(관형형어미)",19,"자연어 처리 - 위키백과, 우리 모두의 백과사전에서 생성해은 어떤 역할을 하나요?","생성해,단어로,봄바람,정보검색,종합정보시스템"
146,https://ko.wikipedia.org/wiki/%EC%9E%90%EC%97%B0%EC%96%B4_%EC%B2%98%EB%A6%AC,"자연어 처리 - 위키백과, 우리 모두의 백과사전","을 사용한다.
나는 → 나(대명사) + 는(조사)
나는 → 날(동사) + 는(관형형어미)
형태소 분석을 통해 나온 결과 중 가장 적합한 형태의 품사를 부착하는 것을 말한다.
보통태거라고 하는 모듈이 이 기능을 수행한다. 이는 형태소 분석기가 출력한 다양한 분석 결과 중에서 문맥에 적합한 하나의 분석 결과를 선택하는모듈이라 할 수 있다. 분석 시 문맥 좌우에 위치한중의성해소의 힌트가 되는 정보를 이용해서 적합한 분석 결과를 선택한다. 보통 태거는 대규모의 품사부착 말뭉치를 이용해서 구현하는데은닉 마르코프 모델(HMM)이 널리 사용되고 있다.
'나는'이라는 어절에 대한 형태소 분석이 다음과 같다면
나는 → 나(대명사) + 는(조사)
나는 → 날(동사) + 는(관형형어미)
다음과 같이 적절한 품사를 부착하는 것이 품사 부착이다.
나는 오늘 학교에 갔다' → '나(대명사)+는(조사)오늘 학교+에 가다+았+다'",20,대명사의 주요 특징은 무엇인가요?,"대명사,관형형어미,사용한다,형태소 분석을 통해 나온 결과,가장 적합한 형태의 품사를 부착하는 것을 말한다"
147,https://ko.wikipedia.org/wiki/%EC%9E%90%EC%97%B0%EC%96%B4_%EC%B2%98%EB%A6%AC,"자연어 처리 - 위키백과, 우리 모두의 백과사전","착이다.
나는 오늘 학교에 갔다' → '나(대명사)+는(조사)오늘 학교+에 가다+았+다'
하늘을 나는 새를 보았다' → '하늘+을날(동사)+는(관형형어미)새+를 보다+았+다'

## 구절 단위 분석

구단위 분석은 명사구, 동사구, 부사구 등의 덩어리를 의미한다.서울시 서초구 서초동에 있는 가장 유명한 회사는 어디인가요? →서울시 서초구 서초동에 있는가장 유명한회사는 어디인가요?이 해결책은 정말이지 여기에는 적합하지 않아 →이 해결책은정말이지여기에는적합하지 않아
서울시 서초구 서초동에 있는 가장 유명한 회사는 어디인가요? →서울시 서초구 서초동에 있는가장 유명한회사는 어디인가요?
이 해결책은 정말이지 여기에는 적합하지 않아 →이 해결책은정말이지여기에는적합하지 않아
절단위 분석은중문,복문등의 문장을단문단위로 분해하는 역할을 수행한다.이 영화는 재미있었는데, 저 영화는 흥미 없었다 →이 영화는 재미있었는데, 저 영화는 흥미 없었다어제 내가 본 그 영화는 아주 재미있었다 →어제 내가 본",21,서울시 서초구 서초동에 있는가장 유명한회사는 어디인가요의 주요 특징은 무엇인가요?,"서울시 서초구 서초동에 있는가장 유명한회사는 어디인가요,해결책은 정말이지 여기에는 적합하지 않아,영화는 재미있었는데,착이다,나는 오늘 학교에 갔다"
148,https://ko.wikipedia.org/wiki/%EC%9E%90%EC%97%B0%EC%96%B4_%EC%B2%98%EB%A6%AC,"자연어 처리 - 위키백과, 우리 모두의 백과사전","있었는데, 저 영화는 흥미 없었다어제 내가 본 그 영화는 아주 재미있었다 →어제 내가 본 그 영화는 아주 재미있었다.나는 오늘 하늘을 나는 새를 보았다 → 나는 오늘하늘을 나는 새를 보았다
이 영화는 재미있었는데, 저 영화는 흥미 없었다 →이 영화는 재미있었는데, 저 영화는 흥미 없었다
어제 내가 본 그 영화는 아주 재미있었다 →어제 내가 본 그 영화는 아주 재미있었다.
나는 오늘 하늘을 나는 새를 보았다 → 나는 오늘하늘을 나는 새를 보았다
이와 같이, 구 단위 분석을 먼저 수행하고 절 단위 분석을 해서 보다 큰 단위로 만든다. 이러한 분석은 다음 단계인구문 분석에서의 중의성을 해소하는 데 아주 중요한 역할을 수행한다고 할 수 있다.
분포 의미론
자연어 이해
Word2vec
↑Eisenstein, Jacob (2019년 10월 1일).《Introduction to Natural Language Processing》. The MIT Press.",22,영화는 아주 재미있었다에 대해 설명해주세요.,"영화는 아주 재미있었다,어제 내가,나는 오늘 하늘을 나는 새를 보았다,영화는 재미있었는데,있었는데"
149,https://ko.wikipedia.org/wiki/%EC%9E%90%EC%97%B0%EC%96%B4_%EC%B2%98%EB%A6%AC,"자연어 처리 - 위키백과, 우리 모두의 백과사전","n to Natural Language Processing》. The MIT Press. 1쪽.ISBN978-0-262-04284-0.
↑전철홍 2024, 39쪽
↑“NLP”.
↑Hutchins, J. (2005).“The history of machine translation in a nutshell”(PDF). 2019년 7월 13일에원본 문서(PDF)에서 보존된 문서. 2019년 2월 4일에 확인함.[개인 출판 출처]
↑""ALPAC: the (in)famous report"", John Hutchins, MT News International, no. 14, June 1996, pp. 9–12.
↑Crevier 1993, 146–148쪽harvnb 오류: 대상 없음: CITEREFCrevier1993 (도움말), see alsoBuchanan 2005, 56쪽harvnb 오류: 대상 없음: CITEREFBuchanan2005 (도움말): ""Early programs were ne",23,대상 없음이란 무엇인가요?,"대상 없음,도움말,전철홍,일에원본 문서,에서 보존된 문서"
150,https://ko.wikipedia.org/wiki/%EC%9E%90%EC%97%B0%EC%96%B4_%EC%B2%98%EB%A6%AC,"자연어 처리 - 위키백과, 우리 모두의 백과사전","CITEREFBuchanan2005 (도움말): ""Early programs were necessarily limited in scope by the size and speed of memory""
↑Koskenniemi, Kimmo(1983),《Two-level morphology: A general computational model of word-form recognition and production》(PDF), Department of General Linguistics,University of Helsinki, 2018년 12월 21일에원본 문서(PDF)에서 보존된 문서, 2020년 8월 20일에 확인함
↑Joshi, A. K., & Weinstein, S. (1981, August).Control of Inference: Role of Some Aspects of Discourse Structure-Centering. In IJCAI (pp. 385–387).",24,"자연어 처리 - 위키백과, 우리 모두의 백과사전에서 도움말은 어떤 역할을 하나요?","도움말,일에원본 문서,에서 보존된 문서,일에 확인함"
151,https://ko.wikipedia.org/wiki/%EC%9E%90%EC%97%B0%EC%96%B4_%EC%B2%98%EB%A6%AC,"자연어 처리 - 위키백과, 우리 모두의 백과사전","urse Structure-Centering. In IJCAI (pp. 385–387).
↑Guida, G.; Mauri, G. (July 1986).《Evaluation of natural language processing systems: Issues and approaches》.《Proceedings of the IEEE》74. 1026–1035쪽.Bibcode:1986IEEEP..74.1026G.doi:10.1109/PROC.1986.13580.ISSN1558-2256.S2CID30688575.
↑촘스키 언어학은 말뭉치언어학에서처럼 실제 데이터에서 발생하는 전형적인 현상에 대한 체계적인 조사보다는, 전형적으로 사고 실험을 통해 만들어진 이론적 모델의 한계를 압박하는 ""코너 케이스""(수학의병적현상과 비교 가능) 조사를 장려한다. 이러한 실제 데이터말뭉치의 생성과 사용은 자연어 처리를 위한 기계 학습 알고리즘의 근간이다.",25,촘스키 언어학은 말뭉치언어학에서처럼 실제 데이터에서 발생하는 전형적인 현상에 대한 체계적인 조사보다는이란 무엇인가요?,"촘스키 언어학은 말뭉치언어학에서처럼 실제 데이터에서 발생하는 전형적인 현상에 대한 체계적인 조사보다는,전형적으로 사고 실험을 통해 만들어진 이론적 모델의 한계를 압박하는,코너 케이스,수학의병적현상과 비교 가능,조사를 장려한다"
152,https://ko.wikipedia.org/wiki/%EC%9E%90%EC%97%B0%EC%96%B4_%EC%B2%98%EB%A6%AC,"자연어 처리 - 위키백과, 우리 모두의 백과사전","한 실제 데이터말뭉치의 생성과 사용은 자연어 처리를 위한 기계 학습 알고리즘의 근간이다. 또한 소위 ""자극의 빈곤"" 논쟁과 같은 촘스키 언어학의 이론적 근거는 기계 학습에서 전형적으로 사용되는 일반적인 학습 알고리즘이 언어 처리에서 성공할 수 없음을 수반한다. 결과적으로 촘스키 패러다임은 이러한 모델의 언어 처리 적용을 저해했다.
↑Bengio, Yoshua; Ducharme, Réjean; Vincent, Pascal; Janvin, Christian (2003년 3월 1일).《A neural probabilistic language model》.《The Journal of Machine Learning Research》3. 1137–1155쪽–ACM Digital Library 경유.
↑Mikolov, Tomáš; Karafiát, Martin; Burget, Lukáš; Černocký, Jan; Khudanpur, Sanjeev (2010년 9월 26일).〈Recurrent",26,실제 데이터말뭉치의 생성과 사용은 자연어 처리를 위한 기계 학습 알고리즘의 근간이다의 주요 특징은 무엇인가요?,"실제 데이터말뭉치의 생성과 사용은 자연어 처리를 위한 기계 학습 알고리즘의 근간이다,또한 소위,자극의 빈곤,논쟁과 같은 촘스키 언어학의 이론적 근거는 기계 학습에서 전형적으로 사용되는 일반적인 학습 알고리즘이 언어 처리에서 성공할,없음을 수반한다"
153,https://ko.wikipedia.org/wiki/%EC%9E%90%EC%97%B0%EC%96%B4_%EC%B2%98%EB%A6%AC,"자연어 처리 - 위키백과, 우리 모두의 백과사전","Jan; Khudanpur, Sanjeev (2010년 9월 26일).〈Recurrent neural network based language model〉(PDF)(영어).《Interspeech 2010》.《Proceedings of the 11th Annual Conference of the International Speech Communication Association, INTERSPEECH 2010》. 1045–1048쪽.doi:10.21437/Interspeech.2010-343.S2CID17048224.
↑Goldberg, Yoav (2016).《A Primer on Neural Network Models for Natural Language Processing》.《Journal of Artificial Intelligence Research》57. 345–420쪽.arXiv:1807.10854.doi:10.1613/jair.4992.S2CID8273530.",27,"자연어 처리 - 위키백과, 우리 모두의 백과사전에 대해 설명해주세요.","자연어 처리 - 위키백과, 우리 모두의 백과사전"
154,https://ko.wikipedia.org/wiki/%EC%9E%90%EC%97%B0%EC%96%B4_%EC%B2%98%EB%A6%AC,"자연어 처리 - 위키백과, 우리 모두의 백과사전","iv:1807.10854.doi:10.1613/jair.4992.S2CID8273530.
↑Goodfellow, Ian; Bengio, Yoshua; Courville, Aaron (2016).《Deep Learning》. MIT Press.
↑Jozefowicz, Rafal; Vinyals, Oriol; Schuster, Mike; Shazeer, Noam; Wu, Yonghui (2016).《Exploring the Limits of Language Modeling》.arXiv:1602.02410.Bibcode:2016arXiv160202410J.
↑Choe, Do Kook; Charniak, Eugene.《Parsing as Language Modeling》.《Emnlp 2016》. 2018년 10월 23일에원본 문서에서 보존된 문서. 2018년 10월 22일에 확인함.",28,일에원본 문서에서 보존된 문서에 대해 설명해주세요.,"일에원본 문서에서 보존된 문서,일에 확인함"
155,https://ko.wikipedia.org/wiki/%EC%9E%90%EC%97%B0%EC%96%B4_%EC%B2%98%EB%A6%AC,"자연어 처리 - 위키백과, 우리 모두의 백과사전","2018년 10월 23일에원본 문서에서 보존된 문서. 2018년 10월 22일에 확인함.
↑Vinyals, Oriol 외 (2014).《Grammar as a Foreign Language》(PDF).《Nips2015》.arXiv:1412.7449.Bibcode:2014arXiv1412.7449V.
↑Turchin, Alexander; Florez Builes, Luisa F. (2021년 3월 19일).《Using Natural Language Processing to Measure and Improve Quality of Diabetes Care: A Systematic Review》(영어).《Journal of Diabetes Science and Technology》15. 553–560쪽.doi:10.1177/19322968211000831.ISSN1932-2968.PMC8120048.PMID33736486.",29,일에원본 문서에서 보존된 문서이란 무엇인가요?,"일에원본 문서에서 보존된 문서,일에 확인함"
156,https://ko.wikipedia.org/wiki/%EC%9E%90%EC%97%B0%EC%96%B4_%EC%B2%98%EB%A6%AC,"자연어 처리 - 위키백과, 우리 모두의 백과사전","8211000831.ISSN1932-2968.PMC8120048.PMID33736486.
↑Lee, Jennifer; Yang, Samuel; Holland-Hall, Cynthia; Sezgin, Emre; Gill, Manjot; Linwood, Simon; Huang, Yungui; Hoffman, Jeffrey (2022년 6월 10일).《Prevalence of Sensitive Terms in Clinical Notes Using Natural Language Processing Techniques: Observational Study》(영어).《JMIR Medical Informatics》10.doi:10.2196/38482.ISSN2291-9694.PMC9233261.PMID35687381.지원되지 않는 변수 무시됨:|article-number=(도움말)",30,지원되지 않는 변수 무시됨에 대해 설명해주세요.,"지원되지 않는 변수 무시됨,도움말"
157,https://ko.wikipedia.org/wiki/%EC%9E%90%EC%97%B0%EC%96%B4_%EC%B2%98%EB%A6%AC,"자연어 처리 - 위키백과, 우리 모두의 백과사전","PMID35687381.지원되지 않는 변수 무시됨:|article-number=(도움말)
↑Winograd, Terry (1971).《Procedures as a Representation for Data in a Computer Program for Understanding Natural Language》(학위논문).
↑Schank, Roger C.; Abelson, Robert P. (1977).《Scripts, Plans, Goals, and Understanding: An Inquiry Into Human Knowledge Structures》. Hillsdale: Erlbaum.ISBN0-470-99033-3.
↑Mark Johnson. How the statistical revolution changes (computational) linguistics.Proceedings of the EACL 2009 Workshop on the Interaction between Li",31,지원되지 않는 변수 무시됨의 주요 특징은 무엇인가요?,"지원되지 않는 변수 무시됨,도움말,학위논문"
158,https://ko.wikipedia.org/wiki/%EC%9E%90%EC%97%B0%EC%96%B4_%EC%B2%98%EB%A6%AC,"자연어 처리 - 위키백과, 우리 모두의 백과사전","e EACL 2009 Workshop on the Interaction between Linguistics and Computational Linguistics.
↑Philip Resnik. Four revolutions.Language Log, February 5, 2011.
↑Socher, Richard.“Deep Learning For NLP-ACL 2012 Tutorial”.《www.socher.org》. 2021년 4월 14일에원본 문서에서 보존된 문서. 2020년 8월 17일에 확인함.This was an early Deep Learning tutorial at the ACL 2012 and met with both interest and (at the time) skepticism by most participants. Until then, neural learning was basically rejected because of its lack of statistical",32,일에원본 문서에서 보존된 문서에 대해 설명해주세요.,"일에원본 문서에서 보존된 문서,일에 확인함"
159,https://ko.wikipedia.org/wiki/%EC%9E%90%EC%97%B0%EC%96%B4_%EC%B2%98%EB%A6%AC,"자연어 처리 - 위키백과, 우리 모두의 백과사전","ically rejected because of its lack of statistical interpretability. Until 2015, deep learning had evolved into the major framework of NLP. [Link is broken, tryhttp://web.stanford.edu/class/cs224n/]
↑Segev, Elad (2022).《Semantic Network Analysis in Social Sciences》. London: Routledge.ISBN978-0-367-63652-4. 2021년 12월 5일에원본 문서에서 보존된 문서. 2021년 12월 5일에 확인함.
↑Yi, Chucai;Tian, Yingli(2012),“Assistive Text Reading from Complex Background for Blind Persons”(영어),《Camera-Based Document Analysis and Recogn",33,일에원본 문서에서 보존된 문서에 대해 설명해주세요.,"일에원본 문서에서 보존된 문서,일에 확인함"
160,https://ko.wikipedia.org/wiki/%EC%9E%90%EC%97%B0%EC%96%B4_%EC%B2%98%EB%A6%AC,"자연어 처리 - 위키백과, 우리 모두의 백과사전","ns”(영어),《Camera-Based Document Analysis and Recognition》, Lecture Notes in Computer Science (Springer Berlin Heidelberg)7139, 15–28쪽,CiteSeerX10.1.1.668.869,doi:10.1007/978-3-642-29364-1_2,ISBN978-3-642-29363-4
12“Natural Language Processing (NLP) - A Complete Guide”(영어).《www.deeplearning.ai》. 2023년 1월 11일. 2024년 5월 5일에 확인함.
↑《GeeksforGeeks. (n.d.). Tokenization in natural language processing (NLP). GeeksforGeeks.》.《Geeksforgeeks》. 2024년 6월 25일.",34,일에 확인함이란 무엇인가요?,일에 확인함
161,https://ko.wikipedia.org/wiki/%EC%9E%90%EC%97%B0%EC%96%B4_%EC%B2%98%EB%A6%AC,"자연어 처리 - 위키백과, 우리 모두의 백과사전","). GeeksforGeeks.》.《Geeksforgeeks》. 2024년 6월 25일.
↑“What is Natural Language Processing? Intro to NLP in Machine Learning”(미국 영어).《GyanSetu!》. 2020년 12월 6일. 2021년 1월 9일에 확인함.
↑Kishorjit, N.; Vidya, Raj RK.; Nirmal, Y.; Sivaji, B. (2012).《Manipuri Morpheme Identification》(PDF).《Proceedings of the 3rd Workshop on South and Southeast Asian Natural Language Processing (SANLP)》(COLING 2012, Mumbai, December 2012). 95–108쪽.",35,"자연어 처리 - 위키백과, 우리 모두의 백과사전에서 미국 영어은 어떤 역할을 하나요?","미국 영어,일에 확인함"
162,https://ko.wikipedia.org/wiki/%EC%9E%90%EC%97%B0%EC%96%B4_%EC%B2%98%EB%A6%AC,"자연어 처리 - 위키백과, 우리 모두의 백과사전","P)》(COLING 2012, Mumbai, December 2012). 95–108쪽.
↑Klein, Dan; Manning, Christopher D. (2002).《Natural language grammar induction using a constituent-context model》(PDF).《Advances in Neural Information Processing Systems》.
↑Kariampuzha, William; Alyea, Gioconda; Qu, Sue; Sanjak, Jaleal; Mathé, Ewy; Sid, Eric; Chatelaine, Haley; Yadaw, Arjun; Xu, Yanji; Zhu, Qian (2023).《Precision information extraction for rare disease epidemiology at scale》(영어).《Journal of Translational Medicine》21.",36,"자연어 처리 - 위키백과, 우리 모두의 백과사전에 대해 설명해주세요.","자연어 처리 - 위키백과, 우리 모두의 백과사전"
163,https://ko.wikipedia.org/wiki/%EC%9E%90%EC%97%B0%EC%96%B4_%EC%B2%98%EB%A6%AC,"자연어 처리 - 위키백과, 우리 모두의 백과사전","scale》(영어).《Journal of Translational Medicine》21. 157쪽.doi:10.1186/s12967-023-04011-y.PMC9972634.PMID36855134.
↑PASCAL Recognizing Textual Entailment Challenge (RTE-7)https://tac.nist.gov//2011/RTE/
↑Lippi, Marco; Torroni, Paolo (2016년 4월 20일).《Argumentation Mining: State of the Art and Emerging Trends》(영어).《ACM Transactions on Internet Technology》16. 1–25쪽.doi:10.1145/2850417.hdl:11585/523460.ISSN1533-5399.S2CID9561587.",37,"자연어 처리 - 위키백과, 우리 모두의 백과사전에 대해 설명해주세요.","자연어 처리 - 위키백과, 우리 모두의 백과사전"
164,https://ko.wikipedia.org/wiki/%EC%9E%90%EC%97%B0%EC%96%B4_%EC%B2%98%EB%A6%AC,"자연어 처리 - 위키백과, 우리 모두의 백과사전","0417.hdl:11585/523460.ISSN1533-5399.S2CID9561587.
↑“Argument Mining – IJCAI2016 Tutorial”.《www.i3s.unice.fr》. 2021년 4월 18일에원본 문서에서 보존된 문서. 2021년 3월 9일에 확인함.
↑“NLP Approaches to Computational Argumentation – ACL 2016, Berlin”(영국 영어). 2021년 3월 9일에 확인함.
↑Administration.“Centre for Language Technology (CLT)”(오스트레일리아 영어).《Macquarie University》. 2021년 1월 11일에 확인함.
↑“Shared Task: Grammatical Error Correction”.《www.comp.nus.edu.sg》. 2021년 1월 11일에 확인함.",38,일에 확인함의 주요 특징은 무엇인가요?,"일에 확인함,일에원본 문서에서 보존된 문서,영국 영어,오스트레일리아 영어"
165,https://ko.wikipedia.org/wiki/%EC%9E%90%EC%97%B0%EC%96%B4_%EC%B2%98%EB%A6%AC,"자연어 처리 - 위키백과, 우리 모두의 백과사전","ection”.《www.comp.nus.edu.sg》. 2021년 1월 11일에 확인함.
↑“Shared Task: Grammatical Error Correction”.《www.comp.nus.edu.sg》. 2021년 1월 11일에 확인함.
↑Duan, Yucong; Cruz, Christophe (2011).《Formalizing Semantic of Natural Language through Conceptualization from Existence》.《International Journal of Innovation, Management and Technology》2. 37–42쪽. 2011년 10월 9일에원본 문서에서 보존된 문서.
↑“U B U W E B:: Racter”.《www.ubu.com》. 2020년 8월 17일에 확인함.",39,일에 확인함이란 무엇인가요?,"일에 확인함,일에원본 문서에서 보존된 문서"
166,https://ko.wikipedia.org/wiki/%EC%9E%90%EC%97%B0%EC%96%B4_%EC%B2%98%EB%A6%AC,"자연어 처리 - 위키백과, 우리 모두의 백과사전","W E B:: Racter”.《www.ubu.com》. 2020년 8월 17일에 확인함.
↑Writer, Beta (2019).《Lithium-Ion Batteries》(영국 영어).doi:10.1007/978-3-030-16800-1.ISBN978-3-030-16799-8.S2CID155818532.
↑“Document Understanding AI on Google Cloud (Cloud Next '19) – YouTube”.《www.youtube.com》. 2019년 4월 11일. 2021년 10월 30일에원본 문서에서 보존된 문서. 2021년 1월 11일에 확인함.
↑Robertson, Adi (2022년 4월 6일).“OpenAI's DALL-E AI image generator can now edit pictures, too”(영어).《The Verge》. 2022년 6월 7일에 확인함.",40,일에 확인함이란 무엇인가요?,"일에 확인함,영국 영어,일에원본 문서에서 보존된 문서"
167,https://ko.wikipedia.org/wiki/%EC%9E%90%EC%97%B0%EC%96%B4_%EC%B2%98%EB%A6%AC,"자연어 처리 - 위키백과, 우리 모두의 백과사전","pictures, too”(영어).《The Verge》. 2022년 6월 7일에 확인함.
↑“The Stanford Natural Language Processing Group”.《nlp.stanford.edu》. 2022년 6월 7일에 확인함.
↑Coyne, Bob; Sproat, Richard (2001년 8월 1일).〈WordsEye〉.《Proceedings of the 28th annual conference on Computer graphics and interactive techniques》. SIGGRAPH '01. New York, NY, USA: Association for Computing Machinery. 487–496쪽.doi:10.1145/383259.383316.ISBN978-1-58113-374-5.S2CID3842372.",41,일에 확인함이란 무엇인가요?,일에 확인함
168,https://ko.wikipedia.org/wiki/%EC%9E%90%EC%97%B0%EC%96%B4_%EC%B2%98%EB%A6%AC,"자연어 처리 - 위키백과, 우리 모두의 백과사전","383259.383316.ISBN978-1-58113-374-5.S2CID3842372.
↑“Google announces AI advances in text-to-video, language translation, more”(미국 영어).《VentureBeat》. 2022년 11월 2일. 2022년 11월 9일에 확인함.
↑Vincent, James (2022년 9월 29일).“Meta's new text-to-video AI generator is like DALL-E for video”(미국 영어).《The Verge》. 2022년 11월 9일에 확인함.
↑“Previous shared tasks | CoNLL”.《www.conll.org》. 2021년 1월 11일에 확인함.
↑“Cognition”.《Lexico》.옥스퍼드 대학교 출판부andDictionary.com. 2020년 7월 15일에원본 문서에서 보존된 문서. 2020년 5월 6일에 확인함.",42,"자연어 처리 - 위키백과, 우리 모두의 백과사전에서 일에 확인함은 어떤 역할을 하나요?","일에 확인함,미국 영어,옥스퍼드 대학교 출판부,일에원본 문서에서 보존된 문서"
169,https://ko.wikipedia.org/wiki/%EC%9E%90%EC%97%B0%EC%96%B4_%EC%B2%98%EB%A6%AC,"자연어 처리 - 위키백과, 우리 모두의 백과사전","m. 2020년 7월 15일에원본 문서에서 보존된 문서. 2020년 5월 6일에 확인함.
↑“Ask the Cognitive Scientist”.《American Federation of Teachers》. 2014년 8월 8일.Cognitive science is an interdisciplinary field of researchers from Linguistics, psychology, neuroscience, philosophy, computer science, and anthropology that seek to understand the mind.
↑Robinson, Peter (2008).《Handbook of Cognitive Linguistics and Second Language Acquisition》. Routledge. 3–8쪽.ISBN978-0-805-85352-0.",43,"자연어 처리 - 위키백과, 우리 모두의 백과사전에서 일에원본 문서에서 보존된 문서은 어떤 역할을 하나요?","일에원본 문서에서 보존된 문서,일에 확인함"
170,https://ko.wikipedia.org/wiki/%EC%9E%90%EC%97%B0%EC%96%B4_%EC%B2%98%EB%A6%AC,"자연어 처리 - 위키백과, 우리 모두의 백과사전","uisition》. Routledge. 3–8쪽.ISBN978-0-805-85352-0.
↑Lakoff, George (1999).《Philosophy in the Flesh: The Embodied Mind and Its Challenge to Western Philosophy; Appendix: The Neural Theory of Language Paradigm》. New York Basic Books. 569–583쪽.ISBN978-0-465-05674-3.
↑Strauss, Claudia (1999).《A Cognitive Theory of Cultural Meaning》. Cambridge University Press. 156–164쪽.ISBN978-0-521-59541-4.
↑USpatent 9269353
↑“Universal Conceptual Cognitive Annotation (UCCA)”(미국 영어).《Universal Conceptual Cognitive A",44,미국 영어의 주요 특징은 무엇인가요?,미국 영어
171,https://ko.wikipedia.org/wiki/%EC%9E%90%EC%97%B0%EC%96%B4_%EC%B2%98%EB%A6%AC,"자연어 처리 - 위키백과, 우리 모두의 백과사전","n (UCCA)”(미국 영어).《Universal Conceptual Cognitive Annotation (UCCA)》. 2021년 1월 11일에 확인함.
↑“Fluid Construction Grammar – A fully operational processing system for construction grammars”(미국 영어). 2021년 1월 11일에 확인함.
↑“ACL Member Portal | The Association for Computational Linguistics Member Portal”.《www.aclweb.org》. 2021년 1월 11일에 확인함.
↑“Chunks and Rules”(영어).《W3C》. 2021년 1월 11일에 확인함.
↑Socher, Richard; Karpathy, Andrej; Le, Quoc V.; Manning, Christopher D.; Ng, Andrew Y.",45,"자연어 처리 - 위키백과, 우리 모두의 백과사전에서 일에 확인함은 어떤 역할을 하나요?","일에 확인함,미국 영어"
172,https://ko.wikipedia.org/wiki/%EC%9E%90%EC%97%B0%EC%96%B4_%EC%B2%98%EB%A6%AC,"자연어 처리 - 위키백과, 우리 모두의 백과사전",", Quoc V.; Manning, Christopher D.; Ng, Andrew Y. (2014).《Grounded Compositional Semantics for Finding and Describing Images with Sentences》.《Transactions of the Association for Computational Linguistics》2. 207–218쪽.doi:10.1162/tacl_a_00177.S2CID2317858.
↑Friston, Karl J. (2022).《Active Inference: The Free Energy Principle in Mind, Brain, and Behavior; Chapter 4 The Generative Models of Active Inference》. The MIT Press.ISBN978-0-262-36997-8.",46,"자연어 처리 - 위키백과, 우리 모두의 백과사전에 대해 설명해주세요.","자연어 처리 - 위키백과, 우리 모두의 백과사전"
173,https://ko.wikipedia.org/wiki/%EC%9E%90%EC%97%B0%EC%96%B4_%EC%B2%98%EB%A6%AC,"자연어 처리 - 위키백과, 우리 모두의 백과사전","Inference》. The MIT Press.ISBN978-0-262-36997-8.
전철홍; 유선아 (2024년 2월).“과학교육 분야 자연어 처리 기법의 연구동향 분석”.《한국과학교육학회지》(한국과학교육학회)44(1): 39-55.
위키미디어 공용에자연어 처리관련 미디어 분류가 있습니다.
에너지 소비(그린 컴퓨팅)
솔리드 모델링
인쇄 회로 기판
전자 설계 자동화
초고밀도 집적 회로
하드웨어 가속
무선 센서 네트워크
사이버 물리 시스템
실시간 컴퓨팅
임베디드 시스템
장애 허용 시스템
컴퓨터 구조
계산 복잡도
네트워크 아키텍처
네트워크 성능 평가
네트워크 서비스
네트워크 스케줄러
네트워크 구성 요소
네트워크 프로토콜
소프트웨어 품질
도메인 특화 언어
소프트웨어 라이브러리
모델링 언어
소프트웨어 구성 관리
소프트웨어 저장소
소프트웨어 프레임워크
통합 개발 환경
프로그래밍 언어
프로그래밍 패러다임
오픈 소스 모델
요구사항 분석
소프트웨어 구축
소프트웨어 개발",47,전철홍에 대해 설명해주세요.,"전철홍,유선아,과학교육 분야 자연어 처리 기법의 연구동향 분석,한국과학교육학회지,한국과학교육학회"
174,https://ko.wikipedia.org/wiki/%EC%9E%90%EC%97%B0%EC%96%B4_%EC%B2%98%EB%A6%AC,"자연어 처리 - 위키백과, 우리 모두의 백과사전","언어
프로그래밍 패러다임
오픈 소스 모델
요구사항 분석
소프트웨어 구축
소프트웨어 개발
소프트웨어 개발 프로세스
소프트웨어 설계
소프트웨어 배포
소프트웨어 유지보수
소프트웨어 공학
프로그래밍 팀
계산 가능성 이론
계산 복잡도 이론
계산 모델확률적
오토마타 이론
알고리즘 설계
알고리즘 분석
알고리즘 효율성
확률적 알고리즘
해석학 (수학)
수학 소프트웨어
이론 컴퓨터 과학
데이터 마이닝
데이터베이스 관리 시스템
결정 지원 시스템
기업 정보 시스템
정보 저장 시스템
디지털 마케팅
디지털 도서관
멀티미디어 데이터베이스
문서 관리 시스템
소셜 정보 시스템
월드 와이드 웹
지리 정보 시스템
컴퓨팅 플랫폼
네트워크 보안
애플리케이션 보안
보안 서비스
침입 탐지 시스템
하드웨어 보안
모바일 컴퓨팅
소셜 컴퓨팅
유비쿼터스 컴퓨팅
인간-컴퓨터 상호 작용
인터랙션 디자인
컴퓨터 접근성
병렬 컴퓨팅
병행 컴퓨팅
분산 컴퓨팅
자동화된 계획 및 스케줄링
자연어 처리
컴퓨터 비전
분산 인공지능
탐색 방법론",48,"언어
프로그래밍 패러다임
오픈 소스 모델
요구사항 분석
소프트웨어 구축
소프트웨어 개발
소프트웨어 개발 프로세스
소프트웨어 설계
소프트웨어 배포
소프트웨어 유지보수
소프트웨어 공학
프로그래밍의 주요 특징은 무엇인가요?","언어
프로그래밍 패러다임
오픈 소스 모델
요구사항 분석
소프트웨어 구축
소프트웨어 개발
소프트웨어 개발 프로세스
소프트웨어 설계
소프트웨어 배포
소프트웨어 유지보수
소프트웨어 공학
프로그래밍,계산 가능성 이론
계산 복잡도 이론
계산 모델확률적
오토마타 이론
알고리즘 설계
알고리즘 분석
알고리즘 효율성
확률적 알고리즘
해석학,수학 소프트웨어
이론 컴퓨터 과학
데이터 마이닝
데이터베이스 관리 시스템
결정 지원 시스템
기업 정보 시스템
정보 저장 시스템
디지털 마케팅
디지털 도서관
멀티미디어 데이터베이스
문서 관리 시스템
소셜 정보 시스템
월드 와이드,지리 정보 시스템
컴퓨팅 플랫폼
네트워크 보안
애플리케이션 보안
보안 서비스
침입 탐지 시스템
하드웨어 보안
모바일 컴퓨팅
소셜 컴퓨팅
유비쿼터스 컴퓨팅
인간,컴퓨터 상호 작용
인터랙션 디자인
컴퓨터 접근성
병렬 컴퓨팅
병행 컴퓨팅
분산 컴퓨팅
자동화된 계획"
175,https://ko.wikipedia.org/wiki/%EC%9E%90%EC%97%B0%EC%96%B4_%EC%B2%98%EB%A6%AC,"자연어 처리 - 위키백과, 우리 모두의 백과사전","산 컴퓨팅
자동화된 계획 및 스케줄링
자연어 처리
컴퓨터 비전
분산 인공지능
탐색 방법론
인공지능 철학
다중 작업 학습
비지도 학습
솔리드 모델링
이미지 압축
컴퓨터 애니메이션
그래픽 처리 장치
계산사회과학
디지털 아트
워드 프로세서
양자 컴퓨팅
전자 상거래
전사적 소프트웨어
사이버 전쟁
비디오 게임
vte미분 가능 컴퓨팅일반미분 가능 프로그래밍귀납적 편향신경형태 컴퓨팅자동 미분정보 기하학통계 다양체패턴 인식리치 미적분학계산 학습 이론하드웨어IPU멤리스터SpiNNakerTPUVPU소프트웨어 라이브러리JAX케라스마인드스포어PyTorchScikit-learn텐서플로TheanoFlux.jl포털컴퓨터 프로그래밍기술
미분 가능 프로그래밍
귀납적 편향
신경형태 컴퓨팅
정보 기하학
통계 다양체
리치 미적분학
계산 학습 이론
SpiNNaker
마인드스포어
PyTorch
Scikit-learn
Theano
Flux.jl
포털컴퓨터 프로그래밍기술
컴퓨터 프로그래밍
예일 LUX",49,"컴퓨팅
자동화된 계획의 주요 특징은 무엇인가요?","컴퓨팅
자동화된 계획,스케줄링
자연어 처리
컴퓨터 비전
분산 인공지능
탐색 방법론
인공지능 철학
다중 작업 학습
비지도 학습
솔리드 모델링
이미지 압축
컴퓨터 애니메이션
그래픽 처리 장치
계산사회과학
디지털 아트
워드 프로세서
양자 컴퓨팅
전자 상거래
전사적 소프트웨어
사이버 전쟁
비디오 게임,미분 가능 컴퓨팅일반미분 가능 프로그래밍귀납적 편향신경형태 컴퓨팅자동 미분정보 기하학통계 다양체패턴 인식리치 미적분학계산 학습 이론하드웨어,멤리스터,소프트웨어 라이브러리"
176,https://ko.wikipedia.org/wiki/%EC%9E%90%EC%97%B0%EC%96%B4_%EC%B2%98%EB%A6%AC,"자연어 처리 - 위키백과, 우리 모두의 백과사전","ux.jl
포털컴퓨터 프로그래밍기술
컴퓨터 프로그래밍
예일 LUX",50,"자연어 처리 - 위키백과, 우리 모두의 백과사전에서 포털컴퓨터 프로그래밍기술
컴퓨터 프로그래밍
예일은 어떤 역할을 하나요?","포털컴퓨터 프로그래밍기술
컴퓨터 프로그래밍
예일"
177,https://ko.wikipedia.org/wiki/%EB%94%A5_%EB%9F%AC%EB%8B%9D,"딥 러닝 - 위키백과, 우리 모두의 백과사전","비지도 학습
온라인 기계 학습
준지도 학습
자기 지도 학습
규칙 기반 기계 학습
뉴로모픽 엔지니어링
양자 기계 학습
클러스터 분석
데이터 정제
AutoML
연관 규칙 학습
구조 기반 예측
온톨로지 학습
멀티모달 학습
결정 트리 학습법
앙상블 학습법배깅부스팅랜덤 포레스트
랜덤 포레스트
최근접 이웃 탐색
나이브 베이즈
로지스틱 회귀
상관 벡터 머신(RVM)
서포트 벡터 머신(SVM)
CURE 알고리즘
계층적 군집화
k-평균 알고리즘
퍼지 클러스터링
기댓값 최대화 알고리즘
DBSCAN
OPTICS
독립 성분 분석
선형 판별 분석
음수 미포함 행렬 분해
주성분 분석
그래프 모형베이즈 네트워크조건부 무작위장은닉 마르코프 모형
베이즈 네트워크
조건부 무작위장
은닉 마르코프 모형
잠재 디리클레 할당
무작위 표본 합의
k-최근접 이웃 알고리즘
국소 특이점 요인
고립 포레스트
순방향 신경망
순환 신경망LSTMGRU
볼츠만 머신제한된
생성적 적대 신경망
자기조직화 지도",0,"비지도 학습
온라인 기계 학습
준지도 학습
자기 지도 학습
규칙 기반 기계 학습
뉴로모픽 엔지니어링
양자 기계 학습
클러스터 분석
데이터 정제이란 무엇인가요?","비지도 학습
온라인 기계 학습
준지도 학습
자기 지도 학습
규칙 기반 기계 학습
뉴로모픽 엔지니어링
양자 기계 학습
클러스터 분석
데이터 정제,연관 규칙 학습
구조 기반 예측
온톨로지 학습
멀티모달 학습
결정 트리 학습법
앙상블 학습법배깅부스팅랜덤 포레스트
랜덤 포레스트
최근접 이웃 탐색
나이브 베이즈
로지스틱 회귀
상관 벡터 머신,서포트 벡터 머신,알고리즘
계층적 군집화,평균 알고리즘
퍼지 클러스터링
기댓값 최대화 알고리즘"
178,https://ko.wikipedia.org/wiki/%EB%94%A5_%EB%9F%AC%EB%8B%9D,"딥 러닝 - 위키백과, 우리 모두의 백과사전","향 신경망
순환 신경망LSTMGRU
볼츠만 머신제한된
생성적 적대 신경망
자기조직화 지도
합성곱 신경망U-NetLeNet알렉스넷딥드림
신경장신경 방사장물리정보 신경망
신경 방사장
물리정보 신경망
트랜스포머비전
스파이킹 신경망
멤트렌지스터
전기화학 RAM
다층 퍼셉트론
시간차 학습
액티브 러닝
크라우드소싱
휴먼인더루프
수신자 조작 특성
커널 메소드
편향-분산 트레이드오프
계산학습이론
경험적 위험 최소화
PAC 러닝
통계적 학습이론
NeurIPS
기계 학습 알고리즘 목록
기계 탈학습
유사도 학습
인공 일반 지능
지능형 에이전트
재귀적 자기 개선
계획 및 스케줄링
컴퓨터 비전
일반 게임 플레이
지식 표현 및 추론
자연어 처리
베이즈 네트워크
진화 알고리즘
하이브리드 인텔리전트 시스템
시스템 통합
오픈 소스 인공지능
AI 데이터 센터
생성형 인공지능예술오디오음악
의료정신 건강
소프트웨어 개발
쓰라린 교훈
친절한 AI
실존적 위험
불쾌한 골짜기
인간-AI 상호작용
인공지능 거품",1,"신경망
순환 신경망이란 무엇인가요?","신경망
순환 신경망,볼츠만 머신제한된
생성적 적대 신경망
자기조직화 지도
합성곱 신경망,알렉스넷딥드림
신경장신경 방사장물리정보 신경망
신경 방사장
물리정보 신경망
트랜스포머비전
스파이킹 신경망
멤트렌지스터
전기화학,다층 퍼셉트론
시간차 학습
액티브 러닝
크라우드소싱
휴먼인더루프
수신자 조작 특성
커널 메소드
편향,분산 트레이드오프
계산학습이론
경험적 위험 최소화"
179,https://ko.wikipedia.org/wiki/%EB%94%A5_%EB%9F%AC%EB%8B%9D,"딥 러닝 - 위키백과, 우리 모두의 백과사전","발
쓰라린 교훈
친절한 AI
실존적 위험
불쾌한 골짜기
인간-AI 상호작용
인공지능 거품
딥페이크 포르노그래피테일러 스위프트 딥페이크 포르노그래피 논란Grok 딥페이크 포르노그래피 논란
테일러 스위프트 딥페이크 포르노그래피 논란
Grok 딥페이크 포르노그래피 논란
구글 제미나이 이미지 생성 논란
거대 AI 실험 중단: 공개 서한
오픈AI의 샘 올트먼 해임 사건
AI 위험에 관한 성명
테이 (챗봇)
Théâtre D'opéra Spatial
보이스버스 NFT 표절 스캔들
심층 학습(深層學習) 또는딥 러닝(영어:deep structured learning, deep learning 또는 hierarchical learning)은 여러 '비선형 변환기법'의 조합을 통해 높은 수준의 추상화(abstractions, 다량의 데이터나 복잡한 자료들 속에서 핵심적인 내용 또는 기능을 요약하는 작업)를 시도하는기계 학습알고리즘의 집합으로 정의되며, 큰 틀에서 사람의 사고방식을컴퓨터에게 가르치는 기",2,"쓰라린 교훈
친절한에 대해 설명해주세요.","쓰라린 교훈
친절한,실존적 위험
불쾌한 골짜기
인간,상호작용
인공지능 거품
딥페이크 포르노그래피테일러 스위프트 딥페이크 포르노그래피 논란,딥페이크 포르노그래피 논란
테일러 스위프트 딥페이크 포르노그래피 논란,딥페이크 포르노그래피 논란
구글 제미나이 이미지 생성 논란
거대"
180,https://ko.wikipedia.org/wiki/%EB%94%A5_%EB%9F%AC%EB%8B%9D,"딥 러닝 - 위키백과, 우리 모두의 백과사전","는기계 학습알고리즘의 집합으로 정의되며, 큰 틀에서 사람의 사고방식을컴퓨터에게 가르치는 기계학습의 한 분야라고 이야기할 수 있다.
어떠한 데이터가 있을 때 이를 컴퓨터가 알아 들을 수 있는 형태(예를 들어 이미지의 경우는픽셀정보를열벡터로 표현하는 등)로 표현(representation)하고 이를 학습에 적용하기 위해 많은 연구(어떻게 하면 더 좋은 표현기법을 만들고 또 어떻게 이것들을 학습할 모델을 만들지에 대한)가 진행되고 있으며, 이러한 노력의 결과로 deep neural networks, convolutional deep neural networks, deep belief networks와 같은 다양한 딥 러닝 기법들이컴퓨터 비전,음성인식,자연어 처리, 음성/신호처리등 최첨단 분야에 적용되고 있다.
2012년스탠포드대학의앤드류 응과구글이 함께한 딥 러닝 프로젝트에서는 16,000개의컴퓨터 프로세서와 10억 개 이상의 neural networks 그리고 DNN(deep neura",3,"딥 러닝 - 위키백과, 우리 모두의 백과사전에서 는기계 학습알고리즘의 집합으로 정의되며은 어떤 역할을 하나요?","는기계 학습알고리즘의 집합으로 정의되며,틀에서 사람의 사고방식을컴퓨터에게 가르치는 기계학습의,분야라고 이야기할,어떠한 데이터가 있을,이를 컴퓨터가 알아 들을"
181,https://ko.wikipedia.org/wiki/%EB%94%A5_%EB%9F%AC%EB%8B%9D,"딥 러닝 - 위키백과, 우리 모두의 백과사전","프로세서와 10억 개 이상의 neural networks 그리고 DNN(deep neural networks)을 이용하여 유튜브에 업로드 되어 있는 천만 개 넘는 비디오 중 고양이 인식에 성공하였다.이 소프트웨어 프레임워크를 논문에서는 DistBelief로 언급하고 있다. 이뿐만 아니라마이크로소프트,페이스북등도 연구팀을 인수하거나 자체 개발팀을 운영하면서 인상적인 업적들을 만들어 내고 있다.

## 딥 러닝의 역사

MIT가 2013년을 빛낼 10대 혁신기술 중 하나로 선정하고 가트너(Gartner, Inc.)가 2014 세계 IT 시장 10대 주요 예측에 포함시키는 등 최근들어 딥 러닝에 대한 관심이 높아지고 있지만 사실 딥 러닝 구조는인공신경망(ANN, artificial neural networks)에 기반하여 설계된 개념으로 역사를 따지자면 최소 1980년 Kunihiko Fukushima에 의해 소개된 Neocognitron까지 거슬러 올라가야 한다.",4,"딥 러닝 - 위키백과, 우리 모두의 백과사전에서 프로세서와은 어떤 역할을 하나요?","프로세서와,이상의,그리고,이용하여 유튜브에 업로드 되어 있는 천만,넘는 비디오"
182,https://ko.wikipedia.org/wiki/%EB%94%A5_%EB%9F%AC%EB%8B%9D,"딥 러닝 - 위키백과, 우리 모두의 백과사전","iko Fukushima에 의해 소개된 Neocognitron까지 거슬러 올라가야 한다. 맥컬럭-월터 피츠는 1943년에 ANN의 가능성을 처음으로 주장했다. 1957년에 미국의 신경 생물학자인 프랑크 로젠블랫은 이 개념을 실증하는데 성공했고 퍼셉트론이라 불렀다. 그러나 당시 성능이 너무 후져서 묻혔다가, 힌튼이 역전파 알고리즘을 이용하여 1995년에 다시 ANN이 부활하게 되었다.
1989년에얀 르쿤과 그의 동료들은오류역전파 알고리즘(backpropagation algorithm)에 기반하여 우편물에 손으로 쓰여진 우편번호를 인식하는 deep neural networks를 소개했다. 알고리즘이 성공적으로 동작했음에도 불구하고, 신경망 학습에 소요되는 시간(10 개의 숫자를 인식하기 위해 학습하는 시간)이 거의 3일이 걸렸고 이것은 다른 분야에 일반적으로 적용되기에는 비현실적인 것으로 여겨졌다.",5,의해 소개된이란 무엇인가요?,"의해 소개된,까지 거슬러 올라가야 한다,맥컬럭,월터 피츠는,가능성을 처음으로 주장했다"
183,https://ko.wikipedia.org/wiki/%EB%94%A5_%EB%9F%AC%EB%8B%9D,"딥 러닝 - 위키백과, 우리 모두의 백과사전","의 3일이 걸렸고 이것은 다른 분야에 일반적으로 적용되기에는 비현실적인 것으로 여겨졌다.
많은 요소들이 느린 속도에 원인을 제공했는데, 그 중 하나는 1991년 Jürgen Schmidhuber의 제자였던 Sepp Hochreiter에 의해 분석된 vanishing gradient problem(지역최솟값에 머무르게 되는 원인)이었다. 또한 불연속 시뮬레이션에서 초기 상태를 어떻게 선택하느냐에 따라 수렴이 안되고 진동 또는 발산하는 문제, 트레이닝셋에 너무 가깝게 맞추어 학습되는 과적합 (Overfitting) 문제, 원론적으로 생물학적 신경망과는 다르다는 이슈들이 끊임 없이 제기되면서인공신경망은 관심에서 멀어졌고 90년대와 2000년대에는서포트 벡터 머신같은 기법들이 각광받게 된다.
본격적으로 딥 러닝이란 용어를 사용한 것은 2000년대 딥 러닝의 중흥기를 이끌어간다고 평가할 수 있는제프리 힌튼과 Ruslan Salakhutdinov에 의해서이며, 기존 신경망의과적합문제를 해결하기",6,일이 걸렸고 이것은 다른 분야에 일반적으로 적용되기에는 비현실적인 것으로 여겨졌다의 주요 특징은 무엇인가요?,"일이 걸렸고 이것은 다른 분야에 일반적으로 적용되기에는 비현실적인 것으로 여겨졌다,많은 요소들이 느린 속도에 원인을 제공했는데,하나는,제자였던,의해 분석된"
184,https://ko.wikipedia.org/wiki/%EB%94%A5_%EB%9F%AC%EB%8B%9D,"딥 러닝 - 위키백과, 우리 모두의 백과사전","튼과 Ruslan Salakhutdinov에 의해서이며, 기존 신경망의과적합문제를 해결하기 위해 이들은 unsupervised RBM(restricted Boltzmann machine)을 통해 학습시킬 앞먹임 신경망(Feedforward Neural Network)의 각 층을 효과적으로 사전훈련(pre-trainning)하여과적합을 방지할 수 있는 수준의 initialize point를 잡았고, 이를 다시 supervised backpropagation를 사용하는 형태로 학습을 진행한다.
또한 2013년에는 신호처리학회인 ICASSP에서 RBM을 대체하여과적합을 방지할 수 있는 Drop-out이라는 개념이 소개되면서 사전훈련보다 훨씬 더 간단하고 강력한 형태로과적합을 방지할 수 있게 되었다.

## 왜 다시 딥 러닝인가?

딥 러닝이 부활하게 된 이유는 크게 세 가지로 꼽힌다.",7,"딥 러닝 - 위키백과, 우리 모두의 백과사전에서 의해서이며은 어떤 역할을 하나요?","의해서이며,기존 신경망의과적합문제를 해결하기 위해 이들은,통해 학습시킬 앞먹임 신경망,층을 효과적으로 사전훈련,하여과적합을 방지할"
185,https://ko.wikipedia.org/wiki/%EB%94%A5_%EB%9F%AC%EB%8B%9D,"딥 러닝 - 위키백과, 우리 모두의 백과사전","## 왜 다시 딥 러닝인가?

딥 러닝이 부활하게 된 이유는 크게 세 가지로 꼽힌다.
첫 번째는 앞서 딥 러닝의 역사에서 언급한 바 있는 기존인공신경망모델의 단점이 극복되었다는 점이다. 그러나과적합문제만 해결되었다고 해서 느린 학습시간이 줄어드는 것은 아니다.
두 번째 이유로, 여기에는 하드웨어의 발전이라는 또다른 요인이 존재 한다. 특히 강력한GPU는 딥 러닝에서 복잡한 행렬 연산에 소요되는 시간을 크게 단축시켰다.
마지막으로 언급하지만 가장 중요한 세 번째 이유로 빅 데이터를 들 수 있다. 대량으로 쏟아져 나오는 데이터들, 그리고 그것들을 수집하기 위한 노력 특히 SNS 사용자들에 의해 생산되는 다량의 자료와 태그정보들 모두가 종합되고 분석 되어 학습에 이용될 수 있다.
-인공신경망의 학습에 사용되는 트레이닝벡터는 이름이 붙어 있는(labeled) 데이터여야 하는데(supervised learning의 경우) 대량의 트레이닝셋 모두에 label을 달아주는 일은 불가능한 일이다",8,번째 이유로에 대해 설명해주세요.,"번째 이유로,러닝인가,러닝이 부활하게,이유는 크게,가지로 꼽힌다"
186,https://ko.wikipedia.org/wiki/%EB%94%A5_%EB%9F%AC%EB%8B%9D,"딥 러닝 - 위키백과, 우리 모두의 백과사전","earning의 경우) 대량의 트레이닝셋 모두에 label을 달아주는 일은 불가능한 일이다. 이런 이유로 초기 학습에 사용되는 일부 데이터에 대해서만 지도학습(supervised learning)을 수행하고 나머지 트레이닝셋에 대해서는 비지도학습(unsupervised learning)을 진행하며, 학습된 결과는 기존 학습의 결과와 앞서 분석된 메타태그 정보들을 종합하여 인식기가 완성 된다.
딥 러닝의 부활 이후 다양한 분야, 특히 자동 음성 인식(ASR, automatic speech recognition)과 컴퓨터비전 분야에서 최고수준의 성능을 보여주고 있으며 이들은 보통 딥 러닝의 새로운 응용들의 지속적인 성능 향상을 위해 만들어진 TIMIT(Texas Instruments와 MIT가 제작한 음성 Database), MNIST(이미지 클러스터링을 위한 hand-written 숫자 이미지 데이터베이스로 National Institute of Standards and Technol",9,"딥 러닝 - 위키백과, 우리 모두의 백과사전에서 대량의 트레이닝셋 모두에은 어떤 역할을 하나요?","대량의 트레이닝셋 모두에,달아주는 일은 불가능한 일이다,이런 이유로 초기 학습에 사용되는 일부 데이터에 대해서만 지도학습,수행하고 나머지 트레이닝셋에 대해서는 비지도학습,진행하며"
187,https://ko.wikipedia.org/wiki/%EB%94%A5_%EB%9F%AC%EB%8B%9D,"딥 러닝 - 위키백과, 우리 모두의 백과사전","이터베이스로 National Institute of Standards and Technology가 제작) 등의 데이터베이스를 사용했다. 최근에는 Convolution Neural Networks 기반의 딥 러닝 알고리즘이 뛰어난 성능을 발휘하고 있으며, 컴퓨터비전과 음성인식등의 분야에서 특히 탁월한 성능을 보이고 있다.
다양한 종류의 심층 신경망 구조가 존재하지만, 대부분의 경우 대표적인 몇 가지 구조들에서 파생된 것이다. 그렇지만 여러 종류의 구조들의 성능을 동시에 비교하는 것이 항상 가능한 것은 아닌데, 그 이유는 특정 구조들의 경우 주어진데이터집합에 적합하도록 구현되지 않은 경우도 있기 때문이다.

## 심층 신경망(Deep Neural Network, DNN)

심층 신경망(Deep Neural Network, DNN)은 입력층(input layer)과 출력층(output layer) 사이에 여러 개의 은닉층(hidden layer)들로 이뤄진인공신경망(Artificial N",10,심층 신경망에 대해 설명해주세요.,"심층 신경망,이터베이스로,등의 데이터베이스를 사용했다,최근에는,기반의"
188,https://ko.wikipedia.org/wiki/%EB%94%A5_%EB%9F%AC%EB%8B%9D,"딥 러닝 - 위키백과, 우리 모두의 백과사전","이에 여러 개의 은닉층(hidden layer)들로 이뤄진인공신경망(Artificial Neural Network, ANN)이다.심층 신경망은 일반적인인공신경망과 마찬가지로 복잡한비선형관계(non-linear relationship)들을모델링할 수 있다.
예를 들어, 물체 식별모델을 위한 심층 신경망 구조에서는 각 물체가 영상의 기본적 요소들의 계층적 구성으로 표현될 수 있다.이때, 추가 계층들은 점진적으로 모여진 하위 계층들의 특징들을 규합시킬 수 있다.
심층 신경망의 이러한 특징은, 비슷하게 수행된인공신경망에 비해 더 적은 수의유닛(unit, node)들 만으로도 복잡한데이터를모델링할 수 있게 해준다.
이전의 심층 신경망들은 보통 앞먹임 신경망으로 설계되어 왔지만, 최근의 연구들은 심층 학습 구조들을 순환 신경망(Recurrent Neural Network, RNN)에 성공적으로 적용했다.",11,이에 여러 개의 은닉층이란 무엇인가요?,"이에 여러 개의 은닉층,들로 이뤄진인공신경망,심층 신경망은 일반적인인공신경망과 마찬가지로 복잡한비선형관계,들을모델링할,예를 들어"
189,https://ko.wikipedia.org/wiki/%EB%94%A5_%EB%9F%AC%EB%8B%9D,"딥 러닝 - 위키백과, 우리 모두의 백과사전","환 신경망(Recurrent Neural Network, RNN)에 성공적으로 적용했다. 일례로 언어 모델링(language modeling) 분야에 심층 신경망 구조를 적용한 사례 등이 있다합성곱 신경망(Convolutional Neural Network, CNN)의 경우에는컴퓨터 비전(computer vision) 분야에서 잘 적용되었을 뿐만 아니라, 각각의 성공적인 적용 사례에 대한 문서화 또한 잘 되어 있다.더욱 최근에는 합성곱 신경망이 자동음성인식(Automatic Speech Recognition, ASR)을 위한 음향 모델링(acoustic modeling) 분야에 적용되었으며, 기존의모델들보다 더욱 성공적으로 적용되었다는 평가를 받고 있다.
심층 신경망은 표준오류역전파 알고리즘으로 학습될 수 있다.
이때, 가중치(weight)들은 아래의 등식을 이용한 확률적경사 하강법(stochastic gradient descent)을 통하여 갱신될 수 있다.",12,신경망에 대해 설명해주세요.,"신경망,성공적으로 적용했다,일례로 언어 모델링,분야에 심층 신경망 구조를 적용한 사례 등이 있다합성곱 신경망,경우에는컴퓨터 비전"
190,https://ko.wikipedia.org/wiki/%EB%94%A5_%EB%9F%AC%EB%8B%9D,"딥 러닝 - 위키백과, 우리 모두의 백과사전","사 하강법(stochastic gradient descent)을 통하여 갱신될 수 있다.
여기서,η{\displaystyle \eta }는 학습률(learning rate)을 의미하며,C{\displaystyle C}는비용함수(cost function)를 의미한다.비용함수의 선택은 학습의 형태(지도 학습,자율 학습 (기계 학습),강화 학습등)와 활성화함수(activation function)같은 요인들에 의해서 결정된다.
예를 들면, 다종 분류 문제(multiclass classification problem)에지도 학습을 수행할 때, 일반적으로 활성화함수와비용함수는 각각 softmax 함수와 교차 엔트로피 함수(cross entropy function)로 결정된다.
softmax 함수는pj=exp⁡(xj)∑kexp⁡(xk){\displaystyle p_{j}={\frac {\exp(x_{j})}{\sum _{k}\exp(x_{k})}}}로 정의된다, 이때,pj{\displaysty",13,하강법의 주요 특징은 무엇인가요?,"하강법,통하여 갱신될,여기서,학습률,의미하며"
191,https://ko.wikipedia.org/wiki/%EB%94%A5_%EB%9F%AC%EB%8B%9D,"딥 러닝 - 위키백과, 우리 모두의 백과사전","}{\sum _{k}\exp(x_{k})}}}로 정의된다, 이때,pj{\displaystyle p_{j}}는 클래스 확률(class probability)을 나타내며,xj{\displaystyle x_{j}}와xk{\displaystyle x_{k}}는 각각 유닛j{\displaystyle j}로의 전체 입력(total input)과 유닛k{\displaystyle k}로의 전체 입력을 나타낸다.
교차 엔트로피는C=−∑jdjlog⁡(pj){\displaystyle C=-\sum _{j}d_{j}\log(p_{j})}로 정의된다, 이때,dj{\displaystyle d_{j}}는 출력 유닛j{\displaystyle j}에 대한 목표 확률(target probability)을 나타내며,pj{\displaystyle p_{j}}는 해당 활성화함수를 적용한 이후의j{\displaystyle j}에 대한 확률 출력(probability output)이다.

## 심층 신경망의 문제점",14,"딥 러닝 - 위키백과, 우리 모두의 백과사전에서 정의된다은 어떤 역할을 하나요?","정의된다,나타내며,클래스 확률,각각 유닛,로의 전체 입력"
192,https://ko.wikipedia.org/wiki/%EB%94%A5_%EB%9F%AC%EB%8B%9D,"딥 러닝 - 위키백과, 우리 모두의 백과사전","대한 확률 출력(probability output)이다.

## 심층 신경망의 문제점

기존의인공신경망과 같이, 심층 신경망 또한 나이브(naive)한 방식으로 학습될 경우 많은 문제들이 발생할 수 있다. 그 중과적합과 높은시간 복잡도가 흔히 발생하는 문제들이다.
심층 신경망이과적합에 취약한 이유는 추가된 계층들이 학습데이터의 rare dependency의 모형화가 가능하도록 해주기 때문이다.과적합을 극복하기 위해서 weight decay (ℓ2{\displaystyle \ell _{2}}–regularization) 또는 sparsity (ℓ1{\displaystyle \ell _{1}}–regularization) 와 같은정칙화(regularization) 방법들이 사용될 수 있다.그리고 최근에 들어서는 심층 신경망에 적용되고 있는 정칙화 방법 중 하나로 dropout 정칙화가 등장했다. dropout 정칙화에서는 학습 도중 은닉 계층들의 몇몇유닛들이 임의로 생략된다.",15,대한 확률 출력에 대해 설명해주세요.,"대한 확률 출력,심층 신경망의 문제점,기존의인공신경망과 같이,심층 신경망 또한 나이브,방식으로 학습될 경우 많은 문제들이 발생할"
193,https://ko.wikipedia.org/wiki/%EB%94%A5_%EB%9F%AC%EB%8B%9D,"딥 러닝 - 위키백과, 우리 모두의 백과사전","했다. dropout 정칙화에서는 학습 도중 은닉 계층들의 몇몇유닛들이 임의로 생략된다. 이러한 방법은 학습 데이터(training data)에서 발생할 수 있는 rare dependency를 해결하는데 도움을 준다.
오차역전파법과경사 하강법은 구현의 용이함과 국지적 최적화(local optima)에 잘 도달한다는 특성으로 인해 다른 방법들에 비해 선호되어온 방법들이다. 그러나 이 방법들은 심층 신경망을 학습 시킬 때시간 복잡도가 매우 높다. 심층 신경망을 학습시킬 때에는 크기(계층의 수 와 계층 당 유닛 수), 학습률, 초기 가중치 등 많은매개변수(parameter)들이 고려되어야 한다. 하지만 최적의매개변수들을 찾기 위해매개변수공간 전부를 확인하는 것은 계산에 필요한 시간과 자원의 제약으로 인해 불가능하다.시간 복잡도를 해결하기 위해, 미니 배치(mini batch, 여러 학습 예제들의 경사를 동시에 계산), 드롭 아웃(drop out)과 같은 다양한 '묘책’들이 등장하였다.또한",16,정칙화에서는 학습 도중 은닉 계층들의 몇몇유닛들이 임의로 생략된다에 대해 설명해주세요.,"정칙화에서는 학습 도중 은닉 계층들의 몇몇유닛들이 임의로 생략된다,이러한 방법은 학습 데이터,에서 발생할,해결하는데 도움을 준다,오차역전파법과경사 하강법은 구현의 용이함과 국지적 최적화"
194,https://ko.wikipedia.org/wiki/%EB%94%A5_%EB%9F%AC%EB%8B%9D,"딥 러닝 - 위키백과, 우리 모두의 백과사전","를 동시에 계산), 드롭 아웃(drop out)과 같은 다양한 '묘책’들이 등장하였다.또한,행렬및벡터계산에 특화된GPU는 많은 처리량을 바탕으로 두드러지는 학습 속도 향상을 보여주었다.

## 합성곱 신경망(Convolutional Neural Network, CNN)

합성곱 신경망(Convolutional Neural Network, CNN)은 최소한의 전처리(preprocess)를 사용하도록 설계된 다계층퍼셉트론(multilayer perceptrons)의 한 종류이다. CNN은 하나 또는 여러개의합성곱계층과 그 위에 올려진 일반적인 인공 신경망 계층들로 이루어져 있으며, 가중치와 통합 계층(pooling layer)들을 추가로 활용한다. 이러한 구조 덕분에 CNN은 2차원 구조의 입력 데이터를 충분히 활용할 수 있다. 다른 딥 러닝 구조들과 비교해서, CNN은 영상, 음성 분야 모두에서 좋은 성능을 보여준다. CNN은 또한 표준 역전달을 통해 훈련될 수 있다.",17,"딥 러닝 - 위키백과, 우리 모두의 백과사전에서 합성곱 신경망은 어떤 역할을 하나요?","합성곱 신경망,동시에 계산,드롭 아웃,같은 다양한,들이 등장하였다"
195,https://ko.wikipedia.org/wiki/%EB%94%A5_%EB%9F%AC%EB%8B%9D,"딥 러닝 - 위키백과, 우리 모두의 백과사전","분야 모두에서 좋은 성능을 보여준다. CNN은 또한 표준 역전달을 통해 훈련될 수 있다. CNN은 다른 피드포워드인공신경망기법들보다 쉽게 훈련되는 편이고 적은 수의 매개변수를 사용한다는 이점이 있다. 최근 딥 러닝에서는 합성곱 심층 신뢰 신경망 (Convolutional Deep Belief Network, CDBN) 가 개발되었는데, 기존 CNN과 구조적으로 매우 비슷해서, 그림의 2차원 구조를 잘 이용할 수 있으며 그와 동시에 심층 신뢰 신경망 (Deep Belief Network, DBN)에서의 선훈련에 의한 장점도 취할 수 있다. CDBN은 다양한 영상과 신호 처리 기법에 사용될 수 있는 일반적인 구조를 제공하며 CIFAR와 같은 표준 이미지 데이터에 대한 여러 벤치마크 결과에 사용되고 있다.

## 순환 신경망(Recurrent Neural Network, RNN)",18,"딥 러닝 - 위키백과, 우리 모두의 백과사전에서 분야 모두에서 좋은 성능을 보여준다은 어떤 역할을 하나요?","분야 모두에서 좋은 성능을 보여준다,또한 표준 역전달을 통해 훈련될,다른 피드포워드인공신경망기법들보다 쉽게 훈련되는 편이고 적은 수의 매개변수를 사용한다는 이점이 있다,러닝에서는 합성곱 심층 신뢰 신경망,개발되었는데"
196,https://ko.wikipedia.org/wiki/%EB%94%A5_%EB%9F%AC%EB%8B%9D,"딥 러닝 - 위키백과, 우리 모두의 백과사전","되고 있다.

## 순환 신경망(Recurrent Neural Network, RNN)

순환 신경망은인공신경망을 구성하는 유닛 사이의 연결이 Directed cycle을 구성하는 신경망을 말한다. 순환 신경망은 앞먹임 신경망과 달리, 임의의 입력을 처리하기 위해 신경망 내부의 메모리를 활용할 수 있다. 이러한 특성에 의해 순환 신경망은 필기체 인식(Handwriting recognition)과 같은 분야에 활용되고 있고, 높은 인식률을 나타낸다.순환 신경망을 구성할 수 있는 구조에는 여러 가지 방식이 사용되고 있다. 완전 순환망(Fully Recurrent Network), Hopfield Network, Elman Network, Echo state network(ESN), Long short term memory network(LSTM), Bi-directional RNN, Continuous-time RNN(CTRNN), Hierarchical RNN, Second Order",19,되고 있다에 대해 설명해주세요.,"되고 있다,순환 신경망,순환 신경망은인공신경망을 구성하는 유닛 사이의 연결이,구성하는 신경망을 말한다,순환 신경망은 앞먹임 신경망과 달리"
197,https://ko.wikipedia.org/wiki/%EB%94%A5_%EB%9F%AC%EB%8B%9D,"딥 러닝 - 위키백과, 우리 모두의 백과사전","us-time RNN(CTRNN), Hierarchical RNN, Second Order RNN 등이 대표적인 예이다. 순환 신경망을 훈련(Training)시키기 위해 대표적으로경사 하강법, Hessian Free Optimization, Global Optimization Methods 방식이 쓰이고 있다.
하지만 순환 신경망은 많은 수의 뉴런 유닛이나 많은 수의 입력 유닛이 있는 경우에 훈련이 쉽지 않은 스케일링 이슈를 가지고있다.

## 제한 볼츠만 머신 (Restricted Boltzmann Machine, RBM)

볼츠만 머신에서, 층간 연결을 없앤 형태의 모델이다. 층간 연결을 없애면, 머신은 가시 유닛(Visible Unit)과 은닉 유닛(Hidden Unit)으로 이루어진 무방향이분 그래프형태의 모양이 된다. 결론적으로 모델의 층간 연결을 없앰으로써, 얻는 이점으로 뉴럴 네트워크는 깊어질 수 있었다.",20,등이 대표적인 예이다에 대해 설명해주세요.,"등이 대표적인 예이다,순환 신경망을 훈련,시키기 위해 대표적으로경사 하강법,방식이 쓰이고 있다,하지만 순환 신경망은 많은 수의 뉴런 유닛이나 많은 수의 입력 유닛이 있는 경우에 훈련이 쉽지 않은 스케일링 이슈를 가지고있다"
198,https://ko.wikipedia.org/wiki/%EB%94%A5_%EB%9F%AC%EB%8B%9D,"딥 러닝 - 위키백과, 우리 모두의 백과사전","적으로 모델의 층간 연결을 없앰으로써, 얻는 이점으로 뉴럴 네트워크는 깊어질 수 있었다. 가장 큰 이점은 가시 유닛이 관찰되고 고정(Clamped)되었을 때 은닉 유닛을 추론(Inference) 하는MCMC과정이 단 한 번에 끝난다는 것이다. RBM은 확률모델의 계산이 불가능하기 때문에, 학습시 근사법인MCMC나 또는제프리 힌튼교수가 발견한 CD(Contrastive Divergence)를 사용하는데, RBM의 모델의 간단함에서 오는 추론에 대한 이점은 샘플링 근간의 학습법이 실용적인 문제에 적용되는데 기여했다. 자세한 학습 방법은 아래에 설명되어 있다.
RBM은 DBN의 기본 뼈대가 된다, RBM을 쌓아올리면서(Stacking), Greedy하게 학습함으로써, DBN을 완성한다. DBN을 아는 사람은 기본적으로 RBM은 무방향이기에, RBM이 방향성 있는 모델인 DBN이 되는지 의아할 것이다. 이는제프리 힌튼의 제자인Teh, Y.",21,적으로 모델의 층간 연결을 없앰으로써이란 무엇인가요?,"적으로 모델의 층간 연결을 없앰으로써,얻는 이점으로 뉴럴 네트워크는 깊어질,있었다,이점은 가시 유닛이 관찰되고 고정,되었을"
199,https://ko.wikipedia.org/wiki/%EB%94%A5_%EB%9F%AC%EB%8B%9D,"딥 러닝 - 위키백과, 우리 모두의 백과사전","방향성 있는 모델인 DBN이 되는지 의아할 것이다. 이는제프리 힌튼의 제자인Teh, Y. W의 우연 발견적인 연구 성과인데, 원래 힌튼 교수는Graphical Model이 방향성을 가질 때 생기는Explaining Away효과 때문에 학습이 매우 어려워 연구를 무방향성 모델로 선회했다가, RBM을 쌓으면, 다층 RBM이 되는 것이 아니라, DBN과 비슷해진다는 사실을 발견하게 된다. 이 발견은 DBN학습을 단순히 여러 개의 RBM 학습으로 환원시킴으로써(앞서서 얘기했듯이 RBM은 학습이 어렵지 않다) 어려운 DBN 학습의 복잡도를 층의 개수에 비례하는 복잡도로 낮추었다. 이는 선행학습(Pre-training) 과 미세조정(fine-tuning)의 새로운 학습 패러다임으로 발전하게 된다.
RBM 훈련 과정에서의 가중치 갱신은, 다음의 식을 기반으로경사 하강법을 통해 이루어진다.Δwij(t+1)=wij(t)+η∂log⁡(p(v))∂wij{\displaystyle \Delta w_{ij}",22,방향성 있는 모델인이란 무엇인가요?,"방향성 있는 모델인,되는지 의아할 것이다,이는제프리 힌튼의 제자인,우연 발견적인 연구 성과인데,원래 힌튼 교수는"
200,https://ko.wikipedia.org/wiki/%EB%94%A5_%EB%9F%AC%EB%8B%9D,"딥 러닝 - 위키백과, 우리 모두의 백과사전","ij(t)+η∂log⁡(p(v))∂wij{\displaystyle \Delta w_{ij}(t+1)=w_{ij}(t)+\eta {\frac {\partial \log(p(v))}{\partial w_{ij}}}}여기서p(v){\displaystyle p(v)}는 다음의 식으로 주어지는 가시 벡터의 확률을 나타내고,p(v)=1Z∑he−E(v,h){\displaystyle p(v)={\frac {1}{Z}}\sum _{h}e^{-E(v,h)}}Z{\displaystyle Z}는 정규화(normalization)를 위해 사용되는 분배함수(partition function)이며,E(v,h){\displaystyle E(v,h)}는 신경망의 상태(state)에 부여되는 에너지 함수이다. 에너지가 낮을수록 해당 신경망이 더 적합한 상태임을 의미한다. 기울기∂log⁡(p(v))∂wij{\displaystyle {\frac {\partial \log(p(v))}{\partial w_{ij}}}}는",23,여기서에 대해 설명해주세요.,"여기서,다음의 식으로 주어지는 가시 벡터의 확률을 나타내고,정규화,위해 사용되는 분배함수,신경망의 상태"
201,https://ko.wikipedia.org/wiki/%EB%94%A5_%EB%9F%AC%EB%8B%9D,"딥 러닝 - 위키백과, 우리 모두의 백과사전",e {\frac {\partial \log(p(v))}{\partial w_{ij}}}}는 좀 더 간단하게⟨vihj⟩data−⟨vihj⟩model{\displaystyle \langle v_{i}h_{j}\rangle _{\text{data}}-\langle v_{i}h_{j}\rangle _{\text{model}}}로 표현이 되는데 이 때⟨⋯⟩p{\displaystyle \langle \cdots \rangle _{p}}는 분포p{\displaystyle p}에 관한 평균을 의미한다.⟨vihj⟩model{\displaystyle \langle v_{i}h_{j}\rangle _{\text{model}}}을 샘플링 하려면 alternatingGibbs sampling을 매우 많이 반복해야 하기 때문에 CD에서는 alternating Gibbs sampling을n{\displaystyle n}회만 반복한다.(실험을 통해n=1{\displaystyle n=1}일 경우에도 충분한 성능이,24,간단하게이란 무엇인가요?,"간단하게,표현이 되는데,관한 평균을 의미한다,샘플링 하려면,매우 많이 반복해야 하기 때문에"
202,https://ko.wikipedia.org/wiki/%EB%94%A5_%EB%9F%AC%EB%8B%9D,"딥 러닝 - 위키백과, 우리 모두의 백과사전","만 반복한다.(실험을 통해n=1{\displaystyle n=1}일 경우에도 충분한 성능이 나온다고 알려져 있다).n{\displaystyle n}회 반복 후 샘플링 된 데이터가⟨vihj⟩model{\displaystyle \langle v_{i}h_{j}\rangle _{\text{model}}}를 대신한다. CD 수행 과정은 다음과 같다:
가시 유닛들을 훈련 벡터로 초기화 한다.
다음의 가시 유닛들이 주어지면 은닉 유닛들을 모두 동시에 갱신한다:p(hj=1∣V)=σ(bj+∑iviwij){\displaystyle p(h_{j}=1\mid {\textbf {V}})=\sigma (b_{j}+\sum _{i}v_{i}w_{ij})}.σ{\displaystyle \sigma }는 시그모이드 함수(sigmoid function)를 의미하며,bj{\displaystyle b_{j}}는hj{\displaystyle h_{j}}의 편향이다.",25,반복한다에 대해 설명해주세요.,"반복한다,실험을 통해,경우에도 충분한 성능이 나온다고 알려져 있다,샘플링,데이터가"
203,https://ko.wikipedia.org/wiki/%EB%94%A5_%EB%9F%AC%EB%8B%9D,"딥 러닝 - 위키백과, 우리 모두의 백과사전","isplaystyle b_{j}}는hj{\displaystyle h_{j}}의 편향이다.
다음의 은닉 유닛들이 주어지면 가시 유닛들을 모두 동시에 갱신한다:p(vi=1∣H)=σ(ai+∑jhjwij){\displaystyle p(v_{i}=1\mid {\textbf {H}})=\sigma (a_{i}+\sum _{j}h_{j}w_{ij})}.ai{\displaystyle a_{i}}는vi{\displaystyle v_{i}}의 편향이다. 이 부분을 ""복원(reconstruction)""이라고 부른다.
복원된 가시 유닛들이 주어지면 2에서 쓰인 식을 이용하여 은닉 유닛들을 모두 동시에 다시 갱신한다.
다음과 같이 가중치를 갱신한다:Δwij∝⟨vihj⟩data−⟨vihj⟩reconstruction{\displaystyle \Delta w_{ij}\propto \langle v_{i}h_{j}\rangle _{\text{data}}-\langle v_{i}h_{j}\rangle _{\text",26,"딥 러닝 - 위키백과, 우리 모두의 백과사전에서 편향이다은 어떤 역할을 하나요?","편향이다,다음의 은닉 유닛들이 주어지면 가시 유닛들을 모두 동시에 갱신한다,부분을,이라고 부른다,복원된 가시 유닛들이 주어지면"
204,https://ko.wikipedia.org/wiki/%EB%94%A5_%EB%9F%AC%EB%8B%9D,"딥 러닝 - 위키백과, 우리 모두의 백과사전","e _{\text{data}}-\langle v_{i}h_{j}\rangle _{\text{reconstruction}}}.

## 심층 신뢰 신경망 (Deep Belief Network, DBN)

심층 신뢰 신경망(Deep Belief Network, DBN)이란 기계학습에서 사용되는 그래프생성 모형(generative graphical model)으로, 딥 러닝에서는 잠재변수(latent variable)의 다중계층으로 이루어진 심층 신경망을 의미한다. 계층 간에는 연결이 있지만 계층 내의 유닛 간에는 연결이 없다는 특징이 있다.
DBN은 생성 모형이라는 특성상 선행학습에 사용될 수 있고, 선행학습을 통해 초기 가중치를 학습한 후역전파혹은 다른 판별 알고리즘을 통해 가중치의 미조정을 할 수 있다. 이러한 특성은 훈련용 데이터가 적을 때 굉장히 유용한데, 이는 훈련용 데이터가 적을수록 가중치의 초기값이 결과적인 모델에 끼치는 영향이 세지기 때문이다.",27,심층 신뢰 신경망에 대해 설명해주세요.,"심층 신뢰 신경망,이란 기계학습에서 사용되는 그래프생성 모형,러닝에서는 잠재변수,다중계층으로 이루어진 심층 신경망을 의미한다,계층 간에는 연결이 있지만 계층 내의 유닛 간에는 연결이 없다는 특징이 있다"
205,https://ko.wikipedia.org/wiki/%EB%94%A5_%EB%9F%AC%EB%8B%9D,"딥 러닝 - 위키백과, 우리 모두의 백과사전","련용 데이터가 적을수록 가중치의 초기값이 결과적인 모델에 끼치는 영향이 세지기 때문이다. 선행학습된 가중치 초기값은 임의로 설정된 가중치 초기값에 비해 최적의 가중치에 가깝게 되고 이는 미조정 단계의 성능과 속도향상을 가능케 한다.
DBN은 비지도 방식으로 계층마다 학습을 진행하는데 이때 각각의 계층은 보통 RBM의 형태를 띄고 있다. RBM들을 쌓아 올리면서 DBN을 훈련시키는 방법에 대한 설명은 아래에 제공 되어 있다. RBM은 에너지 기반의 생성 모형으로 가시 유닛과 은닉 유닛으로 이루어진 무방향 이분 그래프 형태이다. 가시 유닛들과 은닉 유닛들 사이에만 연결이 존재한다.
RBM이 훈련되고 나면 다른 RBM이 그 위에 쌓아 올려짐으로써 다중 계층 모형을 형성한다. RBM이 쌓아 올려질 때마다, 이미 훈련된 RBM의 최상위 계층이 새로 쌓이는 RBM의 입력으로 쓰인다. 이 입력을 이용하여 새 RBM이 훈련되고, 원하는 만큼의 계층이 쌓일 때까지 해당 과정이 반복된다.",28,"딥 러닝 - 위키백과, 우리 모두의 백과사전에서 련용 데이터가 적을수록 가중치의 초기값이 결과적인 모델에 끼치는 영향이 세지기 때문이다은 어떤 역할을 하나요?","련용 데이터가 적을수록 가중치의 초기값이 결과적인 모델에 끼치는 영향이 세지기 때문이다,선행학습된 가중치 초기값은 임의로 설정된 가중치 초기값에 비해 최적의 가중치에 가깝게 되고 이는 미조정 단계의 성능과 속도향상을 가능케 한다,비지도 방식으로 계층마다 학습을 진행하는데 이때 각각의 계층은 보통,형태를 띄고 있다,들을 쌓아 올리면서"
206,https://ko.wikipedia.org/wiki/%EB%94%A5_%EB%9F%AC%EB%8B%9D,"딥 러닝 - 위키백과, 우리 모두의 백과사전","이용하여 새 RBM이 훈련되고, 원하는 만큼의 계층이 쌓일 때까지 해당 과정이 반복된다.
실험결과에 따르면, CD의 최대가능도 근사가 굉장히 투박함에도 불구하고, 심층 신경망 구조를 학습하기에는 충분히 효과적인 방식이라고 한다.

## 심층 Q-네트워크(Deep Q-Networks)

2015년 2월,강화 학습을 위한 가장 최신 딥 러닝 모델이네이처에 소개되었다.

## 자동 음성 인식

아래 표는TIMIT데이터에 대한 자동음성 인식결과를 보여준다. 이 데이터셋은 딥 러닝의 초창기 평가를 위한 일반적인 데이터로서, 미국의 8가지 방언을 사용하는 총 630명의 사람이 읽은 10가지 문장으로 이루어져 있다.데이터의 크기가 작기 때문에 다양한 설정을 효과적으로 적용할 수 있다. 더 중요한 점은 TIMIT에서 음소 순서 인식(phone-sequence recognition)을 고려한다는 점이다.",29,이용하여이란 무엇인가요?,"이용하여,훈련되고,원하는 만큼의 계층이 쌓일 때까지 해당 과정이 반복된다,실험결과에 따르면,최대가능도 근사가 굉장히 투박함에도 불구하고"
207,https://ko.wikipedia.org/wiki/%EB%94%A5_%EB%9F%AC%EB%8B%9D,"딥 러닝 - 위키백과, 우리 모두의 백과사전","음소 순서 인식(phone-sequence recognition)을 고려한다는 점이다. 따라서, 단어 순서 인식(word-sequence recognition)과는 달리 아주 약한 ""언어모델""을 허용하고 음성 인식에서의 음향 모델 측면을 더 쉽게 분석할 수 있다. 2009 ~ 2010년 무렵, 크고 작은 범위의 음성인식에 대한 딥 러닝 기술 활용을 위해서 많은 투자가 있었는데, Li Deng과 그의 동료들은 TIMIT에서의 GMM 과 DNN 모델을 비교하는 실험을 수행하였다.결국 그들은 음성인식에서의 딥 러닝 활용에 있어서 가장 앞서나가게 되었다. 이 분석은 먼저 식별적 DNN과 발생적 모델 사이의 성능 비교(1.5% 이하의 오차율)로 수행되었다. 아래 표에 나타난 오차율은 앞에서 말한 초창기 실험을 포함하여 과거 20 여 년 간 수행된 실험들의 음소 오차율(Phone error rate)을 요약한 것이다.",30,"딥 러닝 - 위키백과, 우리 모두의 백과사전에서 음소 순서 인식은 어떤 역할을 하나요?","음소 순서 인식,고려한다는 점이다,따라서,단어 순서 인식,과는 달리 아주 약한"
208,https://ko.wikipedia.org/wiki/%EB%94%A5_%EB%9F%AC%EB%8B%9D,"딥 러닝 - 위키백과, 우리 모두의 백과사전","여 년 간 수행된 실험들의 음소 오차율(Phone error rate)을 요약한 것이다.
TIMIT로부터 대량 어휘 음성인식(large vocabulary speech recognition)으로의 딥 러닝의 확장은 2010년 산업계 연구자들에 의해 성공적으로 수행되었다.자동 음성 인식 분야의 2014년 10월까지의 최신 동향은마이크로소프트 리서치의 책에 잘 정리되어있다.또한 자동 음성인식과 관련된 배경 지식과 다양한 기계학습 패러다임의 영향을 잘 정리한 글을 참고할 수 있다.대용량 자동 음성인식은 최근 딥 러닝의 역사에서 산업계와 학계를 모두 아우르는 처음이자 가장 성공적인 케이스라고 할 수 있다. 2010년부터 2014년까지, 신호처리와 음성인식에 대한 주요 학술회의인 IEEE-ICASSP 와 Interspeech는 음성인식을 위한 딥 러닝 분야의 합격 논문 개수에 있어서 거의 기하급수적인 성장을 보여주었다.",31,수행된 실험들의 음소 오차율이란 무엇인가요?,"수행된 실험들의 음소 오차율,요약한 것이다,로부터 대량 어휘 음성인식,으로의,러닝의 확장은"
209,https://ko.wikipedia.org/wiki/%EB%94%A5_%EB%9F%AC%EB%8B%9D,"딥 러닝 - 위키백과, 우리 모두의 백과사전","식을 위한 딥 러닝 분야의 합격 논문 개수에 있어서 거의 기하급수적인 성장을 보여주었다. 더 중요한 것은, 현재 모든 주요 상업 음성인식 시스템(MS 코타나, 스카이프 번역기, 구글 나우, 애플 시리 등등)이 딥 러닝 기법에 기반하고있다는 점이다.뉘앙스 커뮤니케이션즈의 CTO의 최근 인터뷰도 참고할만하다.
일반적으로이미지분류를 위한 평가데이터로서 MNIST데이터베이스데이터가 이용된다. MNIST는 손으로 쓴 숫자들로 구성되어 있으며, 60000개의 학습 예제들과 10000개의 테스트 예제들을 포함한다. TIMIT와 유사하게, 적은 용량의 MNIST데이터는 복수의 테스트 환경설정이 가능하게 해준다. MNIST데이터에 대한 종합적인 결과들을 에서 확인할 수 있다. 현재까지 MNIST데이터에 대한 가장 우수한 결과는 Ciresan 등이 작성한에서 달성되었으며, 오차율 0.23%를 기록했다.",32,"딥 러닝 - 위키백과, 우리 모두의 백과사전에서 식을 위한은 어떤 역할을 하나요?","식을 위한,러닝 분야의 합격 논문 개수에 있어서 거의 기하급수적인 성장을 보여주었다,중요한 것은,현재 모든 주요 상업 음성인식 시스템,코타나"
210,https://ko.wikipedia.org/wiki/%EB%94%A5_%EB%9F%AC%EB%8B%9D,"딥 러닝 - 위키백과, 우리 모두의 백과사전","우수한 결과는 Ciresan 등이 작성한에서 달성되었으며, 오차율 0.23%를 기록했다.
제프리 힌튼과 그의 제자들은 2012년 가을에 대규모 ImageNet 대회에서 당시 최신기계 학습방법들의 성능을 훌쩍 뛰어넘는 결과를 보여주며 우승하였다. 이로 인해컴퓨터 비전의 주요 분야인 영상 인식 및 사물 인식 분야에서의 딥 러닝의 중요성이 대두되었다. 그 당시, 대규모에 딥 러닝이 상당히 잘 작동한다는 것을 알고 있었던 그들은, 20년 전에 고안된 심층 합성곱 신경망 구조를 대규모 작업에 맞도록 대규모로 사용하였다. 2013년부터 2014년에 이르기까지, 딥 러닝을 이용한 ImageNet 과제 결과의 오차율은 대규모음성인식분야와 추세를 같이하며 빠르게 줄어나갔다.
자동음성인식분야의 자동 음성 번역 및 이해 분야로의 확장과 마찬가지로,이미지분류 분야는 자동 영상 captioning이라는 더욱 도전적인 분야로 확장되었다. 자동 영상 캡셔닝은 딥 러닝을 핵심 기반 기술로 사용하는 분야이다.",33,우수한 결과는에 대해 설명해주세요.,"우수한 결과는,등이 작성한에서 달성되었으며,오차율,기록했다,제프리 힌튼과 그의 제자들은"
211,https://ko.wikipedia.org/wiki/%EB%94%A5_%EB%9F%AC%EB%8B%9D,"딥 러닝 - 위키백과, 우리 모두의 백과사전","분야로 확장되었다. 자동 영상 캡셔닝은 딥 러닝을 핵심 기반 기술로 사용하는 분야이다.
적용 사례로는 360°카메라화면을 이해할 수 있도록 딥 러닝을 통해 학습된자동차탑재용컴퓨터등이 있다.

## 자연어 처리

2000년대 초부터인공신경망은 언어 모형을 구현하기 위해 사용되어 왔다. 이 분야에서의 핵심 기법은 negative sampling과 단어 표현(word expression)이다.word2vec과 같은 단어 표현은 데이터집합으로 주어진 단어들 사이의 관계를 학습하는인공신경망을 이용하여 단어를 벡터 공간 상에 나타내는 것이라고 할 수 있다. 단어표현을 재귀 신경망(recursive neural network)의 입력 계층으로 이용하면 해당 신경망이compositional vector grammar를 통해 문장과 구(phrase)를 분석하도록 학습시킬 수 있다. 이compositional vector grammar는 재귀 신경망으로 구현된 PCFG 라고 할 수 있다.",34,분야로 확장되었다에 대해 설명해주세요.,"분야로 확장되었다,자동 영상 캡셔닝은,러닝을 핵심 기반 기술로 사용하는 분야이다,적용 사례로는,카메라화면을 이해할"
212,https://ko.wikipedia.org/wiki/%EB%94%A5_%EB%9F%AC%EB%8B%9D,"딥 러닝 - 위키백과, 우리 모두의 백과사전","onal vector grammar는 재귀 신경망으로 구현된 PCFG 라고 할 수 있다. 단어표현을 기반으로 구성된 Recursive autoencoder는 문장 간의 유사도 판단과 의역 탐지를 하도록 훈련이 가능하다. 이러한 심층인공신경망구조들은 자동으로 감정 분석(sentiment analysis), 정보 검색(information retrieval)을 비롯한 다양한 자연언어처리 관련 연구에서 최첨단 기술로서 쓰이고 있다.

## 약물 발견과 독성학

제약 산업에서 많은 수의 약들은 시장에 출시되지 못한다. 이렇게 실패하는 이유중 하나는 생각한 만큼의 효험을 보이지 못하거나, 예상치 못한 다른 작용을 일으키기 때문이다. 이를 해결하기 위해 2012년 George Dahl의 팀은 다중 DNN을 약의 효험을 예측하는 데에 활용하여 ""Merck Molecular Activity Challenge""에 우승하였고, 2014년 Sepp Hochreiter의 팀은 예상치 못한 다른 작용을 사",35,"딥 러닝 - 위키백과, 우리 모두의 백과사전에서 재귀 신경망으로 구현된은 어떤 역할을 하나요?","재귀 신경망으로 구현된,단어표현을 기반으로 구성된,문장 간의 유사도 판단과 의역 탐지를 하도록 훈련이 가능하다,이러한 심층인공신경망구조들은 자동으로 감정 분석,정보 검색"
213,https://ko.wikipedia.org/wiki/%EB%94%A5_%EB%9F%AC%EB%8B%9D,"딥 러닝 - 위키백과, 우리 모두의 백과사전","에 우승하였고, 2014년 Sepp Hochreiter의 팀은 예상치 못한 다른 작용을 사전에 탐지하기 위해 딥 러닝을 활용하여 ""Tox21 Data Challenge""에서 우승하였다.이러한 성공은 딥 러닝이 약학에 있어 가상 실험 방법(Virtual Screening Method)에 적합함을 보여준다.현재 많은 수의 연구자들이 여러 가지 데이터를 조합하여 약물을 발견하는 데에 딥 러닝을 활용하고 있다.

## 고객 관계 관리

최근 직접 마케팅 기획,고객 관계 관리자동화를 위한 수단 적합성 산출 등에 직접적으로 심층강화 학습을 활용하여 성공하는 사례들이 알려지고 있다.인공 신경망은RFM으로 정의된 고객들에 대한 활용 가능한 마케팅 활동의 값을 예측할 때 사용되었다. 예측된 함수는 고객 생명 주기 값(customer lifetime value, CLV)으로 변환되어 사용되었다.

## 딥 러닝과 인간 두뇌",36,우승하였고에 대해 설명해주세요.,"우승하였고,팀은 예상치 못한 다른 작용을 사전에 탐지하기 위해,러닝을 활용하여,에서 우승하였다,이러한 성공은"
214,https://ko.wikipedia.org/wiki/%EB%94%A5_%EB%9F%AC%EB%8B%9D,"딥 러닝 - 위키백과, 우리 모두의 백과사전","fetime value, CLV)으로 변환되어 사용되었다.

## 딥 러닝과 인간 두뇌

딥 러닝은인지신경과학자(Cognitive neuroscientist)들이 1990년대 초에 제안한뇌 발달(Brain development)과 밀접한 관련이 있다.이러한 발달 관점의 이론들이 도입되면서, 순수한 전산 기반의 딥 러닝 모델들을 위한 기술적인 기반도 마련되었다. 발달 이론에서는신경발달요인(Nerve growth factor)의 물결과 같은 뇌에서의 다양한 학습 역학이 결국은 서로 연관된 신경망들의자기조직화를 도와준다는 특징이 있다. 이는 나중에 전산 기반의 딥 러닝 모델에서도 활용되어서,인공신경망의 계층적인 필터 구조(각 동작 환경에서 필요한 정보만 걸러내는 다중 계층 구조)가 실제 뇌의 피질과 유사해보이게 되었다. 이러한 과정을 통해 자기조직적인 변환기의 계층구조가 만들어지고 각 환경에 맞도록 조율된다. 1995년에뉴욕 타임스에서는 다음과 같이 말하였다.",37,으로 변환되어 사용되었다이란 무엇인가요?,"으로 변환되어 사용되었다,러닝과 인간 두뇌,러닝은인지신경과학자,년대 초에 제안한뇌 발달,밀접한 관련이 있다"
215,https://ko.wikipedia.org/wiki/%EB%94%A5_%EB%9F%AC%EB%8B%9D,"딥 러닝 - 위키백과, 우리 모두의 백과사전","들어지고 각 환경에 맞도록 조율된다. 1995년에뉴욕 타임스에서는 다음과 같이 말하였다. ""...유아의 두뇌는 영양적인 요인의 영향으로 스스로 조직화되는 것 같다... 뇌에서 한 층의 조직이 먼저 성숙되고 다른 부분과 순차적으로 연결되는 방식으로 전체 뇌가 성숙될 때까지 반복된다.""인간의인식발달 및 진화와 관련하여 딥 러닝의 중요성은 많은 과학자들의 관심을 끌고 있다. 가까운 영장류 동물들과 인간이 차별화되는 부분 중 하나는 바로 발달 시기이다.다른 영장류 동물들의 뇌가 출산 전에 거의 완성되는 반면에, 인간의 뇌는 비교적 출산 후에도 계속 발달하는 편이다. 그래서 인간의 경우 뇌가 발달되는 중요한 시기 동안 세상 밖의 훨씬 더 복잡한 경험에 노출될 수 있다. 이러한 현상은 인간이 다른 동물들에 비하여 빠르게 변화하는 환경에 더 잘 적응할 수 있도록 만든다.",38,"딥 러닝 - 위키백과, 우리 모두의 백과사전에서 들어지고은 어떤 역할을 하나요?","들어지고,환경에 맞도록 조율된다,년에뉴욕 타임스에서는 다음과 같이 말하였다,유아의 두뇌는 영양적인 요인의 영향으로 스스로 조직화되는,뇌에서"
216,https://ko.wikipedia.org/wiki/%EB%94%A5_%EB%9F%AC%EB%8B%9D,"딥 러닝 - 위키백과, 우리 모두의 백과사전","은 인간이 다른 동물들에 비하여 빠르게 변화하는 환경에 더 잘 적응할 수 있도록 만든다. 이러한 변화의 정도는 대뇌 피질 발달에 반영되기도 하고, 또한 두뇌의자기조직화시기에 자극적인 환경으로부터의 정보 추출에 변화를 준다. 물론, 이러한 유연성은 인간이 다른 동물들에 비해 긴 미성숙기(보호자에게 도움을 받고 훈련을 받아야 하는 의존적인 시기)를 가지게 된 원인이기도 하다. 딥 러닝의 이런 이론들은 결국 인간 진화의 기본적인 조건으로서 문화와인식의 공진화를 보여준다.
딥 러닝은 종종강인공지능의 현실화를 향한 발걸음으로 묘사되기도 하기 때문에 많은 기관에서 딥 러닝의 활용에 관심을 보이고 있다. 2013년 3월,제프리 힌튼과 두 명의 제자(Alex Krizhevsky and Ilya Sutskever)가구글에 채용되었다. 이들은 구글의 기존기계 학습제품들을 향상시키고 구글이 가지고있는 데이터를 더 잘 활용할 수 있도록 돕는 일을 할 것이다.",39,인간이 다른 동물들에 비하여 빠르게 변화하는 환경에이란 무엇인가요?,"인간이 다른 동물들에 비하여 빠르게 변화하는 환경에,적응할,있도록 만든다,이러한 변화의 정도는 대뇌 피질 발달에 반영되기도 하고,또한 두뇌의자기조직화시기에 자극적인 환경으로부터의 정보 추출에 변화를 준다"
217,https://ko.wikipedia.org/wiki/%EB%94%A5_%EB%9F%AC%EB%8B%9D,"딥 러닝 - 위키백과, 우리 모두의 백과사전","을 향상시키고 구글이 가지고있는 데이터를 더 잘 활용할 수 있도록 돕는 일을 할 것이다. 구글은 또한힌튼의 회사 DNNresearch를 인수하였다. 2013년 12월에는페이스북이 캘리포니아, 런던, 뉴욕에서 운영될인공지능연구실의 수장으로얀 르쿤을 채용했다고 발표하였다. 이 인공지능 연구실에서는 딥 러닝 기법들을 연구 하여 페이스북의 사진에 자동으로 사람의 이름을 연결시키는 등의 기능을 구현할 예정이다.2014년, 구글은 영국의스타트업기업인딥마인드 테크놀로지스를 인수하였다.딥마인드에서는 화면의 정보만을 가지고 비디오 게임을 어떻게 플레이하는지를 스스로 학습하는 시스템을 개발하였다.바이두는앤드류 응을 그들의 새로운 실리콘밸리 딥 러닝 연구실의 수장으로 채용하였다.

## 부정적 시각과 코멘트

딥 러닝에 대한 부정적 시각중 하나로 딥 러닝에 사용되는 방법들의 이론적인 뒷받침이 빈약하다는 것이 있다. 대부분의 딥 러닝 알고리즘은경사 하강법에 기초를 두고 있다.",40,향상시키고 구글이 가지고있는 데이터를이란 무엇인가요?,"향상시키고 구글이 가지고있는 데이터를,활용할,있도록 돕는 일을,것이다,구글은 또한힌튼의 회사"
218,https://ko.wikipedia.org/wiki/%EB%94%A5_%EB%9F%AC%EB%8B%9D,"딥 러닝 - 위키백과, 우리 모두의 백과사전","침이 빈약하다는 것이 있다. 대부분의 딥 러닝 알고리즘은경사 하강법에 기초를 두고 있다. 그런데경사 하강법자체는 이론적으로 이해가 잘 되었지만, 이와 함께 사용하는 다른 알고리즘은 이론적인 검증이 빈약하다. 그러한 알고리즘 중 하나인 contrastive divergence는 이 알고리즘이 실제로 정말 수렴하는지, 수렴한다면 얼마나 빠르게 수렴하는지에 대한 부분이 현재 분명하게 증명되지 않았다. 이와 같이, 딥 러닝에 사용되는 방법들은 이론적이기보다는 경험적으로 검증된 방법들을 사용하기 때문에 종종 블랙박스로 이해되기도 한다.
또다른 사람들은 보통 사람들이 딥 러닝을 모든 것을 해결해주는 솔루션으로 바라보는 것에 대해 딥 러닝은 유일한 솔루션이 아니고, 강한 인공 지능을 실현하는 데에 한 걸음 더 다가갈 수 있게 해주는 것으로 봐야한다고 주장한다. 딥 러닝을 모든 것을 해결해주는 솔루션으로 보기에는 기능적으로 여전히 부족한 점이 많기 때문이다.",41,침이 빈약하다는 것이 있다이란 무엇인가요?,"침이 빈약하다는 것이 있다,대부분의,러닝 알고리즘은경사 하강법에 기초를 두고 있다,그런데경사 하강법자체는 이론적으로 이해가,되었지만"
219,https://ko.wikipedia.org/wiki/%EB%94%A5_%EB%9F%AC%EB%8B%9D,"딥 러닝 - 위키백과, 우리 모두의 백과사전","모든 것을 해결해주는 솔루션으로 보기에는 기능적으로 여전히 부족한 점이 많기 때문이다. 심리학자인게리 마커스는 다음과 같이 말했다.
""현실적으로, 딥 러닝은 지능형 기계를 구축하는 것의 일부분에 불과합니다. 딥 러닝에 쓰이는 테크닉들은 인과 관계를 나타내는 능력이 부족하고 논리적 추론을 하는 것에 확실한 방법을 가지고있지 않습니다. 그리고 이 방법들은 어떤 물체가 무엇인지, 용도가 무엇인지 등과 같은 추상적인 정보를 인식하는 데에 오랜 시간이 걸립니다.왓슨과 같이 현재 가장 강력한 인공지능 시스템은 딥 러닝을 복잡한 여러 개의 테크닉 중 단지 한 부분을 위해 사용하고 있습니다.""

## 딥 러닝 소프트웨어 라이브러리

Theano보관됨2016-05-31 -웨이백 머신
Deeplearning4j, JVM에서의 분산 딥 러닝 라이브러리.
ND4J보관됨2020-06-01 -웨이백 머신
NVIDIA cuDNNDNN의 프리미티브를 제공해주는 라이브러리.",42,보관됨에 대해 설명해주세요.,"보관됨,웨이백 머신,모든 것을 해결해주는 솔루션으로 보기에는 기능적으로 여전히 부족한 점이 많기 때문이다,심리학자인게리 마커스는 다음과 같이 말했다,현실적으로"
220,https://ko.wikipedia.org/wiki/%EB%94%A5_%EB%9F%AC%EB%8B%9D,"딥 러닝 - 위키백과, 우리 모두의 백과사전","6-01 -웨이백 머신
NVIDIA cuDNNDNN의 프리미티브를 제공해주는 라이브러리.
DeepLearnToolbox,MATLAB/Octave딥 러닝을 위한 툴박스.
convnetjs,자바스크립트로 구현된 딥 러닝 라이브러리.
Gensim자연언어처리를 위한 툴킷.
CaffeBerkeley Vision and Learning Center (BVLC)에서 만든 딥러닝 프레임워크
Tensorflow구글에서 발표한 기계학습 오픈소스 library
CNTK Microsoft에서 발표한 오픈소스 library
확률적 앵무새
↑Y. Bengio, A. Courville, and P. Vincent., ""Representation Learning: A Review and New Perspectives,"" IEEE Trans. PAMI, special issue Learning Deep Architectures, 2013",43,웨이백 머신이란 무엇인가요?,"웨이백 머신,프리미티브를 제공해주는 라이브러리,러닝을 위한 툴박스,자바스크립트로 구현된,러닝 라이브러리"
221,https://ko.wikipedia.org/wiki/%EB%94%A5_%EB%9F%AC%EB%8B%9D,"딥 러닝 - 위키백과, 우리 모두의 백과사전",", special issue Learning Deep Architectures, 2013
↑How Many Computers to Identify a Cat? 16,000http://www.nytimes.com/2012/06/26/technology/in-a-big-network-of-computers-evidence-of-machine-learning.html?_r=2&amp&
↑“보관된 사본”. 2014년 7월 6일에원본 문서에서 보존된 문서. 2014년 7월 8일에 확인함.
↑http://techcrunch.com/2013/12/09/facebook-artificial-intelligence-lab-lecun/
↑MIT, 올해의 10대 혁신기술 선정http://news.donga.com/3/all/20130426/54713529/1
↑가트너, 2014 세계 IT 시장 10대 주요 예측 발표http://www.acrofan.com/ko-kr/commerce/news/2013101",44,보관된 사본의 주요 특징은 무엇인가요?,"보관된 사본,일에원본 문서에서 보존된 문서,일에 확인함,올해의,혁신기술 선정"
222,https://ko.wikipedia.org/wiki/%EB%94%A5_%EB%9F%AC%EB%8B%9D,"딥 러닝 - 위키백과, 우리 모두의 백과사전","http://www.acrofan.com/ko-kr/commerce/news/20131013/00000015
↑Neocognitron: A Self-organizing Neural Network Model for a Mechanism of Pattern Recognition
Unaffected by Shift in Positionhttp://www.cs.princeton.edu/courses/archive/spr08/cos598B/Readings/Fukushima1980.pdf
↑P. Werbos., ""Beyond Regression: New Tools for Prediction and Analysis in the Behavioral Sciences,"" PhD thesis, Harvard University, 1974.
↑LeCun et al., ""Backpropagation Applied to Handwritten Zip Code Recognition,"" Neural Computa",45,"딥 러닝 - 위키백과, 우리 모두의 백과사전에 대해 설명해주세요.","딥 러닝 - 위키백과, 우리 모두의 백과사전"
223,https://ko.wikipedia.org/wiki/%EB%94%A5_%EB%9F%AC%EB%8B%9D,"딥 러닝 - 위키백과, 우리 모두의 백과사전","Handwritten Zip Code Recognition,"" Neural Computation, 1, pp. 541–551, 1989.https://www.ics.uci.edu/~welling/teaching/273ASpring09/lecun-89e.pdf보관됨2015-05-29 -웨이백 머신
↑S. Hochreiter., ""Untersuchungen zu dynamischen neuronalen Netzen,"" Diploma thesis. Institut f. Informatik, Technische Univ. Munich. Advisor: J. Schmidhuber, 1991.
↑S. Hochreiter et al., ""Gradient flow in recurrent nets: the difficulty of learning long-term dependencies,"" In S. C. Kremer and J. F.",46,보관됨에 대해 설명해주세요.,"보관됨,웨이백 머신"
224,https://ko.wikipedia.org/wiki/%EB%94%A5_%EB%9F%AC%EB%8B%9D,"딥 러닝 - 위키백과, 우리 모두의 백과사전","ong-term dependencies,"" In S. C. Kremer and J. F. Kolen, editors, A Field Guide to Dynamical Recurrent Neural Networks. IEEE Press, 2001
↑http://www.wired.com/2013/03/google_hinton/
↑G. E. Hinton., ""Learning multiple layers of representation,"" Trends in Cognitive Sciences, 11, pp. 428–434, 2007.
↑G. Dahl et al., ""Improving DNNs for LVCSR using rectified linear units and dropout,"" ICASSP', 2013.
12Y. Bengio, A. Courville, and P.",47,"딥 러닝 - 위키백과, 우리 모두의 백과사전에 대해 설명해주세요.","딥 러닝 - 위키백과, 우리 모두의 백과사전"
225,https://ko.wikipedia.org/wiki/%EB%94%A5_%EB%9F%AC%EB%8B%9D,"딥 러닝 - 위키백과, 우리 모두의 백과사전","ICASSP', 2013.
12Y. Bengio, A. Courville, and P. Vincent., ""Representation Learning: A Review and New Perspectives,""IEEE Trans. PAMI, special issue Learning Deep Architectures, 2013
12J. Schmidhuber, ""Deep Learning in Neural Networks: An Overview""http://arxiv.org/abs/1404.7828, 2014
↑Szegedy, Christian, Alexander Toshev, and Dumitru Erhan. ""Deep neural networks for object detection."" Advances in Neural Information Processing Systems. 2013.",48,"딥 러닝 - 위키백과, 우리 모두의 백과사전에 대해 설명해주세요.","딥 러닝 - 위키백과, 우리 모두의 백과사전"
226,https://ko.wikipedia.org/wiki/%EB%94%A5_%EB%9F%AC%EB%8B%9D,"딥 러닝 - 위키백과, 우리 모두의 백과사전","s in Neural Information Processing Systems. 2013.
↑T. Mikolovet al., ""Recurrent neural network based language model,""Interspeech, 2010.
↑LeCun, Y. 외.“Gradient-based learning applied to document recognition”.《Proceedings of the IEEE》86(11): 2278–2324.doi:10.1109/5.726791.CS1 관리 - et al.의 직접적인 사용 (링크)
↑T. Sainathet al., ""Convolutional neural networks for LVCSR,""ICASSP, 2013.
↑G. E. Hintonet al.., ""Deep Neural Networks for Acoustic Modeling in Speech Recognition: The shared views of four research g",49,"딥 러닝 - 위키백과, 우리 모두의 백과사전에서 직접적인 사용은 어떤 역할을 하나요?",직접적인 사용
227,https://ko.wikipedia.org/wiki/%EB%94%A5_%EB%9F%AC%EB%8B%9D,"딥 러닝 - 위키백과, 우리 모두의 백과사전","h Recognition: The shared views of four research groups,""IEEE Signal Processing Magazine, pp. 82–97, November 2012.
↑Y. Bengioet al.., ""Advances in optimizing recurrent networks,""ICASSP, 2013.
↑G. Dahlet al.., ""Improving DNNs for LVCSR using rectified linear units and dropout,""ICASSP, 2013.
↑G. E. Hinton., ""A Practical Guide to Training Restricted Boltzmann Machines,""Tech. Rep. UTML TR 2010-003, Dept. CS., Univ. of Toronto, 2010.
↑http://www.cs.toronto.edu/~kriz/conv-cifar10-aug2010.pdf",50,"딥 러닝 - 위키백과, 우리 모두의 백과사전에 대해 설명해주세요.","딥 러닝 - 위키백과, 우리 모두의 백과사전"
228,https://ko.wikipedia.org/wiki/%EB%94%A5_%EB%9F%AC%EB%8B%9D,"딥 러닝 - 위키백과, 우리 모두의 백과사전","www.cs.toronto.edu/~kriz/conv-cifar10-aug2010.pdf
↑A. Graves, M. Liwicki, S. Fernandez, R. Bertolami, H. Bunke, J. Schmidhuber. A Novel Connectionist System for Improved Unconstrained Handwriting Recognition. IEEE Transactions on Pattern Analysis and Machine Intelligence, vol. 31, no. 5, 2009.
↑Mnih, Volodymyr et al. (2015).""Human-level control through deep reinforcement learning""(PDF) 518. pp. 529–533.
↑TIMIT Acoustic-Phonetic Continuous Speech Corpus Linguistic Data Consortium, Philadelphia.",51,"딥 러닝 - 위키백과, 우리 모두의 백과사전에 대해 설명해주세요.","딥 러닝 - 위키백과, 우리 모두의 백과사전"
229,https://ko.wikipedia.org/wiki/%EB%94%A5_%EB%9F%AC%EB%8B%9D,"딥 러닝 - 위키백과, 우리 모두의 백과사전","Corpus Linguistic Data Consortium, Philadelphia.
↑Deng, L.; Hinton, G.; Kingsbury, B. (2013). ""New types of deep neural network learning for speech recognition and related applications: An overview (ICASSP)"".
↑NIPS Workshop: Deep Learning for Speech Recognition and Related Applications, Whistler, BC, Canada, Dec. 2009 (Organizers: Li Deng, Geoff Hinton, D. Yu).
↑Abdel-Hamid, O. et al. (2014). ""Convolutional Neural Networks for Speech Recognition"".",52,"딥 러닝 - 위키백과, 우리 모두의 백과사전에 대해 설명해주세요.","딥 러닝 - 위키백과, 우리 모두의 백과사전"
230,https://ko.wikipedia.org/wiki/%EB%94%A5_%EB%9F%AC%EB%8B%9D,"딥 러닝 - 위키백과, 우리 모두의 백과사전","lutional Neural Networks for Speech Recognition"". IEEE/ACM Transactions on Audio, Speech, and Language Processing 22 (10): 1533–1545.doi:10.1109/taslp.2014.2339736
↑Deng, L.; Platt, J. (2014). ""Ensemble Deep Learning for Speech Recognition"". Proc. Interspeech.
↑Yu, D.; Deng, L. (2010). ""Roles of Pre-Training and Fine-Tuning in Context-Dependent DBN-HMMs for Real-World Speech Recognition"". NIPS Workshop on Deep Learning and Unsupervised Feature Learning.",53,"딥 러닝 - 위키백과, 우리 모두의 백과사전에 대해 설명해주세요.","딥 러닝 - 위키백과, 우리 모두의 백과사전"
231,https://ko.wikipedia.org/wiki/%EB%94%A5_%EB%9F%AC%EB%8B%9D,"딥 러닝 - 위키백과, 우리 모두의 백과사전","Deep Learning and Unsupervised Feature Learning.
↑Deng L., Li, J., Huang, J., Yao, K., Yu, D., Seide, F. et al. Recent Advances in Deep Learning for Speech Research at Microsoft. ICASSP, 2013.
↑Yu, D.; Deng, L. (2014). ""Automatic Speech Recognition: A Deep Learning Approach (Publisher: Springer)"".
↑Deng, L.; Li, Xiao (2013). ""Machine Learning Paradigms for Speech Recognition: An Overview"". IEEE Transactions on Audio, Speech, and Language Processing.",54,"딥 러닝 - 위키백과, 우리 모두의 백과사전에 대해 설명해주세요.","딥 러닝 - 위키백과, 우리 모두의 백과사전"
232,https://ko.wikipedia.org/wiki/%EB%94%A5_%EB%9F%AC%EB%8B%9D,"딥 러닝 - 위키백과, 우리 모두의 백과사전","ctions on Audio, Speech, and Language Processing.
↑L. Deng and D. Yu (2014) ""Deep Learning: Methods and Applications""http://research.microsoft.com/pubs/209355/DeepLearning-NowPublishing-Vol7-SIG-039.pdf
↑McMillan, R. ""How Skype Used AI to Build Its Amazing New Language Translator"", Wire, Dec. 2014.
↑Hannun et al. (2014) ""Deep Speech: Scaling up end-to-end speech recognition"", arXiv:1412.5567.
↑Ron Schneiderman (2015) ""Accuracy, Apps Advance Speech Recognition --- Interview with Vlad Sejnoha and",55,"딥 러닝 - 위키백과, 우리 모두의 백과사전에 대해 설명해주세요.","딥 러닝 - 위키백과, 우리 모두의 백과사전"
233,https://ko.wikipedia.org/wiki/%EB%94%A5_%EB%9F%AC%EB%8B%9D,"딥 러닝 - 위키백과, 우리 모두의 백과사전","h Recognition --- Interview with Vlad Sejnoha and Li Deng"", IEEE Signal Processing Magazine, Jan, 2015.
↑D. Ciresan, U. Meier, J. Schmidhuber., ""Multi-column Deep Neural Networks for Image Classification,""Technical Report No. IDSIA-04-12', 2012.
↑Vinyals et al. (2014).""Show and Tell: A Neural Image Caption Generator,"" arXiv:1411.4555.
↑Fang et al. (2014).""From Captions to Visual Concepts and Back,"" arXiv:1411.4952.
↑Kiros et al.",56,"딥 러닝 - 위키백과, 우리 모두의 백과사전에 대해 설명해주세요.","딥 러닝 - 위키백과, 우리 모두의 백과사전"
234,https://ko.wikipedia.org/wiki/%EB%94%A5_%EB%9F%AC%EB%8B%9D,"딥 러닝 - 위키백과, 우리 모두의 백과사전","oncepts and Back,"" arXiv:1411.4952.
↑Kiros et al. (2014).""Unifying Visual-Semantic Embeddings with Multimodal Neural Language Models,"" arXiv:1411.2539.
↑Zhong, S.; Liu, Y.; Liu, Y.“Bilinear Deep Learning for Image Classification”.《Proceedings of the 19th ACM International Conference on Multimedia》11: 343–352.|확인날짜=는|url=을 필요로 함 (도움말)
↑Nvidia Demos a Car Computer Trained with ""Deep Learning""(2015-01-06), David Talbot,MIT Technology Review",57,"딥 러닝 - 위키백과, 우리 모두의 백과사전에서 확인날짜은 어떤 역할을 하나요?","확인날짜,필요로,도움말"
235,https://ko.wikipedia.org/wiki/%EB%94%A5_%EB%9F%AC%EB%8B%9D,"딥 러닝 - 위키백과, 우리 모두의 백과사전","""(2015-01-06), David Talbot,MIT Technology Review
↑""Announcement of the winners of the Merck Molecular Activity Challenge""https://www.kaggle.com/c/MerckActivity/details/winners.
↑Dahl, G. E.; Jaitly, N.; & Salakhutdinov, R. (2014) ""Multi-task Neural Networks for QSAR Predictions,"" ArXiv, 2014.
↑""Toxicology in the 21st century Data Challenge""https://tripod.nih.gov/tox21/challenge/leaderboard.jsp
↑""NCATS Announces Tox21 Data Challenge Winners""http://www.ncats.nih.gov/news-and-events/features/tox21",58,"딥 러닝 - 위키백과, 우리 모두의 백과사전에 대해 설명해주세요.","딥 러닝 - 위키백과, 우리 모두의 백과사전"
236,https://ko.wikipedia.org/wiki/%EB%94%A5_%EB%9F%AC%EB%8B%9D,"딥 러닝 - 위키백과, 우리 모두의 백과사전","//www.ncats.nih.gov/news-and-events/features/tox21-challenge-winners.html보관됨2015-02-28 -웨이백 머신
↑Unterthiner, T.; Mayr, A.; Klambauer, G.; Steijaert, M.; Ceulemans, H.; Wegner, J. K.; & Hochreiter, S. (2014)""Deep Learning as an Opportunity in Virtual Screening"". Workshop on Deep Learning and Representation Learning (NIPS2014).
↑Unterthiner, T.; Mayr, A.; Klambauer, G.; & Hochreiter, S. (2015)""Toxicity Prediction using Deep Learning"". ArXiv, 2015.",59,"딥 러닝 - 위키백과, 우리 모두의 백과사전에서 보관됨은 어떤 역할을 하나요?","보관됨,웨이백 머신"
237,https://ko.wikipedia.org/wiki/%EB%94%A5_%EB%9F%AC%EB%8B%9D,"딥 러닝 - 위키백과, 우리 모두의 백과사전","ity Prediction using Deep Learning"". ArXiv, 2015.
↑Ramsundar, B.; Kearnes, S.; Riley, P.; Webster, D.; Konerding, D.;& Pande, V. (2015) ""Massively Multitask Networks for Drug Discovery"". ArXiv, 2015.
↑Tkachenko, Yegor. Autonomous CRM Control via CLV Approximation with Deep Reinforcement Learning in Discrete and Continuous Action Space. (April 8, 2015). arXiv.org:http://arxiv.org/abs/1504.01840
↑J. Elman, et al.., ""Rethinking Innateness,"" 1996.",60,"딥 러닝 - 위키백과, 우리 모두의 백과사전에 대해 설명해주세요.","딥 러닝 - 위키백과, 우리 모두의 백과사전"
238,https://ko.wikipedia.org/wiki/%EB%94%A5_%EB%9F%AC%EB%8B%9D,"딥 러닝 - 위키백과, 우리 모두의 백과사전","J. Elman, et al.., ""Rethinking Innateness,"" 1996.
↑J. Shrager, MH Johnson., ""Dynamic plasticity influences the emergence of function in a simple cortical array,"" Neural Networks, 9 (7), pp. 1119–1129, 1996
↑SR Quartz and TJ Sejnowski., ""The neural basis of cognitive development: A constructivist manifesto,"" Behavioral and Brain Sciences, 20 (4), pp. 537–556, 1997.
↑S. Blakeslee., ""In brain's early growth, timetable may be critical,"" The New York Times, Science Section, pp. B5–B6, 1995.",61,"딥 러닝 - 위키백과, 우리 모두의 백과사전에 대해 설명해주세요.","딥 러닝 - 위키백과, 우리 모두의 백과사전"
239,https://ko.wikipedia.org/wiki/%EB%94%A5_%EB%9F%AC%EB%8B%9D,"딥 러닝 - 위키백과, 우리 모두의 백과사전","New York Times, Science Section, pp. B5–B6, 1995.
↑{BUFILL} E. Bufill, J. Agusti, R. Blesa., ""Human neoteny revisited: The case of synaptic plasticity,"" American Journal of Human Biology, 23 (6), pp. 729–739, 2011.
↑C. Metz., ""Facebook's 'Deep Learning' Guru Reveals the Future of AI,""http://www.wired.com/wiredenterprise/2013/12/facebook-yann-lecun-qa/Wired, 12 December 2013.
↑G. Marcus., ""Is ""Deep Learning"" a Revolution in Artificial Intelligence?""The New Yorker, 25 November 2012.",62,"딥 러닝 - 위키백과, 우리 모두의 백과사전에 대해 설명해주세요.","딥 러닝 - 위키백과, 우리 모두의 백과사전"
240,https://ko.wikipedia.org/wiki/%EB%94%A5_%EB%9F%AC%EB%8B%9D,"딥 러닝 - 위키백과, 우리 모두의 백과사전","l Intelligence?""The New Yorker, 25 November 2012.
java deep neural networks with gnu acceleration: 딥러닝 구현
http://neuralnetworksanddeeplearning.com/
http://www.deeplearning.net/tutorial/보관됨2014-07-04 -웨이백 머신
http://theanalyticsstore.com/deep-learning/
http://deview.kr/2013/detail.nhn?topicSeq=39
http://www.toptal.com/machine-learning/an-introduction-to-deep-learning-from-perceptrons-to-deep-networks
인공지능과 딥러닝 빅데이터 안고 부활하다
상상 속 기계가 스스로 학습 기계로
폭넓은 관심과 남다른 통찰로 딥러닝 시대 열어
BnF 데이터
예일 LUX",63,딥러닝 구현의 주요 특징은 무엇인가요?,"딥러닝 구현,보관됨,웨이백 머신,인공지능과 딥러닝 빅데이터 안고 부활하다
상상,기계가 스스로 학습 기계로
폭넓은 관심과 남다른 통찰로 딥러닝 시대 열어"
241,https://ko.wikipedia.org/wiki/%EB%94%A5_%EB%9F%AC%EB%8B%9D,"딥 러닝 - 위키백과, 우리 모두의 백과사전","심과 남다른 통찰로 딥러닝 시대 열어
BnF 데이터
예일 LUX",64,심과 남다른 통찰로 딥러닝 시대 열어의 주요 특징은 무엇인가요?,"심과 남다른 통찰로 딥러닝 시대 열어,데이터
예일"
242,https://ko.wikipedia.org/wiki/%EB%8C%80%ED%98%95_%EC%96%B8%EC%96%B4_%EB%AA%A8%EB%8D%B8,"대형 언어 모델 - 위키백과, 우리 모두의 백과사전","비지도 학습
온라인 기계 학습
준지도 학습
자기 지도 학습
규칙 기반 기계 학습
뉴로모픽 엔지니어링
양자 기계 학습
클러스터 분석
데이터 정제
AutoML
연관 규칙 학습
구조 기반 예측
온톨로지 학습
멀티모달 학습
결정 트리 학습법
앙상블 학습법배깅부스팅랜덤 포레스트
랜덤 포레스트
최근접 이웃 탐색
나이브 베이즈
로지스틱 회귀
상관 벡터 머신(RVM)
서포트 벡터 머신(SVM)
CURE 알고리즘
계층적 군집화
k-평균 알고리즘
퍼지 클러스터링
기댓값 최대화 알고리즘
DBSCAN
OPTICS
독립 성분 분석
선형 판별 분석
음수 미포함 행렬 분해
주성분 분석
그래프 모형베이즈 네트워크조건부 무작위장은닉 마르코프 모형
베이즈 네트워크
조건부 무작위장
은닉 마르코프 모형
잠재 디리클레 할당
무작위 표본 합의
k-최근접 이웃 알고리즘
국소 특이점 요인
고립 포레스트
순방향 신경망
순환 신경망LSTMGRU
볼츠만 머신제한된
생성적 적대 신경망
자기조직화 지도",0,"비지도 학습
온라인 기계 학습
준지도 학습
자기 지도 학습
규칙 기반 기계 학습
뉴로모픽 엔지니어링
양자 기계 학습
클러스터 분석
데이터 정제이란 무엇인가요?","비지도 학습
온라인 기계 학습
준지도 학습
자기 지도 학습
규칙 기반 기계 학습
뉴로모픽 엔지니어링
양자 기계 학습
클러스터 분석
데이터 정제,연관 규칙 학습
구조 기반 예측
온톨로지 학습
멀티모달 학습
결정 트리 학습법
앙상블 학습법배깅부스팅랜덤 포레스트
랜덤 포레스트
최근접 이웃 탐색
나이브 베이즈
로지스틱 회귀
상관 벡터 머신,서포트 벡터 머신,알고리즘
계층적 군집화,평균 알고리즘
퍼지 클러스터링
기댓값 최대화 알고리즘"
243,https://ko.wikipedia.org/wiki/%EB%8C%80%ED%98%95_%EC%96%B8%EC%96%B4_%EB%AA%A8%EB%8D%B8,"대형 언어 모델 - 위키백과, 우리 모두의 백과사전","향 신경망
순환 신경망LSTMGRU
볼츠만 머신제한된
생성적 적대 신경망
자기조직화 지도
합성곱 신경망U-NetLeNet알렉스넷딥드림
신경장신경 방사장물리정보 신경망
신경 방사장
물리정보 신경망
트랜스포머비전
스파이킹 신경망
멤트렌지스터
전기화학 RAM
다층 퍼셉트론
시간차 학습
액티브 러닝
크라우드소싱
휴먼인더루프
수신자 조작 특성
커널 메소드
편향-분산 트레이드오프
계산학습이론
경험적 위험 최소화
PAC 러닝
통계적 학습이론
NeurIPS
기계 학습 알고리즘 목록
기계 탈학습
유사도 학습
대형 언어 모델(영어:large language model,LLM)또는거대 언어 모델(巨大言語 - )은 수많은 파라미터(보통 수십억 웨이트 이상)를 보유한인공 신경망으로 구성되는언어 모델이다.자기 지도 학습이나 반자기지도학습을 사용하여 레이블링되지 않은 상당한 양의 텍스트로 훈련된다.LLM은 2018년 즈음에 모습을 드러냈으며 다양한 작업을 위해 수행된다.",1,"신경망
순환 신경망이란 무엇인가요?","신경망
순환 신경망,볼츠만 머신제한된
생성적 적대 신경망
자기조직화 지도
합성곱 신경망,알렉스넷딥드림
신경장신경 방사장물리정보 신경망
신경 방사장
물리정보 신경망
트랜스포머비전
스파이킹 신경망
멤트렌지스터
전기화학,다층 퍼셉트론
시간차 학습
액티브 러닝
크라우드소싱
휴먼인더루프
수신자 조작 특성
커널 메소드
편향,분산 트레이드오프
계산학습이론
경험적 위험 최소화"
244,https://ko.wikipedia.org/wiki/%EB%8C%80%ED%98%95_%EC%96%B8%EC%96%B4_%EB%AA%A8%EB%8D%B8,"대형 언어 모델 - 위키백과, 우리 모두의 백과사전","트로 훈련된다.LLM은 2018년 즈음에 모습을 드러냈으며 다양한 작업을 위해 수행된다. 이전의 특정 작업의 특수한지도 학습모델의 훈련 패러다임에서 벗어나자연어 처리연구로 초점이 옮겨졌다.
대규모 언어 모델(LLM) 은AI 챗봇기술을 가능하게 하는 요소이며 많은 화제를 불러일으키고 있는 주제 중 하나다. 대규모 언어 모델(LLM)의 작동 방식은 크게 3가지로 나뉘고 있다. 토큰화, 트랜스포머 모델, 프롬프트 등.토큰화는자연어 처리의 일부로 일반 인간 언어를 저수준 기계 시스템(LLMS)이 이해할 수 있는 시퀀스로 변환하는 작업을 말하며 여기에는 섹션에 숫자 값을 할당하고 빠른 분석을 위해 인코딩하는 작업이 수반된다. 이는 음성학의 AI 버전과 같으며 토큰화의 목적은 인공지능이 문장의 구조를 예측하기 위한 학습 가이드 또는 공식과 같은 컨텍스트 백터를 생성하는 것이 목적.",2,대규모 언어 모델이란 무엇인가요?,"대규모 언어 모델,트로 훈련된다,즈음에 모습을 드러냈으며 다양한 작업을 위해 수행된다,이전의 특정 작업의 특수한지도 학습모델의 훈련 패러다임에서 벗어나자연어 처리연구로 초점이 옮겨졌다,챗봇기술을 가능하게 하는 요소이며 많은 화제를 불러일으키고 있는 주제"
245,https://ko.wikipedia.org/wiki/%EB%8C%80%ED%98%95_%EC%96%B8%EC%96%B4_%EB%AA%A8%EB%8D%B8,"대형 언어 모델 - 위키백과, 우리 모두의 백과사전","구조를 예측하기 위한 학습 가이드 또는 공식과 같은 컨텍스트 백터를 생성하는 것이 목적. 언어를 더 많이 연구하고 문장이 어떻게 구성되는지 이해할수록 특정 유형의 문장에서 다음 언어에 대한 예측이 더 정확해진다. 이로 인해 온라인에서 사람들이 사용하는 다양한 커뮤니케이션 스타일을 재현하는 모델을 개발할 수 있다.
트랜스포머 모델은 순차적 데이터를 검사하여 어떤 단어가 서로 뒤따를 가능성이 높은지 관련 패턴을 식별하는 신경망의 일종으로 각각 다른 분석을 수행하여 어떤 단어가 호환되는지 결정하는 계층으로 구성된다. 이러한 모델은 언어를 학습하지 않고 알고리즘에 의존하여 사람이 쓴 단어를 이해하고 예를 들어, 힙스터 커피 블로그를 제공함으로써 커피에 대한 표준 글을 작성하도록 학습시킨다.
프롬프트는 개발자가 정보를 분석하고 토큰화하기 위해 대규모 언어 모델 LLM에 제공하는 정보로 프롬프트는 기본적으로 다양한 사용 사례에서 LLM에 도움이 되는 학습 데이터이다.",3,구조를 예측하기 위한 학습 가이드 또는 공식과 같은 컨텍스트 백터를 생성하는 것이 목적의 주요 특징은 무엇인가요?,"구조를 예측하기 위한 학습 가이드 또는 공식과 같은 컨텍스트 백터를 생성하는 것이 목적,언어를,많이 연구하고 문장이 어떻게 구성되는지 이해할수록 특정 유형의 문장에서 다음 언어에 대한 예측이,정확해진다,이로 인해 온라인에서 사람들이 사용하는 다양한 커뮤니케이션 스타일을 재현하는 모델을 개발할"
246,https://ko.wikipedia.org/wiki/%EB%8C%80%ED%98%95_%EC%96%B8%EC%96%B4_%EB%AA%A8%EB%8D%B8,"대형 언어 모델 - 위키백과, 우리 모두의 백과사전","정보로 프롬프트는 기본적으로 다양한 사용 사례에서 LLM에 도움이 되는 학습 데이터이다. 더 정확한 프롬프트를 받을수록 LLM은 다음 단어를 더 잘 예측하고 정확한 문장을 구성할 수 있다. 따라서딥러닝AI의 적절한 학습을 위해서는 적절한 프롬프트를 선택하는 것이 중요하다.
2017년 이전에도 당대 기준으로는 상당히 큰 언어 모델들이 존재했다. 1990년대에는 IBM의 정렬 모델(IBM aligned model)이 통계적 언어 모델링의 선구적 역할을 했다. 2001년에는 3억 단어 규모의 말뭉치로 학습한 스무딩된 n-그램 모델(smoothed n-gram model)이 당시 최고 수준의 퍼플렉시티(perplexity)를 기록하기도 했다.2000년대에 접어들면서 인터넷 사용이 보편화되자 일부 연구자들은 웹 전체를 말뭉치로 활용하는 '웹을 말뭉치로(web as corpus)'접근을 통해 인터넷 규모의 언어 데이터세트를 구축했고, 이를 기반으로 통계적 언어 모델을 학습시켰다.2009년경에는",4,정보로 프롬프트는 기본적으로 다양한 사용 사례에서의 주요 특징은 무엇인가요?,"정보로 프롬프트는 기본적으로 다양한 사용 사례에서,도움이 되는 학습 데이터이다,정확한 프롬프트를 받을수록,다음 단어를,예측하고 정확한 문장을 구성할"
247,https://ko.wikipedia.org/wiki/%EB%8C%80%ED%98%95_%EC%96%B8%EC%96%B4_%EB%AA%A8%EB%8D%B8,"대형 언어 모델 - 위키백과, 우리 모두의 백과사전","언어 데이터세트를 구축했고, 이를 기반으로 통계적 언어 모델을 학습시켰다.2009년경에는 대부분의 자연어처리 과제에서 통계 기반 언어 모델이 기호 기반(symbolic) 언어 모델보다 우위를 점하게 되었는데, 이는 대규모 데이터를 효과적으로 활용할 수 있었기 때문이다.
2012년경 이미지 처리 분야에서 신경망이 주류가 된 이후,언어 모델링에도 신경망이 적용되기 시작했다. 구글은 2016년 자사의 번역 시스템을 기존의 통계적 방식에서 신경망 기계번역(NMT) 방식으로 전환하였다. 이는 트랜스포머가 등장하기 전이었기 때문에, 순차적(seq2seq) 심층 LSTM 네트워크를 사용하였다.
2017년 NeurIPS 학회에서 구글 연구진은 트랜스포머 아키텍처를 소개하는 기념비적인 논문 'Attention Is All You Need'를 발표했다. 이 논문은 2014년의 seq2seq 기술을 개선하는 것을 목표로 했으며,주로 바다나우(Bahdanau) 등이 2014년에 개발한 어텐션 메커니즘을",5,"대형 언어 모델 - 위키백과, 우리 모두의 백과사전에서 언어 데이터세트를 구축했고은 어떤 역할을 하나요?","언어 데이터세트를 구축했고,이를 기반으로 통계적 언어 모델을 학습시켰다,년경에는 대부분의 자연어처리 과제에서 통계 기반 언어 모델이 기호 기반,언어 모델보다 우위를 점하게 되었는데,이는 대규모 데이터를 효과적으로 활용할"
248,https://ko.wikipedia.org/wiki/%EB%8C%80%ED%98%95_%EC%96%B8%EC%96%B4_%EB%AA%A8%EB%8D%B8,"대형 언어 모델 - 위키백과, 우리 모두의 백과사전","목표로 했으며,주로 바다나우(Bahdanau) 등이 2014년에 개발한 어텐션 메커니즘을 기반으로 했다. 이듬해인 2018년에는 BERT가 등장했고, 빠르게 자연어 처리 분야에서 사실상의 표준이 되었다.최초의 트랜스포머는 인코더와 디코더 블록을 모두 포함하고 있지만, BERT는 인코더만 가지고 있는 모델이다. 한편 2023년 이후에는 디코더 기반의 GPT 계열 모델이 프롬프트 기반 문제 해결 능력에서 뛰어난 성과를 보이며 BERT의 연구 활용은 점차 감소세를 보이고 있다.
디코더만 있는 GPT-1은 2018년에 처음 등장했지만, 대중의 주목을 받은 것은 2019년의 GPT-2였다. 이는 개발사인 오픈AI가 GPT-2가 악용될 가능성을 우려해 처음에는 공개를 보류하기도 할만큼 강력했기 때문이다.2020년에 발표된 GPT-3는 이보다 더 진일보한 성능을 보였으며, 2024년 기준으로 API를 통해서만 접근 가능하고 모델 자체는 다운로드해 로컬에서 실행할 수 없다.",6,목표로 했으며에 대해 설명해주세요.,"목표로 했으며,주로 바다나우,년에 개발한 어텐션 메커니즘을 기반으로 했다,이듬해인,년에는"
249,https://ko.wikipedia.org/wiki/%EB%8C%80%ED%98%95_%EC%96%B8%EC%96%B4_%EB%AA%A8%EB%8D%B8,"대형 언어 모델 - 위키백과, 우리 모두의 백과사전","준으로 API를 통해서만 접근 가능하고 모델 자체는 다운로드해 로컬에서 실행할 수 없다. 대중적 관심을 끌게 된 계기는 2022년 출시된 ChatGPT였는데, 이 소비자 대상의 브라우저 기반 챗봇은 대중의 상상력을 자극하며 큰 화제를 모았다.2023년의 GPT-4는 정확도가 향상되었을 뿐만 아니라 멀티모달 기능 덕분에 '성배(Holy Grail)'라는 평가까지 받았다.오픈AI는 GPT-4의 구체적인 아키텍처와 파라미터 수를 공개하지 않았다. ChatGPT의 등장은 로봇공학, 소프트웨어 공학, 사회적 영향 연구 등의 컴퓨터 과학의 여러 하위 분야에서 LLM의 사용 증가로 이어졌다.2024년에는 오픈AI가 논리적 추론 기능을 강화한 모델 OpenAI o1을 출시했으며, 이 모델은 최종 답변을 생성하기 전에 장문의 사고 과정(Chains of Thought)을 먼저 생성하는 특징이 있다.",7,준으로에 대해 설명해주세요.,"준으로,통해서만 접근 가능하고 모델 자체는 다운로드해 로컬에서 실행할,대중적 관심을 끌게,계기는,출시된"
250,https://ko.wikipedia.org/wiki/%EB%8C%80%ED%98%95_%EC%96%B8%EC%96%B4_%EB%AA%A8%EB%8D%B8,"대형 언어 모델 - 위키백과, 우리 모두의 백과사전","전에 장문의 사고 과정(Chains of Thought)을 먼저 생성하는 특징이 있다.
경쟁 언어 모델들은 주로 GPT 시리즈와 동일하거나 유사한 규모의 파라미터 수를 갖추는 것을 목표로 개발되고 있다.
2022년 이후에는 BLOOM, LLaMA 등의 오픈소스 기반 모델이 인기를 끌고 있다. 다만 이들 모델은 사용 용도에 제한이 있다. 반면 Mistral AI의 Mistral 7B 및 Mixtral 8x7B는 보다 자유로운 아파치 라이선스를 채택하였다. 2025년 1월에는 DeepSeek가 6,710억 개의 파라미터를 가진 가중치 공개 모델 DeepSeek R1을 발표했으며, 이는 OpenAI o1에 견줄 수 있는 성능을 훨씬 낮은 비용으로 제공한다.
2023년 이후에는 많은 LLM이 멀티모달(multimodal) 모델, 즉 이미지나 오디오 등의 데이터도 함께 처리할 수 있는 능력을 가진 모델로 훈련되고 있다.",8,전에 장문의 사고 과정이란 무엇인가요?,"전에 장문의 사고 과정,먼저 생성하는 특징이 있다,경쟁 언어 모델들은 주로,시리즈와 동일하거나 유사한 규모의 파라미터 수를 갖추는 것을 목표로 개발되고 있다,이후에는"
251,https://ko.wikipedia.org/wiki/%EB%8C%80%ED%98%95_%EC%96%B8%EC%96%B4_%EB%AA%A8%EB%8D%B8,"대형 언어 모델 - 위키백과, 우리 모두의 백과사전","이미지나 오디오 등의 데이터도 함께 처리할 수 있는 능력을 가진 모델로 훈련되고 있다. 이러한 LLM은 대형 멀티모달 모델 (Large Multimodal Model, LMM)이라 불린다.
2024년에는 가장 크고 강력한 언어 모델들은 여전히 트랜스포머 아키텍처를 기반으로 하고 있다. 다만 최근에는 순환 신경망(RNN) 변형이나 상태공간 모델(State Space Model)인 Mamba와 같은 새로운 아키텍처를 적용한 시도도 일부 진행되고 있다.
퍼플렉시티(perplexity)

## 작업별 데이터 세트 및 벤치마크

또한 더 구체적인 다운스트림 작업에서 언어 모델의 역량을 평가하기 위해 많은 수의 테스트 데이터 세트와벤치마크가 개발되었다. 테스트는 일반 지식,상식적 추론, 수학적 문제 해결을 포함한 다양한 역량을 평가하도록 설계될 수 있다.

## 대형 언어 모델 목록",9,이미지나 오디오 등의 데이터도 함께 처리할의 주요 특징은 무엇인가요?,"이미지나 오디오 등의 데이터도 함께 처리할,있는 능력을 가진 모델로 훈련되고 있다,이러한,대형 멀티모달 모델,이라 불린다"
252,https://ko.wikipedia.org/wiki/%EB%8C%80%ED%98%95_%EC%96%B8%EC%96%B4_%EB%AA%A8%EB%8D%B8,"대형 언어 모델 - 위키백과, 우리 모두의 백과사전","해결을 포함한 다양한 역량을 평가하도록 설계될 수 있다.

## 대형 언어 모델 목록

↑This is the date that documentation describing the model's architecture was first released.
↑In many cases, researchers release or report on multiple versions of a model having different sizes. In these cases, the size of the largest model is listed here.
↑This is the license of the pre-trained model weights. In almost all cases the training code itself is open-source or can be easily replicated.",10,해결을 포함한 다양한 역량을 평가하도록 설계될이란 무엇인가요?,"해결을 포함한 다양한 역량을 평가하도록 설계될,대형 언어 모델 목록"
253,https://ko.wikipedia.org/wiki/%EB%8C%80%ED%98%95_%EC%96%B8%EC%96%B4_%EB%AA%A8%EB%8D%B8,"대형 언어 모델 - 위키백과, 우리 모두의 백과사전","tself is open-source or can be easily replicated.
↑The smaller models including 66B are publicly available, while the 175B model is available on request.
↑Facebook's license and distribution scheme restricted access to approved researchers, but the model weights were leaked and became widely available.
↑As stated in Technical report: ""Given both the competitive landscape and the safety implications of large-scale models like GPT-4, this report contains no further details about the architecture (",11,"대형 언어 모델 - 위키백과, 우리 모두의 백과사전에 대해 설명해주세요.","대형 언어 모델 - 위키백과, 우리 모두의 백과사전"
254,https://ko.wikipedia.org/wiki/%EB%8C%80%ED%98%95_%EC%96%B8%EC%96%B4_%EB%AA%A8%EB%8D%B8,"대형 언어 모델 - 위키백과, 우리 모두의 백과사전","ntains no further details about the architecture (including model size), hardware, training compute, dataset construction, training method ...""Approximate number in the comparison chart that compares the relative storage, from the same report.
인공 초지능
멀티모덜 학습
검색증강생성
↑《대규모 언어모델》. ICT 시사용어 2025. 2025. 2025년 4월 15일에 확인함.
↑《거대 언어 모델》. 두산백과. 2025. 2025년 4월 15일에 확인함.
↑Goled, Shraddha (2021년 5월 7일).“Self-Supervised Learning Vs Semi-Supervised Learning: How They Differ”.《Analytics India Magazine》.",12,일에 확인함의 주요 특징은 무엇인가요?,"일에 확인함,인공 초지능
멀티모덜 학습
검색증강생성,대규모 언어모델,시사용어,거대 언어 모델"
255,https://ko.wikipedia.org/wiki/%EB%8C%80%ED%98%95_%EC%96%B8%EC%96%B4_%EB%AA%A8%EB%8D%B8,"대형 언어 모델 - 위키백과, 우리 모두의 백과사전","ing: How They Differ”.《Analytics India Magazine》.
↑Goodman, Joshua (2001년 8월 9일),《A Bit of Progress in Language Modeling》,arXiv:cs/0108005,Bibcode:2001cs........8005G
↑Kilgarriff, Adam; Grefenstette, Gregory (September 2003).“Introduction to the Special Issue on the Web as Corpus”.《Computational Linguistics》29(3): 333–347.doi:10.1162/089120103322711569.ISSN0891-2017.
↑Banko, Michele; Brill, Eric (2001).“Scaling to very very large corpora for natural language disambiguation”.《Proceedings of the 3",13,"대형 언어 모델 - 위키백과, 우리 모두의 백과사전에 대해 설명해주세요.","대형 언어 모델 - 위키백과, 우리 모두의 백과사전"
256,https://ko.wikipedia.org/wiki/%EB%8C%80%ED%98%95_%EC%96%B8%EC%96%B4_%EB%AA%A8%EB%8D%B8,"대형 언어 모델 - 위키백과, 우리 모두의 백과사전","ral language disambiguation”.《Proceedings of the 39th Annual Meeting on Association for Computational Linguistics - ACL '01》(Morristown, NJ, USA: Association for Computational Linguistics): 26–33.doi:10.3115/1073012.1073017.
↑Resnik, Philip; Smith, Noah A. (September 2003).“The Web as a Parallel Corpus”.《Computational Linguistics》29(3): 349–380.doi:10.1162/089120103322711578.ISSN0891-2017. 2024년 6월 7일에원본 문서에서 보존된 문서. 2024년 6월 7일에 확인함.",14,일에원본 문서에서 보존된 문서이란 무엇인가요?,"일에원본 문서에서 보존된 문서,일에 확인함"
257,https://ko.wikipedia.org/wiki/%EB%8C%80%ED%98%95_%EC%96%B8%EC%96%B4_%EB%AA%A8%EB%8D%B8,"대형 언어 모델 - 위키백과, 우리 모두의 백과사전","17. 2024년 6월 7일에원본 문서에서 보존된 문서. 2024년 6월 7일에 확인함.
↑Halevy, Alon; Norvig, Peter; Pereira, Fernando (March 2009).“The Unreasonable Effectiveness of Data”.《IEEE Intelligent Systems》24(2): 8–12.doi:10.1109/MIS.2009.36.ISSN1541-1672.
↑Chen, Leiyu; Li, Shaobo; Bai, Qiang; Yang, Jing; Jiang, Sanlong; Miao, Yanming (2021).“Review of Image Classification Algorithms Based on Convolutional Neural Networks”.《Remote Sensing》13(22): 4712.Bibcode:2021RemS...13.4712C.doi:10.3390/rs13224712.",15,일에원본 문서에서 보존된 문서의 주요 특징은 무엇인가요?,"일에원본 문서에서 보존된 문서,일에 확인함"
258,https://ko.wikipedia.org/wiki/%EB%8C%80%ED%98%95_%EC%96%B8%EC%96%B4_%EB%AA%A8%EB%8D%B8,"대형 언어 모델 - 위키백과, 우리 모두의 백과사전","bcode:2021RemS...13.4712C.doi:10.3390/rs13224712.
↑Vaswani, Ashish; Shazeer, Noam; Parmar, Niki; Uszkoreit, Jakob; Jones, Llion;Gomez, Aidan N; Kaiser, Łukasz; Polosukhin, Illia (2017).“Attention is All you Need”(PDF).《Advances in Neural Information Processing Systems》(Curran Associates, Inc.)30. 2024년 2월 21일에원본 문서(PDF)에서 보존된 문서. 2024년 1월 21일에 확인함.
↑Rogers, Anna; Kovaleva, Olga; Rumshisky, Anna (2020).“A Primer in BERTology: What We Know About How BERT Works”.《Transactions of the Association for",16,일에원본 문서의 주요 특징은 무엇인가요?,"일에원본 문서,에서 보존된 문서,일에 확인함"
259,https://ko.wikipedia.org/wiki/%EB%8C%80%ED%98%95_%EC%96%B8%EC%96%B4_%EB%AA%A8%EB%8D%B8,"대형 언어 모델 - 위키백과, 우리 모두의 백과사전","w BERT Works”.《Transactions of the Association for Computational Linguistics》8: 842–866.arXiv:2002.12327.doi:10.1162/tacl_a_00349.S2CID211532403. 2022년 4월 3일에원본 문서에서 보존된 문서. 2024년 1월 21일에 확인함.
↑Movva, Rajiv; Balachandar, Sidhika; Peng, Kenny; Agostini, Gabriel; Garg, Nikhil; Pierson, Emma (2024).〈Topics, Authors, and Institutions in Large Language Model Research: Trends from 17K arXiv Papers〉.《Proceedings of the 2024 Conference of the North American Chapter of the Association for Computational L",17,일에원본 문서에서 보존된 문서에 대해 설명해주세요.,"일에원본 문서에서 보존된 문서,일에 확인함"
260,https://ko.wikipedia.org/wiki/%EB%8C%80%ED%98%95_%EC%96%B8%EC%96%B4_%EB%AA%A8%EB%8D%B8,"대형 언어 모델 - 위키백과, 우리 모두의 백과사전","can Chapter of the Association for Computational Linguistics: Human Language Technologies (Volume 1: Long Papers)》. 1223–1243쪽.arXiv:2307.10700.doi:10.18653/v1/2024.naacl-long.67. 2024년 12월 8일에 확인함.
↑Hern, Alex (2019년 2월 14일).“New AI fake text generator may be too dangerous to release, say creators”.《The Guardian》. 2019년 2월 14일에원본 문서에서 보존된 문서. 2024년 1월 20일에 확인함.
↑“ChatGPT a year on: 3 ways the AI chatbot has completely changed the world in 12 months”.Euronews. 2023년 11월 30일.",18,일에 확인함이란 무엇인가요?,"일에 확인함,일에원본 문서에서 보존된 문서"
261,https://ko.wikipedia.org/wiki/%EB%8C%80%ED%98%95_%EC%96%B8%EC%96%B4_%EB%AA%A8%EB%8D%B8,"대형 언어 모델 - 위키백과, 우리 모두의 백과사전","the world in 12 months”.Euronews. 2023년 11월 30일. 2024년 1월 14일에원본 문서에서 보존된 문서. 2024년 1월 20일에 확인함.
↑Heaven, Will (2023년 3월 14일).“GPT-4 is bigger and better than ChatGPT—but OpenAI won't say why”.MIT Technology Review. 2023년 3월 17일에원본 문서에서 보존된 문서. 2024년 1월 20일에 확인함.
↑Movva, Rajiv; Balachandar, Sidhika; Peng, Kenny; Agostini, Gabriel; Garg, Nikhil; Pierson, Emma (2024).〈Topics, Authors, and Institutions in Large Language Model Research: Trends from 17K arXiv Papers〉.《Proceedings of the 2024 Confere",19,일에원본 문서에서 보존된 문서의 주요 특징은 무엇인가요?,"일에원본 문서에서 보존된 문서,일에 확인함"
262,https://ko.wikipedia.org/wiki/%EB%8C%80%ED%98%95_%EC%96%B8%EC%96%B4_%EB%AA%A8%EB%8D%B8,"대형 언어 모델 - 위키백과, 우리 모두의 백과사전","17K arXiv Papers〉.《Proceedings of the 2024 Conference of the North American Chapter of the Association for Computational Linguistics: Human Language Technologies (Volume 1: Long Papers)》. 1223–1243쪽.arXiv:2307.10700.doi:10.18653/v1/2024.naacl-long.67. 2024년 12월 8일에 확인함.
↑“Parameters in notable artificial intelligence systems”.《ourworldindata.org》. 2023년 11월 30일. 2024년 1월 20일에 확인함.
↑Sharma, Shubham (2025년 1월 20일).“Open-source DeepSeek-R1 uses pure reinforcement learning to match OpenAI o1 — at 95",20,일에 확인함이란 무엇인가요?,일에 확인함
263,https://ko.wikipedia.org/wiki/%EB%8C%80%ED%98%95_%EC%96%B8%EC%96%B4_%EB%AA%A8%EB%8D%B8,"대형 언어 모델 - 위키백과, 우리 모두의 백과사전","reinforcement learning to match OpenAI o1 — at 95% less cost”(미국 영어).《VentureBeat》. 2025년 1월 26일에 확인함.
↑Zia, Dr Tehseen (2024년 1월 8일).“Unveiling of Large Multimodal Models: Shaping the Landscape of Language Models in 2024”(미국 영어).《Unite.AI》. 2024년 12월 28일에 확인함.
↑Peng, Bo 외 (2023).“RWKV: Reinventing RNNS for the Transformer Era”.arXiv:2305.13048[cs.CL].더 이상 지원되지 않는 변수를 사용함 (도움말)
↑Merritt, Rick (2022년 3월 25일).“What Is a Transformer Model?”.《NVIDIA Blog》. 2023년 11월 17일에원본 문서에서 보존된 문서.",21,미국 영어의 주요 특징은 무엇인가요?,"미국 영어,일에 확인함,이상 지원되지 않는 변수를 사용함,도움말,일에원본 문서에서 보존된 문서"
264,https://ko.wikipedia.org/wiki/%EB%8C%80%ED%98%95_%EC%96%B8%EC%96%B4_%EB%AA%A8%EB%8D%B8,"대형 언어 모델 - 위키백과, 우리 모두의 백과사전","el?”.《NVIDIA Blog》. 2023년 11월 17일에원본 문서에서 보존된 문서. 2023년 7월 25일에 확인함.
↑Gu, Albert; Dao, Tri (2023년 12월 1일),《Mamba: Linear-Time Sequence Modeling with Selective State Spaces》,arXiv:2312.00752
12Devlin, Jacob; Chang, Ming-Wei; Lee, Kenton; Toutanova, Kristina (2018년 10월 11일).“BERT: Pre-training of Deep Bidirectional Transformers for Language Understanding”.arXiv:1810.04805v2[cs.CL].더 이상 지원되지 않는 변수를 사용함 (도움말)
↑“BERT”. 2023년 3월 13일–GitHub 경유.",22,일에원본 문서에서 보존된 문서의 주요 특징은 무엇인가요?,"일에원본 문서에서 보존된 문서,일에 확인함,이상 지원되지 않는 변수를 사용함,도움말"
265,https://ko.wikipedia.org/wiki/%EB%8C%80%ED%98%95_%EC%96%B8%EC%96%B4_%EB%AA%A8%EB%8D%B8,"대형 언어 모델 - 위키백과, 우리 모두의 백과사전","않는 변수를 사용함 (도움말)
↑“BERT”. 2023년 3월 13일–GitHub 경유.
↑“BERT, RoBERTa, DistilBERT, XLNet: Which one to use?”.[깨진 링크(과거 내용 찾기)]
↑“GPT-2: 1.5B Release”(영어).《OpenAI》. 2019년 11월 5일. 2019년 11월 14일에원본 문서에서 보존된 문서. 2019년 11월 14일에 확인함.
↑“Better language models and their implications”.《openai.com》.
12“OpenAI's GPT-3 Language Model: A Technical Overview”(영어).《lambdalabs.com》.
↑“gpt-2”.《GitHub》. 2023년 3월 13일에 확인함.
↑Wiggers, Kyle (2022년 4월 28일).“The emerging types of language models and why they matter”.《TechCr",23,일에 확인함의 주요 특징은 무엇인가요?,"일에 확인함,않는 변수를 사용함,도움말,깨진 링크,과거 내용 찾기"
266,https://ko.wikipedia.org/wiki/%EB%8C%80%ED%98%95_%EC%96%B8%EC%96%B4_%EB%AA%A8%EB%8D%B8,"대형 언어 모델 - 위키백과, 우리 모두의 백과사전","es of language models and why they matter”.《TechCrunch》.
↑“GPT Neo”. 2023년 3월 15일–GitHub 경유.
123Gao, Leo; Biderman, Stella; Black, Sid; Golding, Laurence; Hoppe, Travis; Foster, Charles; Phang, Jason; He, Horace; Thite, Anish; Nabeshima, Noa; Presser, Shawn; Leahy, Connor (2020년 12월 31일).“The Pile: An 800GB Dataset of Diverse Text for Language Modeling”.arXiv:2101.00027[cs.CL].더 이상 지원되지 않는 변수를 사용함 (도움말)
↑Iyer, Abhishek (2021년 5월 15일).“GPT-3's free alternative GPT-Neo is something to be excited a",24,"대형 언어 모델 - 위키백과, 우리 모두의 백과사전에서 이상 지원되지 않는 변수를 사용함은 어떤 역할을 하나요?","이상 지원되지 않는 변수를 사용함,도움말"
267,https://ko.wikipedia.org/wiki/%EB%8C%80%ED%98%95_%EC%96%B8%EC%96%B4_%EB%AA%A8%EB%8D%B8,"대형 언어 모델 - 위키백과, 우리 모두의 백과사전","e alternative GPT-Neo is something to be excited about”.《VentureBeat》.
↑“GPT-J-6B: An Introduction to the Largest Open Source GPT Model | Forefront”(영어).《www.forefront.ai》. 2023년 3월 9일에원본 문서에서 보존된 문서. 2023년 2월 28일에 확인함.
↑Alvi, Ali; Kharya, Paresh (2021년 10월 11일).“Using DeepSpeed and Megatron to Train Megatron-Turing NLG 530B, the World's Largest and Most Powerful Generative Language Model”.《Microsoft Research》.
12Smith, Shaden; Patwary, Mostofa; Norick, Brandon; LeGresley, Patrick; Rajbhandari,",25,일에원본 문서에서 보존된 문서이란 무엇인가요?,"일에원본 문서에서 보존된 문서,일에 확인함"
268,https://ko.wikipedia.org/wiki/%EB%8C%80%ED%98%95_%EC%96%B8%EC%96%B4_%EB%AA%A8%EB%8D%B8,"대형 언어 모델 - 위키백과, 우리 모두의 백과사전","Norick, Brandon; LeGresley, Patrick; Rajbhandari, Samyam; Casper, Jared; Liu, Zhun; Prabhumoye, Shrimai; Zerveas, George; Korthikanti, Vijay; Zhang, Elton; Child, Rewon; Aminabadi, Reza Yazdani; Bernauer, Julie; Song, Xia (2022년 2월 4일).“Using DeepSpeed and Megatron to Train Megatron-Turing NLG 530B, A Large-Scale Generative Language Model”.arXiv:2201.11990.
↑Wang, Shuohuan; Sun, Yu; Xiang, Yang; Wu, Zhihua; Ding, Siyu; Gong, Weibao; Feng, Shikun; Shang, Junyuan; Zhao, Yanbin; Pang, Chao; Liu, Ji",26,"대형 언어 모델 - 위키백과, 우리 모두의 백과사전에 대해 설명해주세요.","대형 언어 모델 - 위키백과, 우리 모두의 백과사전"
269,https://ko.wikipedia.org/wiki/%EB%8C%80%ED%98%95_%EC%96%B8%EC%96%B4_%EB%AA%A8%EB%8D%B8,"대형 언어 모델 - 위키백과, 우리 모두의 백과사전","Shang, Junyuan; Zhao, Yanbin; Pang, Chao; Liu, Jiaxiang; Chen, Xuyi; Lu, Yuxiang; Liu, Weixin; Wang, Xi; Bai, Yangfan; Chen, Qiuliang; Zhao, Li; Li, Shiyong; Sun, Peng; Yu, Dianhai; Ma, Yanjun; Tian, Hao; Wu, Hua; Wu, Tian; Zeng, Wei; Li, Ge; Gao, Wen; Wang, Haifeng (2021년 12월 23일).“ERNIE 3.0 Titan: Exploring Larger-scale Knowledge Enhanced Pre-training for Language Understanding and Generation”.arXiv:2112.12731.
↑“Product”(영어).《Anthropic》. 2023년 3월 14일에 확인함.",27,"대형 언어 모델 - 위키백과, 우리 모두의 백과사전에서 일에 확인함은 어떤 역할을 하나요?",일에 확인함
270,https://ko.wikipedia.org/wiki/%EB%8C%80%ED%98%95_%EC%96%B8%EC%96%B4_%EB%AA%A8%EB%8D%B8,"대형 언어 모델 - 위키백과, 우리 모두의 백과사전","1.
↑“Product”(영어).《Anthropic》. 2023년 3월 14일에 확인함.
12Askell, Amanda; Bai, Yuntao; Chen, Anna 외 (2021년 12월 9일).“A General Language Assistant as a Laboratory for Alignment”.arXiv:2112.00861[cs.CL].더 이상 지원되지 않는 변수를 사용함 (도움말)
12Dai, Andrew M; Du, Nan (2021년 12월 9일).“More Efficient In-Context Learning with GLaM”(영어).《ai.googleblog.com》. 2023년 3월 9일에 확인함.
↑“Language modelling at scale: Gopher, ethical considerations, and retrieval”(영어).《www.deepmind.com》. 2023년 3월 20일에 확인함.",28,일에 확인함에 대해 설명해주세요.,"일에 확인함,이상 지원되지 않는 변수를 사용함,도움말"
271,https://ko.wikipedia.org/wiki/%EB%8C%80%ED%98%95_%EC%96%B8%EC%96%B4_%EB%AA%A8%EB%8D%B8,"대형 언어 모델 - 위키백과, 우리 모두의 백과사전","ieval”(영어).《www.deepmind.com》. 2023년 3월 20일에 확인함.
123Hoffmann, Jordan; Borgeaud, Sebastian; Mensch, Arthur 외 (2022년 3월 29일).“Training Compute-Optimal Large Language Models”.arXiv:2203.15556[cs.CL].더 이상 지원되지 않는 변수를 사용함 (도움말)
12Cheng, Heng-Tze; Thoppilan, Romal (2022년 1월 21일).“LaMDA: Towards Safe, Grounded, and High-Quality Dialog Models for Everything”(영어).《ai.googleblog.com》. 2023년 3월 9일에 확인함.
↑Black, Sidney; Biderman, Stella; Hallahan, Eric 외 (2022년 5월 1일).《GPT-NeoX-20B: An Open-Source Autoregr",29,일에 확인함이란 무엇인가요?,"일에 확인함,이상 지원되지 않는 변수를 사용함,도움말"
272,https://ko.wikipedia.org/wiki/%EB%8C%80%ED%98%95_%EC%96%B8%EC%96%B4_%EB%AA%A8%EB%8D%B8,"대형 언어 모델 - 위키백과, 우리 모두의 백과사전","022년 5월 1일).《GPT-NeoX-20B: An Open-Source Autoregressive Language Model》. Proceedings of BigScience Episode #5 -- Workshop on Challenges & Perspectives in Creating Large Language Models. 95–136쪽. 2022년 12월 19일에 확인함.
123Hoffmann, Jordan; Borgeaud, Sebastian; Mensch, Arthur; Sifre, Laurent (2022년 4월 12일).“An empirical analysis of compute-optimal large language model training”.《Deepmind Blog》.
↑Narang, Sharan; Chowdhery, Aakanksha (2022년 4월 4일).“Pathways Language Model (PaLM): Scaling to 540 Billio",30,일에 확인함이란 무엇인가요?,일에 확인함
273,https://ko.wikipedia.org/wiki/%EB%8C%80%ED%98%95_%EC%96%B8%EC%96%B4_%EB%AA%A8%EB%8D%B8,"대형 언어 모델 - 위키백과, 우리 모두의 백과사전","hways Language Model (PaLM): Scaling to 540 Billion Parameters for Breakthrough Performance”(영어).《ai.googleblog.com》. 2023년 3월 9일에 확인함.
↑“Democratizing access to large-scale language models with OPT-175B”(영어).《ai.facebook.com》.
↑Zhang, Susan; Roller, Stephen; Goyal, Naman; Artetxe, Mikel; Chen, Moya; Chen, Shuohui; Dewan, Christopher; Diab, Mona; Li, Xian; Lin, Xi Victoria; Mihaylov, Todor; Ott, Myle; Shleifer, Sam; Shuster, Kurt; Simig, Daniel; Koura, Punit Singh; Sridhar, Anjali; Wang, Tianlu;",31,"대형 언어 모델 - 위키백과, 우리 모두의 백과사전에서 일에 확인함은 어떤 역할을 하나요?",일에 확인함
274,https://ko.wikipedia.org/wiki/%EB%8C%80%ED%98%95_%EC%96%B8%EC%96%B4_%EB%AA%A8%EB%8D%B8,"대형 언어 모델 - 위키백과, 우리 모두의 백과사전","Koura, Punit Singh; Sridhar, Anjali; Wang, Tianlu; Zettlemoyer, Luke (2022년 6월 21일).“OPT: Open Pre-trained Transformer Language Models”.arXiv:2205.01068[cs.CL].더 이상 지원되지 않는 변수를 사용함 (도움말)
12Khrushchev, Mikhail; Vasilev, Ruslan; Petrov, Alexey; Zinov, Nikolay (2022년 6월 22일),《YaLM 100B》, 2023년 3월 18일에 확인함
12Lewkowycz, Aitor; Andreassen, Anders; Dohan, David; Dyer, Ethan; Michalewski, Henryk; Ramasesh, Vinay; Slone, Ambrose; Anil, Cem; Schlag, Imanol; Gutman-Solo, Theo; Wu, Yuhuai; Neyshabur, Behnam",32,이상 지원되지 않는 변수를 사용함이란 무엇인가요?,"이상 지원되지 않는 변수를 사용함,도움말,일에 확인함"
275,https://ko.wikipedia.org/wiki/%EB%8C%80%ED%98%95_%EC%96%B8%EC%96%B4_%EB%AA%A8%EB%8D%B8,"대형 언어 모델 - 위키백과, 우리 모두의 백과사전","; Gutman-Solo, Theo; Wu, Yuhuai; Neyshabur, Behnam; Gur-Ari, Guy; Misra, Vedant (2022년 6월 30일).“Solving Quantitative Reasoning Problems with Language Models”.arXiv:2206.14858[cs.CL].더 이상 지원되지 않는 변수를 사용함 (도움말)
↑Ananthaswamy, Anil (2023년 3월 8일).“In AI, is bigger always better?”.《Nature》.
↑“bigscience/bloom · Hugging Face”.《huggingface.co》.
↑Taylor, Ross; Kardas, Marcin; Cucurull, Guillem; Scialom, Thomas; Hartshorn, Anthony; Saravia, Elvis; Poulton, Andrew; Kerkez, Viktor; Stojnic, Robert (2022년 1",33,이상 지원되지 않는 변수를 사용함이란 무엇인가요?,"이상 지원되지 않는 변수를 사용함,도움말"
276,https://ko.wikipedia.org/wiki/%EB%8C%80%ED%98%95_%EC%96%B8%EC%96%B4_%EB%AA%A8%EB%8D%B8,"대형 언어 모델 - 위키백과, 우리 모두의 백과사전",", Andrew; Kerkez, Viktor; Stojnic, Robert (2022년 11월 16일).“Galactica: A Large Language Model for Science”.arXiv:2211.09085[cs.CL].더 이상 지원되지 않는 변수를 사용함 (도움말)
↑“20B-parameter Alexa model sets new marks in few-shot learning”(영어).《Amazon Science》. 2022년 8월 2일.
↑Soltan, Saleh; Ananthakrishnan, Shankar; FitzGerald, Jack 외 (2022년 8월 3일).“AlexaTM 20B: Few-Shot Learning Using a Large-Scale Multilingual Seq2Seq Model”.arXiv:2208.01448[cs.CL].더 이상 지원되지 않는 변수를 사용함 (도움말)",34,"대형 언어 모델 - 위키백과, 우리 모두의 백과사전에서 이상 지원되지 않는 변수를 사용함은 어떤 역할을 하나요?","이상 지원되지 않는 변수를 사용함,도움말"
277,https://ko.wikipedia.org/wiki/%EB%8C%80%ED%98%95_%EC%96%B8%EC%96%B4_%EB%AA%A8%EB%8D%B8,"대형 언어 모델 - 위키백과, 우리 모두의 백과사전","rXiv:2208.01448[cs.CL].더 이상 지원되지 않는 변수를 사용함 (도움말)
↑“AlexaTM 20B is now available in Amazon SageMaker JumpStart | AWS Machine Learning Blog”.《aws.amazon.com》. 2022년 11월 17일. 2023년 3월 13일에 확인함.
12“Introducing LLaMA: A foundational, 65-billion-parameter large language model”.《Meta AI》. 2023년 2월 24일.
↑“GPT-4 Technical Report”(PDF).《OpenAI》. 2023. 2023년 3월 14일에원본 문서(PDF)에서 보존된 문서. 2023년 3월 14일에 확인함.
↑Dey, Nolan (2023년 3월 28일).“Cerebras-GPT: A Family of Open, Compute-efficient, Large Language Models”.",35,일에 확인함의 주요 특징은 무엇인가요?,"일에 확인함,이상 지원되지 않는 변수를 사용함,도움말,일에원본 문서,에서 보존된 문서"
278,https://ko.wikipedia.org/wiki/%EB%8C%80%ED%98%95_%EC%96%B8%EC%96%B4_%EB%AA%A8%EB%8D%B8,"대형 언어 모델 - 위키백과, 우리 모두의 백과사전","f Open, Compute-efficient, Large Language Models”.《Cerebras》.
12“Abu Dhabi-based TII launches its own version of ChatGPT”.《tii.ae》.
↑Wu, Shijie; Irsoy, Ozan; Lu, Steven; Dabravolski, Vadim; Dredze, Mark; Gehrmann, Sebastian; Kambadur, Prabhanjan; Rosenberg, David; Mann, Gideon (2023년 3월 30일).“BloombergGPT: A Large Language Model for Finance”.arXiv:2303.17564.
↑Ren, Xiaozhe; Zhou, Pingyi; Meng, Xinfan; Huang, Xinjing; Wang, Yadao; Wang, Weichao; Li, Pengfei; Zhang, Xiaoda; Podolskiy, Alexander; A",36,"대형 언어 모델 - 위키백과, 우리 모두의 백과사전에 대해 설명해주세요.","대형 언어 모델 - 위키백과, 우리 모두의 백과사전"
279,https://ko.wikipedia.org/wiki/%EB%8C%80%ED%98%95_%EC%96%B8%EC%96%B4_%EB%AA%A8%EB%8D%B8,"대형 언어 모델 - 위키백과, 우리 모두의 백과사전","i, Pengfei; Zhang, Xiaoda; Podolskiy, Alexander; Arshinov, Grigory; Bout, Andrey; Piontkovskaya, Irina; Wei, Jiansheng; Jiang, Xin; Su, Teng; Liu, Qun; Yao, Jun (2023년 3월 19일).“PanGu-Σ: Towards Trillion Parameter Language Model with Sparse Heterogeneous Computing”.arXiv:2303.10845.
↑Köpf, Andreas; Kilcher, Yannic; von Rütte, Dimitri; Anagnostidis, Sotiris; Tam, Zhi-Rui; Stevens, Keith; Barhoum, Abdullah; Duc, Nguyen Minh; Stanley, Oliver; Nagyfi, Richárd; ES, Shahul; Suri, Sameer; Glushkov, Davi",37,"대형 언어 모델 - 위키백과, 우리 모두의 백과사전에 대해 설명해주세요.","대형 언어 모델 - 위키백과, 우리 모두의 백과사전"
280,https://ko.wikipedia.org/wiki/%EB%8C%80%ED%98%95_%EC%96%B8%EC%96%B4_%EB%AA%A8%EB%8D%B8,"대형 언어 모델 - 위키백과, 우리 모두의 백과사전","Richárd; ES, Shahul; Suri, Sameer; Glushkov, David; Dantuluri, Arnav; Maguire, Andrew (2023년 4월 14일).“OpenAssistant Conversations -- Democratizing Large Language Model Alignment”.《arXiv:2304.07327 [cs]》.
12Elias, Jennifer (2023년 5월 16일).“Google's newest A.I. model uses nearly five times more text data for training than its predecessor”.《CNBC》. 2023년 5월 18일에 확인함.
N-그램바이그램트라이그램
자연어 이해
텍스트 처리
주장 마이닝
개념 마이닝
공통참조 해소
심층 언어 처리
개체명 인식
온톨로지 학습
구문 분석의미 구문 분석구문 분석
의미 구문 분석
의미역 결정
의미 유사성
텍스트 마이닝
텍스트 수반",38,"대형 언어 모델 - 위키백과, 우리 모두의 백과사전에서 일에 확인함은 어떤 역할을 하나요?","일에 확인함,그램바이그램트라이그램
자연어 이해
텍스트 처리
주장 마이닝
개념 마이닝
공통참조 해소
심층 언어 처리
개체명 인식
온톨로지 학습
구문 분석의미 구문 분석구문 분석
의미 구문 분석
의미역 결정
의미 유사성
텍스트 마이닝
텍스트 수반"
281,https://ko.wikipedia.org/wiki/%EB%8C%80%ED%98%95_%EC%96%B8%EC%96%B4_%EB%AA%A8%EB%8D%B8,"대형 언어 모델 - 위키백과, 우리 모두의 백과사전","구문 분석구문 분석
의미 구문 분석
의미역 결정
의미 유사성
텍스트 마이닝
텍스트 수반
단어 의미 중의성 해소
단어 의미 유도
복합어 처리
표제어 추출
텍스트 청킹
다중 문서 요약
텍스트 단순화
컴퓨터 보조
문서-용어 행렬
명시 의미 분석
패스트텍스트
언어 모델(대형)
잠재 의미 분석
Seq2seq
워드 임베딩
Word2vec
말뭉치언어학
언어학적 연결 공개 데이터
기계 가독 사전
PropBank
시맨틱 네트워크
단순 지식 조직 시스템
음성 말뭉치
시소러스 (정보 검색)
유니버설 종속성
구글 N그램 뷰어
자연어 생성
광학 문자 인식
잠재 디리클레 할당
파친코 할당
자동 에세이 채점
색인어 처리기
문법 검사기
맞춤법 검사기
인터랙티브 픽션
음성 사용자 인터페이스
형식 의미론
자연어 툴킷",39,"구문 분석구문 분석
의미 구문 분석
의미역 결정
의미 유사성
텍스트 마이닝
텍스트 수반
단어 의미 중의성 해소
단어 의미 유도
복합어 처리
표제어 추출
텍스트 청킹
다중 문서 요약
텍스트 단순화
컴퓨터 보조
문서에 대해 설명해주세요.","구문 분석구문 분석
의미 구문 분석
의미역 결정
의미 유사성
텍스트 마이닝
텍스트 수반
단어 의미 중의성 해소
단어 의미 유도
복합어 처리
표제어 추출
텍스트 청킹
다중 문서 요약
텍스트 단순화
컴퓨터 보조
문서,용어 행렬
명시 의미 분석
패스트텍스트
언어 모델,잠재 의미 분석,워드 임베딩,말뭉치언어학
언어학적 연결 공개 데이터
기계 가독 사전"
282,https://ko.wikipedia.org/wiki/%EC%BB%B4%ED%93%A8%ED%84%B0_%EB%B9%84%EC%A0%84,"컴퓨터 비전 - 위키백과, 우리 모두의 백과사전","인공 일반 지능
지능형 에이전트
재귀적 자기 개선
계획 및 스케줄링
컴퓨터 비전
일반 게임 플레이
지식 표현 및 추론
자연어 처리
베이즈 네트워크
진화 알고리즘
하이브리드 인텔리전트 시스템
시스템 통합
오픈 소스 인공지능
AI 데이터 센터
생성형 인공지능예술오디오음악
의료정신 건강
소프트웨어 개발
쓰라린 교훈
친절한 AI
실존적 위험
불쾌한 골짜기
인간-AI 상호작용
인공지능 거품
딥페이크 포르노그래피테일러 스위프트 딥페이크 포르노그래피 논란Grok 딥페이크 포르노그래피 논란
테일러 스위프트 딥페이크 포르노그래피 논란
Grok 딥페이크 포르노그래피 논란
구글 제미나이 이미지 생성 논란
거대 AI 실험 중단: 공개 서한
오픈AI의 샘 올트먼 해임 사건
AI 위험에 관한 성명
테이 (챗봇)
Théâtre D'opéra Spatial
보이스버스 NFT 표절 스캔들",0,"인공 일반 지능
지능형 에이전트
재귀적 자기 개선
계획에 대해 설명해주세요.","인공 일반 지능
지능형 에이전트
재귀적 자기 개선
계획,스케줄링
컴퓨터 비전
일반 게임 플레이
지식 표현,추론
자연어 처리
베이즈 네트워크
진화 알고리즘
하이브리드 인텔리전트 시스템
시스템 통합
오픈 소스 인공지능,데이터 센터
생성형 인공지능예술오디오음악
의료정신 건강
소프트웨어 개발
쓰라린 교훈
친절한,실존적 위험
불쾌한 골짜기
인간"
283,https://ko.wikipedia.org/wiki/%EC%BB%B4%ED%93%A8%ED%84%B0_%EB%B9%84%EC%A0%84,"컴퓨터 비전 - 위키백과, 우리 모두의 백과사전","테이 (챗봇)
Théâtre D'opéra Spatial
보이스버스 NFT 표절 스캔들
컴퓨터 비전(Computer Vision)은 기계의 시각에 해당하는 부분을 연구하는 컴퓨터 과학의 최신 연구 분야 중 하나이다.
공학적인 관점에서, 컴퓨터 비전은 인간의 시각이 할 수 있는 몇 가지 일을 수행하는 자율적인 시스템을 만드는 것을 목표로 한다 (많은 경우에는 인간의 시각을 능가하기도 한다).그리고 과학적 관점에서는 컴퓨터 비전은 이미지에서 정보를 추출하는 인공 시스템 관련 이론에 관여한다.
컴퓨터 비전은디지털 이미지나비디오로부터 높은 수준의 이해를 얻기 위해 컴퓨터를 만드는 방법을 다루는학제간 연구분야이다. 엔지니어링의 관점에서 볼 때 인간의 시각 시스템이 수행할 수 있는 작업을 자동화하려고 한다. ""컴퓨터 비전은 단일 이미지 또는 일련의 이미지에서 유용한 정보를 자동으로 추출, 분석 및 이해하는 것과 관련이 있다.",1,"컴퓨터 비전 - 위키백과, 우리 모두의 백과사전에서 보이스버스은 어떤 역할을 하나요?","보이스버스,표절 스캔들
컴퓨터 비전,기계의 시각에 해당하는 부분을 연구하는 컴퓨터 과학의 최신 연구 분야,하나이다,공학적인 관점에서"
284,https://ko.wikipedia.org/wiki/%EC%BB%B4%ED%93%A8%ED%84%B0_%EB%B9%84%EC%A0%84,"컴퓨터 비전 - 위키백과, 우리 모두의 백과사전","는 일련의 이미지에서 유용한 정보를 자동으로 추출, 분석 및 이해하는 것과 관련이 있다. 자동 시각적 이해를 달성하기 위한 이론적 및 알고리즘 기반의 개발이 포함된다."" 과학 분야인 컴퓨터 비전은 이미지에서 정보를 추출하는 인공 시스템 뒤에 있는 이론과 관련이 있다. 이미지 데이터는 비디오 시퀀스, 여러 카메라의 뷰, 의료용 스캐너의 다차원 데이터 등 다양한 형태를 취할 수 있다. 기술 분야로서 컴퓨터 비전은 컴퓨터 비전 시스템 구축을 위한 이론과 모델을 적용하려고 한다.머신 비전은 특히 공장 자동화의 맥락에서 시스템 엔지니어링 분야를 의미한다. 최근에는 컴퓨터 비전과 머신 비전이라는 용어가 더 많이 융합되었다.
디지털 영상 처리
↑Huang, T. (1996-11-19). Vandoni, Carlo, E (ed.).Computer Vision: Evolution And Promise(PDF). 19th CERN School of Computing. Geneva: CERN. pp.",2,"컴퓨터 비전 - 위키백과, 우리 모두의 백과사전에서 일련의 이미지에서 유용한 정보를 자동으로 추출은 어떤 역할을 하나요?","일련의 이미지에서 유용한 정보를 자동으로 추출,이해하는 것과 관련이 있다,자동 시각적 이해를 달성하기 위한 이론적,알고리즘 기반의 개발이 포함된다,과학 분야인 컴퓨터 비전은 이미지에서 정보를 추출하는 인공 시스템 뒤에 있는 이론과 관련이 있다"
285,https://ko.wikipedia.org/wiki/%EC%BB%B4%ED%93%A8%ED%84%B0_%EB%B9%84%EC%A0%84,"컴퓨터 비전 - 위키백과, 우리 모두의 백과사전","19th CERN School of Computing. Geneva: CERN. pp. 21–25. doi:10.5170/CERN-1996-008.21. ISBN978-9290830955.
가상화가 낮은 순서부터:증강 현실 (AR)
혼합 현실 (MR)
가상 현실 (VR)가상성
시네마틱 가상 현실
컴퓨터 매개 현실
메타버스아바타
투사 증강 모델
""룸 스케일""
6 자유도 (6DoF)
공간 컴퓨팅
가상 현실의 응용
가상 현실 멀미
카메라 필터
자기 정량화
방충망 효과
모의실험 가설
트랜스휴머니즘
폭주-조절 갈등
버츄얼 유튜버
EyeTap
헤드 마운티드 디스플레이광학
전방 시현기
팬케이크 렌즈
스마트글래스
가상 현실 헤드셋목록
가상 망막 디스플레이
뇌-컴퓨터 인터페이스
얼굴 동작 포착
손가락/손 추적
위치 측정 및 동시 지도화
비동기 리프로젝션
포비티드 렌더링
이미지 기반 모델링 및 렌더링
공간 오디오
360도 비디오
자유 시점 텔레비전
360도 카메라
VR 사진술
전방향 트레드밀",3,"컴퓨터 비전 - 위키백과, 우리 모두의 백과사전에서 가상화가 낮은 순서부터은 어떤 역할을 하나요?","가상화가 낮은 순서부터,증강 현실,혼합 현실,가상 현실,가상성
시네마틱 가상 현실
컴퓨터 매개 현실
메타버스아바타
투사 증강 모델"
286,https://ko.wikipedia.org/wiki/%EC%BB%B4%ED%93%A8%ED%84%B0_%EB%B9%84%EC%A0%84,"컴퓨터 비전 - 위키백과, 우리 모두의 백과사전","오디오
360도 비디오
자유 시점 텔레비전
360도 카메라
VR 사진술
전방향 트레드밀
착용 컴퓨터
사이버리스 버추얼라이저
오큘러스 터치
플레이스테이션 무브
레이저 히드라
버툭스 옴니
와이어드 글러브
위즈디쉬 ROVR
브릴리언트 랩스
크로노스 그룹
리퀴드 이미지
메타 플랫폼스리얼리티 랩스
리얼리티 랩스
마이크로소프트
나이앤틱 스페이셜
밸브 코퍼레이션
애플 비전 프로
빅스크린 비욘드
Golden-i 헤드셋
HTC 바이브
메타 퀘스트 33S
오픈 소스 가상 현실
PICO 4 울트라
플레이스테이션 VR2
삼성 갤럭시 XR
castAR
아이폰 (EyePhone)
구글 카드보드
구글 데이드림
구글 글래스
메타 퀘스트 프로
마이크로소프트 홀로렌즈2
오큘러스 고
오큘러스 퀘스트
오큘러스/메타 퀘스트 2
오큘러스 리프트CV1S
PICO 4
플레이스테이션 VR
삼성 기어 VR
다모클레스의 칼
VFX1 헤드기어
버추얼 보이
가상 고정구
밸브 인덱스
프로젝트 아이리스
스팀 프레임",4,오디오에 대해 설명해주세요.,"오디오,비디오
자유 시점 텔레비전,카메라,사진술
전방향 트레드밀
착용 컴퓨터
사이버리스 버추얼라이저
오큘러스 터치
플레이스테이션 무브
레이저 히드라
버툭스 옴니
와이어드 글러브
위즈디쉬,브릴리언트 랩스
크로노스 그룹
리퀴드 이미지
메타 플랫폼스리얼리티 랩스
리얼리티 랩스
마이크로소프트
나이앤틱 스페이셜
밸브 코퍼레이션
애플 비전 프로
빅스크린 비욘드"
287,https://ko.wikipedia.org/wiki/%EC%BB%B4%ED%93%A8%ED%84%B0_%EB%B9%84%EC%A0%84,"컴퓨터 비전 - 위키백과, 우리 모두의 백과사전","칼
VFX1 헤드기어
버추얼 보이
가상 고정구
밸브 인덱스
프로젝트 아이리스
스팀 프레임
인터랙티브 아트가상 그래피티
가상 그래피티
퍼베이시브 게임
증강 현실 관련 소프트웨어 목록
가상 현실 게임
안드로이드 XR
메타 호라이즌 OS버전 역사
VisionOS
윈도우 혼합 현실
A-Frame
ARCore
ARToolKit
제트팩 콤포즈 XR
메타 스페이셜 SDK
OpenVR
OpenXR
RealityKit
TabletopKit
유니버설 씬 디스크립션
언리얼 엔진
Vuforia
HTC 바이브 게임 목록
메타 퀘스트 게임 목록
오큘러스 리프트 게임 목록
플레이스테이션 VR 게임 목록VR2
AltspaceVR
visionOS용페이스타임
호라이즌 월드
NeosVR
Rec Room
Sansar
Sinespace
VRChat
VTime XR
분류증강 현실혼합 현실가상 현실메타버스공간 컴퓨팅
공간 컴퓨팅
공용증강 현실혼합 현실가상 현실메타버스
BnF 데이터
예일 LUX",5,"헤드기어
버추얼 보이
가상 고정구
밸브 인덱스
프로젝트 아이리스
스팀 프레임
인터랙티브 아트가상 그래피티
가상 그래피티
퍼베이시브 게임
증강 현실 관련 소프트웨어 목록
가상 현실 게임
안드로이드의 주요 특징은 무엇인가요?","헤드기어
버추얼 보이
가상 고정구
밸브 인덱스
프로젝트 아이리스
스팀 프레임
인터랙티브 아트가상 그래피티
가상 그래피티
퍼베이시브 게임
증강 현실 관련 소프트웨어 목록
가상 현실 게임
안드로이드,메타 호라이즌,버전 역사,윈도우 혼합 현실,제트팩 콤포즈"
288,https://ko.wikipedia.org/wiki/%EC%BB%B4%ED%93%A8%ED%84%B0_%EB%B9%84%EC%A0%84,"컴퓨터 비전 - 위키백과, 우리 모두의 백과사전","강 현실혼합 현실가상 현실메타버스
BnF 데이터
예일 LUX",6,"컴퓨터 비전 - 위키백과, 우리 모두의 백과사전에서 현실혼합 현실가상 현실메타버스은 어떤 역할을 하나요?","현실혼합 현실가상 현실메타버스,데이터
예일"
289,https://ko.wikipedia.org/wiki/%EA%B0%95%ED%99%94_%ED%95%99%EC%8A%B5,"강화 학습 - 위키백과, 우리 모두의 백과사전","비지도 학습
온라인 기계 학습
준지도 학습
자기 지도 학습
규칙 기반 기계 학습
뉴로모픽 엔지니어링
양자 기계 학습
클러스터 분석
데이터 정제
AutoML
연관 규칙 학습
구조 기반 예측
온톨로지 학습
멀티모달 학습
결정 트리 학습법
앙상블 학습법배깅부스팅랜덤 포레스트
랜덤 포레스트
최근접 이웃 탐색
나이브 베이즈
로지스틱 회귀
상관 벡터 머신(RVM)
서포트 벡터 머신(SVM)
CURE 알고리즘
계층적 군집화
k-평균 알고리즘
퍼지 클러스터링
기댓값 최대화 알고리즘
DBSCAN
OPTICS
독립 성분 분석
선형 판별 분석
음수 미포함 행렬 분해
주성분 분석
그래프 모형베이즈 네트워크조건부 무작위장은닉 마르코프 모형
베이즈 네트워크
조건부 무작위장
은닉 마르코프 모형
잠재 디리클레 할당
무작위 표본 합의
k-최근접 이웃 알고리즘
국소 특이점 요인
고립 포레스트
순방향 신경망
순환 신경망LSTMGRU
볼츠만 머신제한된
생성적 적대 신경망
자기조직화 지도",0,"비지도 학습
온라인 기계 학습
준지도 학습
자기 지도 학습
규칙 기반 기계 학습
뉴로모픽 엔지니어링
양자 기계 학습
클러스터 분석
데이터 정제이란 무엇인가요?","비지도 학습
온라인 기계 학습
준지도 학습
자기 지도 학습
규칙 기반 기계 학습
뉴로모픽 엔지니어링
양자 기계 학습
클러스터 분석
데이터 정제,연관 규칙 학습
구조 기반 예측
온톨로지 학습
멀티모달 학습
결정 트리 학습법
앙상블 학습법배깅부스팅랜덤 포레스트
랜덤 포레스트
최근접 이웃 탐색
나이브 베이즈
로지스틱 회귀
상관 벡터 머신,서포트 벡터 머신,알고리즘
계층적 군집화,평균 알고리즘
퍼지 클러스터링
기댓값 최대화 알고리즘"
290,https://ko.wikipedia.org/wiki/%EA%B0%95%ED%99%94_%ED%95%99%EC%8A%B5,"강화 학습 - 위키백과, 우리 모두의 백과사전","향 신경망
순환 신경망LSTMGRU
볼츠만 머신제한된
생성적 적대 신경망
자기조직화 지도
합성곱 신경망U-NetLeNet알렉스넷딥드림
신경장신경 방사장물리정보 신경망
신경 방사장
물리정보 신경망
트랜스포머비전
스파이킹 신경망
멤트렌지스터
전기화학 RAM
다층 퍼셉트론
시간차 학습
액티브 러닝
크라우드소싱
휴먼인더루프
수신자 조작 특성
커널 메소드
편향-분산 트레이드오프
계산학습이론
경험적 위험 최소화
PAC 러닝
통계적 학습이론
NeurIPS
기계 학습 알고리즘 목록
기계 탈학습
유사도 학습
강화 학습(reinforcement learning)은기계 학습의 한 영역이다. 행동심리학에서 영감을 받았으며, 어떤 환경 안에서 정의된 에이전트가 현재의 상태를 인식하여, 선택 가능한 행동들 중 보상을 최대화하는 행동 혹은 행동 순서를 선택하는 방법이다.",1,"신경망
순환 신경망이란 무엇인가요?","신경망
순환 신경망,볼츠만 머신제한된
생성적 적대 신경망
자기조직화 지도
합성곱 신경망,알렉스넷딥드림
신경장신경 방사장물리정보 신경망
신경 방사장
물리정보 신경망
트랜스포머비전
스파이킹 신경망
멤트렌지스터
전기화학,다층 퍼셉트론
시간차 학습
액티브 러닝
크라우드소싱
휴먼인더루프
수신자 조작 특성
커널 메소드
편향,분산 트레이드오프
계산학습이론
경험적 위험 최소화"
291,https://ko.wikipedia.org/wiki/%EA%B0%95%ED%99%94_%ED%95%99%EC%8A%B5,"강화 학습 - 위키백과, 우리 모두의 백과사전","여, 선택 가능한 행동들 중 보상을 최대화하는 행동 혹은 행동 순서를 선택하는 방법이다. 이러한 문제는 매우 포괄적이기 때문에게임 이론,제어이론,운용 과학,정보이론, 시뮬레이션 기반최적화,다중 에이전트 시스템,떼 지능,통계학,유전 알고리즘등의 분야에서도 연구된다. 운용 과학과 제어 이론에서 강화 학습이 연구되는 분야는 ""근사 동적 계획법""이라고 불린다. 또한 최적화 제어 이론에서도 유사한 문제를 연구하지만, 대부분의 연구가 최적해의 존재와 특성에 초점을 맞춘다는 점에서 학습과 근사의 측면에서 접근하는 강화 학습과는 다르다.경제학과 게임 이론 분야에서 강화 학습은 어떻게제한된 합리성하에서 평형이 일어날 수 있는지를 설명하는 데에 사용되기도 한다.
강화 학습에서 다루는 '환경'은 주로마르코프 결정 과정으로 주어진다.마르코프 결정 과정 문제를 해결하는 기존의 방식과 강화 학습이 다른 지점은, 강화 학습은 마르코프 결정 과정에 대한 지식을 요구하지 않는다는 점과, 강화 학습은 크기가 매우",2,선택 가능한 행동들에 대해 설명해주세요.,"선택 가능한 행동들,보상을 최대화하는 행동 혹은 행동 순서를 선택하는 방법이다,이러한 문제는 매우 포괄적이기 때문에게임 이론,제어이론,운용 과학"
292,https://ko.wikipedia.org/wiki/%EA%B0%95%ED%99%94_%ED%95%99%EC%8A%B5,"강화 학습 - 위키백과, 우리 모두의 백과사전","습은 마르코프 결정 과정에 대한 지식을 요구하지 않는다는 점과, 강화 학습은 크기가 매우 커서 결정론적 방법을 적용할 수 없는 규모의 마르코프 결정 과정 문제를 다룬다는 점이다.
강화 학습은 또한 입출력 쌍으로 이루어진 훈련 집합이 제시되지 않으며, 잘못된 행동에 대해서도 명시적으로 정정이 일어나지 않는다는 점에서 일반적인지도 학습과 다르다. 대신, 강화학습의 초점은 학습 과정에서의(on-line) 성능이며, 이는 탐색(exploration)과 이용(exploitation)의 균형을 맞춤으로써 제고된다.탐색과 이용의 균형 문제 강화 학습에서 가장 많이 연구된 문제로,멀티 암드 밴딧와 유한한 마르코프 결정 과정 등에서 연구되었다.
기본적으로 강화 학습의 문제는마르코프 결정 과정(MDP)으로 표현된다. 이런 관점에서 강화 학습 알고리즘은동적 계획법과 깊은 연관이 있다.",3,습은 마르코프 결정 과정에 대한 지식을 요구하지 않는다는 점과의 주요 특징은 무엇인가요?,"습은 마르코프 결정 과정에 대한 지식을 요구하지 않는다는 점과,강화 학습은 크기가 매우 커서 결정론적 방법을 적용할,없는 규모의 마르코프 결정 과정 문제를 다룬다는 점이다,강화 학습은 또한 입출력 쌍으로 이루어진 훈련 집합이 제시되지 않으며,잘못된 행동에 대해서도 명시적으로 정정이 일어나지 않는다는 점에서 일반적인지도 학습과 다르다"
293,https://ko.wikipedia.org/wiki/%EA%B0%95%ED%99%94_%ED%95%99%EC%8A%B5,"강화 학습 - 위키백과, 우리 모두의 백과사전","DP)으로 표현된다. 이런 관점에서 강화 학습 알고리즘은동적 계획법과 깊은 연관이 있다. 마르코프 결정 과정에서 상태 전이 확률(state transition probabilities)과 보상은 확률에 따른 값일 수도 있고, 이미 결정되어 있는 값일 수도 있다.
강화 학습이 원하지 않는 행동을 명시적으로 수정하는지도 학습과 다른 점은 온라인 수행에 중심을 두고 있다는 점이다. 강화 학습은 아직 조사되지 않는 영역을 탐험하는 것과 이미 알고 있는 지식을 이용하는 것의 균형을 잡는 것이다. 이 탐험과 이용 사이에 있는 트레이드오프는멀티 암드 밴딧과 같은 문제에서 알아 볼 수 있다.
수식으로 표현하면, 강화 학습 모델은 다음과 같이 구성된다.
환경 상태 집합,S{\displaystyle S};
행동 집합,A{\displaystyle A};
포상(∈R{\displaystyle \in \mathbb {R} })의 집합;.",4,으로 표현된다에 대해 설명해주세요.,"으로 표현된다,이런 관점에서 강화 학습 알고리즘은동적 계획법과 깊은 연관이 있다,마르코프 결정 과정에서 상태 전이 확률,보상은 확률에 따른 값일 수도 있고,이미 결정되어 있는 값일 수도 있다"
294,https://ko.wikipedia.org/wiki/%EA%B0%95%ED%99%94_%ED%95%99%EC%8A%B5,"강화 학습 - 위키백과, 우리 모두의 백과사전","A};
포상(∈R{\displaystyle \in \mathbb {R} })의 집합;.
매 시점t{\displaystyle t}에 에이전트는 자신의 상태(state)st∈S{\displaystyle s_{t}\in S}와 가능한 행동(action)A(st){\displaystyle A(s_{t})}를 가지고 있다.
에이전트는 어떤 행동a∈A(st) 을 취하고, 환경으로부터 새로운 상태st+1와 포상(reward)rt+1을 받는다. 이 상호작용에 기반해서 강화 학습 에이전트는 누적된 포상값R을 최대화하는 정책(policy) π:S→A을 개발한다.
종료 상태(terminal state)가 존재하는 MDPs에서는R=r0+r1+⋯+rn=∑t=1nrt{\displaystyle R=r_{0}+r_{1}+\cdots +r_{n}=\sum _{t=1}^{n}r_{t}}이고, 그렇지 않은 MDPs에서는R=∑t=1nγtrt{\displaystyle R=\sum _{t=1}^{n}\gamma ^{t}",5,에서는에 대해 설명해주세요.,"에서는,에이전트는 자신의 상태,가능한 행동,가지고 있다,에이전트는 어떤 행동"
295,https://ko.wikipedia.org/wiki/%EA%B0%95%ED%99%94_%ED%95%99%EC%8A%B5,"강화 학습 - 위키백과, 우리 모두의 백과사전","=1nγtrt{\displaystyle R=\sum _{t=1}^{n}\gamma ^{t}r_{t}}가 된다. 여기서γ{\displaystyle \gamma }는 미래의 포상이 현재에 얼마나 가치 있는지를 표현하는 할인율(discount factor)로 0과 1사이의 값이다.
강화 학습은 장기, 단기의 포상 사이 트레이드오프가 존재하는 문제를 다루는 데 적합하다. 이것은 로봇 제어, 엘리베이터 스케줄링, 통신망, 백개먼과 체스 같은 게임에 성공적으로 적용되어 왔다.
오류기반 학습
인간 피드백을 통한 강화 학습
↑Otterlo, Martijn van; Wiering, Marco (2012).《Reinforcement Learning and Markov Decision Processes》(영어). Adaptation, Learning, and Optimization. Springer, Berlin, Heidelberg.",6,여기서의 주요 특징은 무엇인가요?,"여기서,미래의 포상이 현재에 얼마나 가치 있는지를 표현하는 할인율,사이의 값이다,강화 학습은 장기,단기의 포상 사이 트레이드오프가 존재하는 문제를 다루는"
296,https://ko.wikipedia.org/wiki/%EA%B0%95%ED%99%94_%ED%95%99%EC%8A%B5,"강화 학습 - 위키백과, 우리 모두의 백과사전",", and Optimization. Springer, Berlin, Heidelberg. 3–42쪽.doi:10.1007/978-3-642-27645-3_1.ISBN9783642276446.
↑P., Kaelbling, L.; L., Littman, M.; W., Moore, A. (1996).“Reinforcement Learning: A Survey”(영어).《Journal of Artificial Intelligence Research》4.doi:10.1613/jair.301.
강화학습과 인공지능
Deep Reinforcement Learning: Pong from Pixels
BnF 데이터
예일 LUX",7,"강화 학습 - 위키백과, 우리 모두의 백과사전에서 강화학습과 인공지능은 어떤 역할을 하나요?","강화학습과 인공지능,데이터
예일"
297,https://ko.wikipedia.org/wiki/%EC%8B%A0%EA%B2%BD%EB%A7%9D,"신경망 - 위키백과, 우리 모두의 백과사전","신경망(神經網) 또는뉴럴 네트워크(neural network)는신경회로 또는 신경의 망(網)으로, 현대적 의미에서는인공 뉴런이나 노드로 구성된인공 신경망을 의미한다.그러므로 신경망은 실제 생물학적 뉴런으로 구성된생물학적 신경망이거나인공지능(AI) 문제를 해결하기 위한 인공 신경망으로 구분할 수 있다. 생물학적 뉴런의 연결은 하중(무게)으로 모델링된다.
생물학적 신경망은 화학적으로 연결되거나 기능적으로 연결된 뉴런들의 그룹으로 구성된다. 하나의 뉴런은 다른 수많은 뉴런들과 연결될 수 있으며 망 내의 뉴런과 연결점들의 모든 수는 광활하다. 연결, 즉시냅스는 일반적으로축삭에서가지돌기,수상돌기간 시냅스를 통해 구성되며다른 연결 또한 가능하다.
↑Hopfield, J. J. (1982).“Neural networks and physical systems with emergent collective computational abilities”.《Proc. Natl. Acad. Sci.",0,신경망이란 무엇인가요?,"신경망,또는뉴럴 네트워크,는신경회로 또는 신경의,현대적 의미에서는인공 뉴런이나 노드로 구성된인공 신경망을 의미한다,그러므로 신경망은 실제 생물학적 뉴런으로 구성된생물학적 신경망이거나인공지능"
298,https://ko.wikipedia.org/wiki/%EC%8B%A0%EA%B2%BD%EB%A7%9D,"신경망 - 위키백과, 우리 모두의 백과사전","computational abilities”.《Proc. Natl. Acad. Sci. U.S.A.》79(8): 2554–2558.Bibcode:1982PNAS...79.2554H.doi:10.1073/pnas.79.8.2554.PMC346238.PMID6953413.
↑Arbib, p.666
예일 LUX",1,"신경망 - 위키백과, 우리 모두의 백과사전에 대해 설명해주세요.","신경망 - 위키백과, 우리 모두의 백과사전"
299,https://ko.wikipedia.org/wiki/%ED%95%A9%EC%84%B1%EA%B3%B1_%EC%8B%A0%EA%B2%BD%EB%A7%9D,"합성곱 신경망 - 위키백과, 우리 모두의 백과사전","비지도 학습
온라인 기계 학습
준지도 학습
자기 지도 학습
규칙 기반 기계 학습
뉴로모픽 엔지니어링
양자 기계 학습
클러스터 분석
데이터 정제
AutoML
연관 규칙 학습
구조 기반 예측
온톨로지 학습
멀티모달 학습
결정 트리 학습법
앙상블 학습법배깅부스팅랜덤 포레스트
랜덤 포레스트
최근접 이웃 탐색
나이브 베이즈
로지스틱 회귀
상관 벡터 머신(RVM)
서포트 벡터 머신(SVM)
CURE 알고리즘
계층적 군집화
k-평균 알고리즘
퍼지 클러스터링
기댓값 최대화 알고리즘
DBSCAN
OPTICS
독립 성분 분석
선형 판별 분석
음수 미포함 행렬 분해
주성분 분석
그래프 모형베이즈 네트워크조건부 무작위장은닉 마르코프 모형
베이즈 네트워크
조건부 무작위장
은닉 마르코프 모형
잠재 디리클레 할당
무작위 표본 합의
k-최근접 이웃 알고리즘
국소 특이점 요인
고립 포레스트
순방향 신경망
순환 신경망LSTMGRU
볼츠만 머신제한된
생성적 적대 신경망
자기조직화 지도",0,"비지도 학습
온라인 기계 학습
준지도 학습
자기 지도 학습
규칙 기반 기계 학습
뉴로모픽 엔지니어링
양자 기계 학습
클러스터 분석
데이터 정제이란 무엇인가요?","비지도 학습
온라인 기계 학습
준지도 학습
자기 지도 학습
규칙 기반 기계 학습
뉴로모픽 엔지니어링
양자 기계 학습
클러스터 분석
데이터 정제,연관 규칙 학습
구조 기반 예측
온톨로지 학습
멀티모달 학습
결정 트리 학습법
앙상블 학습법배깅부스팅랜덤 포레스트
랜덤 포레스트
최근접 이웃 탐색
나이브 베이즈
로지스틱 회귀
상관 벡터 머신,서포트 벡터 머신,알고리즘
계층적 군집화,평균 알고리즘
퍼지 클러스터링
기댓값 최대화 알고리즘"
300,https://ko.wikipedia.org/wiki/%ED%95%A9%EC%84%B1%EA%B3%B1_%EC%8B%A0%EA%B2%BD%EB%A7%9D,"합성곱 신경망 - 위키백과, 우리 모두의 백과사전","향 신경망
순환 신경망LSTMGRU
볼츠만 머신제한된
생성적 적대 신경망
자기조직화 지도
합성곱 신경망U-NetLeNet알렉스넷딥드림
신경장신경 방사장물리정보 신경망
신경 방사장
물리정보 신경망
트랜스포머비전
스파이킹 신경망
멤트렌지스터
전기화학 RAM
다층 퍼셉트론
시간차 학습
액티브 러닝
크라우드소싱
휴먼인더루프
수신자 조작 특성
커널 메소드
편향-분산 트레이드오프
계산학습이론
경험적 위험 최소화
PAC 러닝
통계적 학습이론
NeurIPS
기계 학습 알고리즘 목록
기계 탈학습
유사도 학습
합성곱 신경망(콘볼루션 신경망, Convolutional neural network, CNN)은 시각적 영상을 분석하는 데 사용되는 다층의 피드-포워드적인인공신경망의 한 종류이다. 필터링 기법을 인공신경망에 적용하여 이미지를 효과적으로 처리할 수 있는 심층 신경망 기법으로 행렬로 표현된 필터의 각 요소가 데이터 처리에 적합하도록 자동으로 학습되는 과정을 통해 이미지를 분류하는 기법이다.",1,"신경망
순환 신경망이란 무엇인가요?","신경망
순환 신경망,볼츠만 머신제한된
생성적 적대 신경망
자기조직화 지도
합성곱 신경망,알렉스넷딥드림
신경장신경 방사장물리정보 신경망
신경 방사장
물리정보 신경망
트랜스포머비전
스파이킹 신경망
멤트렌지스터
전기화학,다층 퍼셉트론
시간차 학습
액티브 러닝
크라우드소싱
휴먼인더루프
수신자 조작 특성
커널 메소드
편향,분산 트레이드오프
계산학습이론
경험적 위험 최소화"
301,https://ko.wikipedia.org/wiki/%ED%95%A9%EC%84%B1%EA%B3%B1_%EC%8B%A0%EA%B2%BD%EB%A7%9D,"합성곱 신경망 - 위키백과, 우리 모두의 백과사전","소가 데이터 처리에 적합하도록 자동으로 학습되는 과정을 통해 이미지를 분류하는 기법이다.
합성곱 신경망은 정규화 된 버전의 다층 퍼셉트론이다. 다층 퍼셉트론은 일반적으로 완전히 연결된 네트워크, 즉 한 계층의 각 뉴런이 다음 계층의 모든 뉴런에 연결되는 신경망 구조이다. 이와 같이 네트워크가 완전 연결된 경우 주어진 데이터에과적합되는 경향이 있다. 일반적인 정규화를 위해 최적화 함수에 특정 척도를 추가하는 방법이 흔히 쓰이지만, CNN은 정규화를 위한 다른 접근 방식을 취한다. 데이터에서 계층적 패턴을 활용하고 더 작고 간단한 패턴을 사용하여 더 복잡한 패턴을 표현함으로써 정규화와 같은 효과를 내는 것이다. 따라서 합성곱 신경망의 연결 구조의 복잡성은 유사한 기능의 다층 퍼셉트론에 비해 극단적으로 낮다.[출처 필요]
합성곱 신경망은 뉴런 사이의 연결 패턴이 동물 시각 피질의 조직과 유사하다는 점에 영감을 받았다.",2,소가 데이터 처리에 적합하도록 자동으로 학습되는 과정을 통해 이미지를 분류하는 기법이다이란 무엇인가요?,"소가 데이터 처리에 적합하도록 자동으로 학습되는 과정을 통해 이미지를 분류하는 기법이다,합성곱 신경망은 정규화,버전의 다층 퍼셉트론이다,다층 퍼셉트론은 일반적으로 완전히 연결된 네트워크,계층의"
302,https://ko.wikipedia.org/wiki/%ED%95%A9%EC%84%B1%EA%B3%B1_%EC%8B%A0%EA%B2%BD%EB%A7%9D,"합성곱 신경망 - 위키백과, 우리 모두의 백과사전","경망은 뉴런 사이의 연결 패턴이 동물 시각 피질의 조직과 유사하다는 점에 영감을 받았다. 개별 피질 뉴런은 수용장(receptive field)으로 알려진 시야의 제한된 영역에서만 자극에 반응한다. 상이한 뉴런의 수용 필드는 전체 시야를 볼 수 있도록 부분적으로 중첩된다.[출처 필요]
합성곱 신경망을 이용한 영상 분류는 다른 영상 분류 알고리즘에 비해 상대적으로 전처리를 거의 사용하지 않는다. 이는 신경망이 기존 알고리즘에서 수작업으로 제작된 필터를 학습한다는 것을 의미한다. 기존 영상 분류 알고리듬에서 설계자가 영상의 특징들을 미리 이해해 알고리듬을 만드는 과정이 없는 것이 합성곱 신경망의 주요한 장점이다.[출처 필요]
합성곱 신경망은 크게 합성곱층(Convolution layer)과 풀링층(통합 계층, Pooling layer), 완전하게 연결된 층(fully connected layer)들로 구성된다. 그리고 분류연산이라는 행렬 곱 연산을 준비한다.",3,출처 필요이란 무엇인가요?,"출처 필요,경망은 뉴런 사이의 연결 패턴이 동물 시각 피질의 조직과 유사하다는 점에 영감을 받았다,개별 피질 뉴런은 수용장,으로 알려진 시야의 제한된 영역에서만 자극에 반응한다,상이한 뉴런의 수용 필드는 전체 시야를"
303,https://ko.wikipedia.org/wiki/%ED%95%A9%EC%84%B1%EA%B3%B1_%EC%8B%A0%EA%B2%BD%EB%A7%9D,"합성곱 신경망 - 위키백과, 우리 모두의 백과사전","nnected layer)들로 구성된다. 그리고 분류연산이라는 행렬 곱 연산을 준비한다.
우선 기존 사진의 정보를 가진 신경망에 합성곱층과 풀링층을 완전하게 연결된 층 이전에 추가하여 원본 이미지에 필터링 기법을 적용한다. 이어 해당 이미지에 분류연산을 수행시킨다. 이를 통해 합성곱층이 이미지에 분류연산이 하고자 하는 필터를 씌울 수 있다. 여기서 다시 풀링 계층은 각 이미지의 국소적인 부분을 하나의 대표적인 스칼라 값으로 변환하여 행렬 곱 연산으로 인해 커진 이미지 크기를 줄이는 등의 기능을 수행한다.
구글 이미지
↑“[네이버 지식백과]합성곱 신경망[Convolutional Neural Network, 合成-神經網](대한건축학회 건축용어사전)”.
↑조태호.〈16〉개정 2판.《모두의 딥러닝》. 길벗. 227쪽.",4,들로 구성된다에 대해 설명해주세요.,"들로 구성된다,그리고 분류연산이라는 행렬,연산을 준비한다,우선 기존 사진의 정보를 가진 신경망에 합성곱층과 풀링층을 완전하게 연결된,이전에 추가하여 원본 이미지에 필터링 기법을 적용한다"
304,https://ko.wikipedia.org/wiki/%EC%88%9C%ED%99%98_%EC%8B%A0%EA%B2%BD%EB%A7%9D,"순환 신경망 - 위키백과, 우리 모두의 백과사전","비지도 학습
온라인 기계 학습
준지도 학습
자기 지도 학습
규칙 기반 기계 학습
뉴로모픽 엔지니어링
양자 기계 학습
클러스터 분석
데이터 정제
AutoML
연관 규칙 학습
구조 기반 예측
온톨로지 학습
멀티모달 학습
결정 트리 학습법
앙상블 학습법배깅부스팅랜덤 포레스트
랜덤 포레스트
최근접 이웃 탐색
나이브 베이즈
로지스틱 회귀
상관 벡터 머신(RVM)
서포트 벡터 머신(SVM)
CURE 알고리즘
계층적 군집화
k-평균 알고리즘
퍼지 클러스터링
기댓값 최대화 알고리즘
DBSCAN
OPTICS
독립 성분 분석
선형 판별 분석
음수 미포함 행렬 분해
주성분 분석
그래프 모형베이즈 네트워크조건부 무작위장은닉 마르코프 모형
베이즈 네트워크
조건부 무작위장
은닉 마르코프 모형
잠재 디리클레 할당
무작위 표본 합의
k-최근접 이웃 알고리즘
국소 특이점 요인
고립 포레스트
순방향 신경망
순환 신경망LSTMGRU
볼츠만 머신제한된
생성적 적대 신경망
자기조직화 지도",0,"비지도 학습
온라인 기계 학습
준지도 학습
자기 지도 학습
규칙 기반 기계 학습
뉴로모픽 엔지니어링
양자 기계 학습
클러스터 분석
데이터 정제이란 무엇인가요?","비지도 학습
온라인 기계 학습
준지도 학습
자기 지도 학습
규칙 기반 기계 학습
뉴로모픽 엔지니어링
양자 기계 학습
클러스터 분석
데이터 정제,연관 규칙 학습
구조 기반 예측
온톨로지 학습
멀티모달 학습
결정 트리 학습법
앙상블 학습법배깅부스팅랜덤 포레스트
랜덤 포레스트
최근접 이웃 탐색
나이브 베이즈
로지스틱 회귀
상관 벡터 머신,서포트 벡터 머신,알고리즘
계층적 군집화,평균 알고리즘
퍼지 클러스터링
기댓값 최대화 알고리즘"
305,https://ko.wikipedia.org/wiki/%EC%88%9C%ED%99%98_%EC%8B%A0%EA%B2%BD%EB%A7%9D,"순환 신경망 - 위키백과, 우리 모두의 백과사전","향 신경망
순환 신경망LSTMGRU
볼츠만 머신제한된
생성적 적대 신경망
자기조직화 지도
합성곱 신경망U-NetLeNet알렉스넷딥드림
신경장신경 방사장물리정보 신경망
신경 방사장
물리정보 신경망
트랜스포머비전
스파이킹 신경망
멤트렌지스터
전기화학 RAM
다층 퍼셉트론
시간차 학습
액티브 러닝
크라우드소싱
휴먼인더루프
수신자 조작 특성
커널 메소드
편향-분산 트레이드오프
계산학습이론
경험적 위험 최소화
PAC 러닝
통계적 학습이론
NeurIPS
기계 학습 알고리즘 목록
기계 탈학습
유사도 학습
순환 신경망(Recurrent neural network,RNN)은인공 신경망의 한 종류로, 유닛간의 연결이순환적 구조를 갖는 특징을 갖고 있다. 이러한 구조는 시변적 동적 특징을 모델링 할 수 있도록 신경망 내부에 상태를 저장할 수 있게 해주므로,순방향 신경망과 달리 내부의메모리를 이용해시퀀스형태의 입력을 처리할 수 있다.따라서 순환 인공 신경망은필기 인식이나음성 인식과 같이 시변적 특징을 지",1,"신경망
순환 신경망이란 무엇인가요?","신경망
순환 신경망,볼츠만 머신제한된
생성적 적대 신경망
자기조직화 지도
합성곱 신경망,알렉스넷딥드림
신경장신경 방사장물리정보 신경망
신경 방사장
물리정보 신경망
트랜스포머비전
스파이킹 신경망
멤트렌지스터
전기화학,다층 퍼셉트론
시간차 학습
액티브 러닝
크라우드소싱
휴먼인더루프
수신자 조작 특성
커널 메소드
편향,분산 트레이드오프
계산학습이론
경험적 위험 최소화"
306,https://ko.wikipedia.org/wiki/%EC%88%9C%ED%99%98_%EC%8B%A0%EA%B2%BD%EB%A7%9D,"순환 신경망 - 위키백과, 우리 모두의 백과사전","처리할 수 있다.따라서 순환 인공 신경망은필기 인식이나음성 인식과 같이 시변적 특징을 지니는 데이터를 처리하는데 적용할 수 있다.
순환 신경망이라는 이름은 입력받는 신호의 길이가 한정되지 않은동적데이터를 처리한다는 점에서 붙여진 이름으로,유한 임펄스구조와무한 임펄스구조를 모두 일컫는다.유한 임펄스 순환 신경망은유향 비순환 그래프이므로 적절하게 풀어서 재구성한다면 순방향 신경망으로도 표현할 수 있지만, 무한 임펄스 순환 신경망은유향 그래프이므로 순방향 신경망으로 표현하는 것이 불가능하다.
순환 신경망은 추가적인 저장공간을 가질 수 있다. 이 저장공간이 그래프의 형태를 가짐으로써 시간 지연의 기능을 하거나 피드백 루프를 가질 수도 있다. 이와 같은 저장공간을 게이트된 상태(gated state) 또는 게이트된 메모리(gated memory)라고 하며,LSTM과게이트 순환 유닛(GRU)이 이를 응용하는 대표적인 예시이다.",2,"순환 신경망 - 위키백과, 우리 모두의 백과사전에서 처리할은 어떤 역할을 하나요?","처리할,따라서 순환 인공 신경망은필기 인식이나음성 인식과 같이 시변적 특징을 지니는 데이터를 처리하는데 적용할,순환 신경망이라는 이름은 입력받는 신호의 길이가 한정되지 않은동적데이터를 처리한다는 점에서 붙여진 이름으로,유한 임펄스구조와무한 임펄스구조를 모두 일컫는다,유한 임펄스 순환 신경망은유향 비순환 그래프이므로 적절하게 풀어서 재구성한다면 순방향 신경망으로도 표현할"
307,https://ko.wikipedia.org/wiki/%EC%88%9C%ED%99%98_%EC%8B%A0%EA%B2%BD%EB%A7%9D,"순환 신경망 - 위키백과, 우리 모두의 백과사전","ory)라고 하며,LSTM과게이트 순환 유닛(GRU)이 이를 응용하는 대표적인 예시이다.
RNN은 1986년데이비드 루멜하르트의 연구에 기반을 둔다.RNN의 특수한 예시인 홉필드 네트워크가 1982년존 홉필드에 의해 발명되었고, 1993년에는 신경 기억 압축기가 ""Very Deep Learning""를 구현하는데 성공했는데, 1000개 이상의 레이어로 구성된 정적 RNN이 사용되었다.
1997년혹스라이터와슈미트후버에 의해 발명된LSTM은 네트워크는 여러 응용분야에서 독보적인 정확성을 보여주었다.
2007년을 전후로, LSTM은음성 인식분야에서 기존의 전통적인 모델들을 아득히 능가하는 성능을 보여주었다.2009년에는 CTC(Connectionist temporal classification) 기술로 훈련시킨 LSTM이 처음으로필기체 인식시합에서 승리를 거둠으로써, 패턴 인식 분야에 독보적인 기능을 가지고 있음이 증명되었다.2014년에는 중국의 검색엔진인바이두가 기존의 음성 인식 알고리즘",3,"순환 신경망 - 위키백과, 우리 모두의 백과사전에서 라고 하며은 어떤 역할을 하나요?","라고 하며,과게이트 순환 유닛,이를 응용하는 대표적인 예시이다,년데이비드 루멜하르트의 연구에 기반을 둔다,특수한 예시인 홉필드 네트워크가"
308,https://ko.wikipedia.org/wiki/%EC%88%9C%ED%99%98_%EC%8B%A0%EA%B2%BD%EB%A7%9D,"순환 신경망 - 위키백과, 우리 모두의 백과사전","가지고 있음이 증명되었다.2014년에는 중국의 검색엔진인바이두가 기존의 음성 인식 알고리즘은 전혀 사용하지 않고 오직 CTC로 훈련된 RNN만으로Switchboard Hub5'00 speech recognition dataset벤치마크를 갱신했다.
LSTM은 또한 큰 단어에 대한 음성 인식과음성 합성분야에서도 발전을 이루어 현재구글 안드로이드에서 응용되고있다.2015년에는 구글의 음성 인식 능력이 CTC 기반 LSTM을 통해 49%가량 향상되었다.
또한기계 번역,언어 모델링,다국어 언어 처리 분야에서의 기록도 우수한 능력으로 연달아 갱신했다.합성곱 신경망과 함께 응용되어자동 이미지 캡셔닝분야에서도 커다란 향상을 일으켰다.LSTM을 돌리는데 필요한 막대한 계산량에 따른 하드웨어의 부담을 줄이기 위해 하드웨어 가속기를 사용해 LSTM을 가속하고자 하는 연구도 꾸준히 진행되고 있다.

## 완전순환(Fully recurrent)",4,"순환 신경망 - 위키백과, 우리 모두의 백과사전에서 가지고 있음이 증명되었다은 어떤 역할을 하나요?","가지고 있음이 증명되었다,년에는 중국의 검색엔진인바이두가 기존의 음성 인식 알고리즘은 전혀 사용하지 않고 오직,훈련된,만으로,벤치마크를 갱신했다"
309,https://ko.wikipedia.org/wiki/%EC%88%9C%ED%99%98_%EC%8B%A0%EA%B2%BD%EB%A7%9D,"순환 신경망 - 위키백과, 우리 모두의 백과사전","고자 하는 연구도 꾸준히 진행되고 있다.

## 완전순환(Fully recurrent)

RNN은뉴런과 유사한노드들이 이룬 레이어가 연속되어있는 구조를 가진다. 각각의 노드들은 다음 단계의 모든 레이어들과단방향 그래프를 이루며, 시간에 따라 달라지는 실숫값의 활성화(activation)값을 가진다. 또한 각 노드들 간 연결관계는 실숫값의가중치를 가지며 이 값은 끊임없이 바뀐다. 노드의 종류로는 신경망 외부로부터 값을 입력받는 입력 노드, 결괏값을 산출하는 출력 노드, 입력 노드에서 출력 노드 사이에 존재하는 은닉 노드가 있다.
이산 시간 데이터로지도 학습을 하는 경우, 단위시간 한 번에 실수 벡터 하나가 입력 노드로 들어온다. 또한 매 순간 입력 노드를 제외한 모든 노드들은, 각자 연결된 노드들로부터 활성화값을 각 연결의 가중치와 함께 가중합으로 받아, 비선형 함수를 통해 활성화값을 계산한 뒤 저장한다.",5,고자 하는 연구도 꾸준히 진행되고 있다에 대해 설명해주세요.,"고자 하는 연구도 꾸준히 진행되고 있다,완전순환,은뉴런과 유사한노드들이 이룬 레이어가 연속되어있는 구조를 가진다,각각의 노드들은 다음 단계의 모든 레이어들과단방향 그래프를 이루며,시간에 따라 달라지는 실숫값의 활성화"
310,https://ko.wikipedia.org/wiki/%EC%88%9C%ED%99%98_%EC%8B%A0%EA%B2%BD%EB%A7%9D,"순환 신경망 - 위키백과, 우리 모두의 백과사전","결의 가중치와 함께 가중합으로 받아, 비선형 함수를 통해 활성화값을 계산한 뒤 저장한다. 지도 학습을 위해 주어진 데이터는 특정 순간마다 출력 노드 값이 이루어야 하는 값(target)을 알려준다. 매 순간마다 신경망이 생성한 출력값과, 원래 이루었어야 하는 값 사이의 편차의 합으로 오차를 정의한다. 이 오차를 줄이는 방향으로 신경망의 학습이 이루어진다. 일례로 음성 인식을 통해 발음된 숫자를 알아맞추는 프로그램을 생각해보자. 이 경우 최종 출력값은 숫자를 분류하기 위한 레이블이 될 것이다.
강화 학습의 경우, 아무도 출력 값이 어떠해야한다는 정보를 가르쳐주지 않는다. 대신 RNN의 성능을 평가하기 위한적합성 함수(영어:fitness function)나 보상 함수가 출력값을 받아들인 뒤, 액츄에이터를 통해 환경에 영향을 줌으로써 입력값을 변화시킨다. 점수가 있는 게임을 플레이하는 인공지능을 만들 때 이런 기술을 사용할 수 있다.

## 단순 순환망",6,결의 가중치와 함께 가중합으로 받아에 대해 설명해주세요.,"결의 가중치와 함께 가중합으로 받아,비선형 함수를 통해 활성화값을 계산한,저장한다,지도 학습을 위해 주어진 데이터는 특정 순간마다 출력 노드 값이 이루어야 하는,알려준다"
311,https://ko.wikipedia.org/wiki/%EC%88%9C%ED%99%98_%EC%8B%A0%EA%B2%BD%EB%A7%9D,"순환 신경망 - 위키백과, 우리 모두의 백과사전","게임을 플레이하는 인공지능을 만들 때 이런 기술을 사용할 수 있다.

## 단순 순환망

엘만 신경망과 조르단 신경망을 단순 순환망(Simple recurrent network, SRN)이라 부른다.
엘만 신경망은 세 개의 레이어와 문맥 유닛으로 이루어져 있으며, 문맥 유닛들은 1로 고정된 가중치와 함께 은닉 레이어와 연결되어 있다.학습이 이루어질 때마다 입력값이 순방향으로 되먹임되고, 은닉 레이어가 전 단계에 가지고 있던 값이 문맥 유닛에 저장된다. 따라서 신경망은 과거의 상태를 저장할 수 있게됨으로써 일반적인다중계층 퍼셉트론보다 우수한 예지력을 가지게 되는 것이다.
조르단 신경망은 엘만 신경망과 비슷하나, 문맥 유닛이 은닉 레이어가 아닌 출력 레이어로부터 값을 받는다는 차이점이 있다. 이 경우 문맥 유닛은 상태 레이어라고 불리며, 그 내부에서도 순환망을 가진다.
위 식에서 기호들은 각각 다음을 의미한다.
xt{\displaystyle x_{t}}: 입력 벡터",7,게임을 플레이하는 인공지능을 만들의 주요 특징은 무엇인가요?,"게임을 플레이하는 인공지능을 만들,이런 기술을 사용할,단순 순환망,엘만 신경망과 조르단 신경망을 단순 순환망,이라 부른다"
312,https://ko.wikipedia.org/wiki/%EC%88%9C%ED%99%98_%EC%8B%A0%EA%B2%BD%EB%A7%9D,"순환 신경망 - 위키백과, 우리 모두의 백과사전","기호들은 각각 다음을 의미한다.
xt{\displaystyle x_{t}}: 입력 벡터
ht{\displaystyle h_{t}}: 은닉 레이어 벡터
yt{\displaystyle y_{t}}: 출력 벡터
W{\displaystyle W},U{\displaystyle U},b{\displaystyle b}: 매개변수 행렬과 벡터
σh{\displaystyle \sigma _{h}},σy{\displaystyle \sigma _{y}}:활성화 함수
LSTM(long short-term memory, 장단기 메모리)는기울기 소실 문제를 해결하기 위해 고안된딥 러닝시스템이다. LSTM은 망각 게이트(forget gate)라 부르는 게이트를 추가적으로 가진다.이 게이트를 통해 역전파시 기울기값이 급격하게 사라지거나 증가하는 문제를 방지할 수 있다.이로써 기존의 RNN은 먼 과거의 일로부터 학습하는 것이 산술적으로 거의 불가능했지만, LSTM은 수백만 단위 시간 전의 사건으로부터도 학습할",8,"순환 신경망 - 위키백과, 우리 모두의 백과사전에서 기호들은 각각 다음을 의미한다은 어떤 역할을 하나요?","기호들은 각각 다음을 의미한다,입력 벡터,은닉 레이어 벡터,출력 벡터,매개변수 행렬과 벡터"
313,https://ko.wikipedia.org/wiki/%EC%88%9C%ED%99%98_%EC%8B%A0%EA%B2%BD%EB%A7%9D,"순환 신경망 - 위키백과, 우리 모두의 백과사전","이 산술적으로 거의 불가능했지만, LSTM은 수백만 단위 시간 전의 사건으로부터도 학습할 수 있음으로서 고주파 신호뿐 아니라 저주파 신호까지도 다룰 수 있게 되었고, 이는 곧 성능의 비약적 발전을 가져왔다.이로써 LSTM과 유사한 구조를 가진 신경망들도 많이 발표되고 있다.
LSTM을 쌓은 뒤CTC(영어:Connectionist temporal classification)로 이 신경망을 학습시키는 방식으로 실제 연구분야에 많이 사용되고 있다.특히 CTC는 정렬과 인식에서 좋은 결과를 가져다주고 있다. 또한 기존의은닉 마르코프 모형(HMM)으로는 불가능했던 문맥의존언어 학습이 가능하다는 것이 밝혀졌다.
GRU(Gated recurrent units,게이트 순환 유닛)은 2014년에 처음으로 발명된 구조다. 처음 발표된 형태로 적용되기도 하나, 간단하게 변용되는 경우도 많다.출력 게이트가 존재하지 않으므로, LSTM에 비해 더 적은 수의 매개변수를 가짐에도 불구하고다성음악학습이나 음성",9,"순환 신경망 - 위키백과, 우리 모두의 백과사전에서 산술적으로 거의 불가능했지만은 어떤 역할을 하나요?","산술적으로 거의 불가능했지만,수백만 단위 시간 전의 사건으로부터도 학습할,있음으로서 고주파 신호뿐 아니라 저주파 신호까지도 다룰,있게 되었고,성능의 비약적 발전을 가져왔다"
314,https://ko.wikipedia.org/wiki/%EC%88%9C%ED%99%98_%EC%8B%A0%EA%B2%BD%EB%A7%9D,"순환 신경망 - 위키백과, 우리 모두의 백과사전","않으므로, LSTM에 비해 더 적은 수의 매개변수를 가짐에도 불구하고다성음악학습이나 음성 인식 분야에서 LSTM과 유사한 성능을 가진다.
양방향(Bi-directional) 순환 신경망은 길이가 정해진 데이터 순열을 통해 어떤 값이 들어오기 전과 후의 정보를 모두 학습하는 방식의 알고리즘이다. 이를 위해 순열을 왼쪽에서 오른쪽으로 읽을 RNN 하나와, 오른쪽에서 왼쪽으로 읽을 RNN 하나를 필요로 한다. 이 둘의 출력값을 조합한 뒤 지도된 결과와 비교하여 학습하는 것이다. LSTM과 병용할 때 특히 좋은 성능을 낸다는 사실이 증명되었다.
순환 신경망의은 다음과 같은 분야에서 응용될 수 있다.
시계열 오류 검출
인간 행동 인식
단백질간 상동성 발견
단백질의 세포내 배치 분석
비즈니스 프로세스관리 및 예측
↑Dupond, Samuel (2019).“A thorough review on the current advance of neural network structures.”.《Annua",10,않으므로에 대해 설명해주세요.,"않으므로,적은 수의 매개변수를 가짐에도 불구하고다성음악학습이나 음성 인식 분야에서,유사한 성능을 가진다,양방향,순환 신경망은 길이가 정해진 데이터 순열을 통해 어떤 값이 들어오기 전과 후의 정보를 모두 학습하는 방식의 알고리즘이다"
315,https://ko.wikipedia.org/wiki/%EC%88%9C%ED%99%98_%EC%8B%A0%EA%B2%BD%EB%A7%9D,"순환 신경망 - 위키백과, 우리 모두의 백과사전","rent advance of neural network structures.”.《Annual Reviews in Control》14: 200–230.
↑“State-of-the-art in artificial neural network applications: A survey”(영어).《Heliyon》4(11): e00938. 2018년 11월 1일.doi:10.1016/j.heliyon.2018.e00938.ISSN2405-8440.
↑“Time series forecasting using artificial neural networks methodologies: A systematic review”(영어).《Future Computing and Informatics Journal》3(2): 334–340. 2018년 12월 1일.doi:10.1016/j.fcij.2018.10.003.ISSN2314-7288.",11,"순환 신경망 - 위키백과, 우리 모두의 백과사전에 대해 설명해주세요.","순환 신경망 - 위키백과, 우리 모두의 백과사전"
316,https://ko.wikipedia.org/wiki/%EC%88%9C%ED%99%98_%EC%8B%A0%EA%B2%BD%EB%A7%9D,"순환 신경망 - 위키백과, 우리 모두의 백과사전","1일.doi:10.1016/j.fcij.2018.10.003.ISSN2314-7288.
↑Graves, A.; Liwicki, M.; Fernandez, S.; Bertolami, R.; Bunke, H.;Schmidhuber, J.(2009).“A Novel Connectionist System for Improved Unconstrained Handwriting Recognition”(PDF).《IEEE Transactions on Pattern Analysis and Machine Intelligence》31(5): 855–868.doi:10.1109/tpami.2008.137.PMID19299860.
↑Sak, Hasim; Senior, Andrew; Beaufays, Francoise (2014).“Long Short-Term Memory recurrent neural network architectures for large scale acoustic modeling”(P",12,"순환 신경망 - 위키백과, 우리 모두의 백과사전에 대해 설명해주세요.","순환 신경망 - 위키백과, 우리 모두의 백과사전"
317,https://ko.wikipedia.org/wiki/%EC%88%9C%ED%99%98_%EC%8B%A0%EA%B2%BD%EB%A7%9D,"순환 신경망 - 위키백과, 우리 모두의 백과사전","architectures for large scale acoustic modeling”(PDF).
↑봇이 이 인용을 자동으로 완성합니다.대기열로 바로 이동하기arXiv:.
↑Miljanovic, Milos (Feb-Mar 2012).“Comparative analysis of Recurrent and Finite Impulse Response Neural Networks in Time Series Prediction”(PDF).《Indian Journal of Computer and Engineering》3(1).다음 날짜 값 확인 필요:|date=(도움말)
↑Williams, Ronald J.; Hinton, Geoffrey E.; Rumelhart, David E. (October 1986).“Learning representations by back-propagating errors”.《Nature》323(6088): 533–536.doi:10.1038/323533a0.ISSN",13,인용을 자동으로 완성합니다의 주요 특징은 무엇인가요?,"인용을 자동으로 완성합니다,대기열로 바로 이동하기,다음 날짜,확인 필요,도움말"
318,https://ko.wikipedia.org/wiki/%EC%88%9C%ED%99%98_%EC%8B%A0%EA%B2%BD%EB%A7%9D,"순환 신경망 - 위키백과, 우리 모두의 백과사전","ature》323(6088): 533–536.doi:10.1038/323533a0.ISSN1476-4687.
↑Schmidhuber, Jürgen(1993).《Habilitation thesis: System modeling and optimization》(PDF).[깨진 링크(과거 내용 찾기)]Page 150 ff demonstrates credit assignment across the equivalent of 1,200 layers in an unfolded RNN.
↑Hochreiter, Sepp;Schmidhuber, Jürgen(1997년 11월 1일).“Long Short-Term Memory”.《Neural Computation》9(8): 1735–1780.doi:10.1162/neco.1997.9.8.1735.
↑Fernández, Santiago; Graves, Alex; Schmidhuber, Jürgen (2007).《An Application of Recurr",14,"순환 신경망 - 위키백과, 우리 모두의 백과사전에서 깨진 링크은 어떤 역할을 하나요?","깨진 링크,과거 내용 찾기"
319,https://ko.wikipedia.org/wiki/%EC%88%9C%ED%99%98_%EC%8B%A0%EA%B2%BD%EB%A7%9D,"순환 신경망 - 위키백과, 우리 모두의 백과사전","hmidhuber, Jürgen (2007).《An Application of Recurrent Neural Networks to Discriminative Keyword Spotting》.《Proceedings of the 17th International Conference on Artificial Neural Networks》. ICANN'07 (Berlin, Heidelberg: Springer-Verlag). 220–229쪽.ISBN978-3-540-74693-5.
12Schmidhuber, Jürgen (January 2015).“Deep Learning in Neural Networks: An Overview”.《Neural Networks》61: 85–117.arXiv:1404.7828.doi:10.1016/j.neunet.2014.09.003.PMID25462637.S2CID11715509.",15,"순환 신경망 - 위키백과, 우리 모두의 백과사전에 대해 설명해주세요.","순환 신경망 - 위키백과, 우리 모두의 백과사전"
320,https://ko.wikipedia.org/wiki/%EC%88%9C%ED%99%98_%EC%8B%A0%EA%B2%BD%EB%A7%9D,"순환 신경망 - 위키백과, 우리 모두의 백과사전","/j.neunet.2014.09.003.PMID25462637.S2CID11715509.
↑Graves, Alex; Schmidhuber, Jürgen (2009). Bengio, Yoshua; Schuurmans, Dale; Lafferty, John; Williams, Chris editor-K. I.; Culotta, Aron (편집).“Offline Handwriting Recognition with Multidimensional Recurrent Neural Networks”. Neural Information Processing Systems (NIPS) Foundation: 545–552.
↑Hannun, Awni; Case, Carl; Casper, Jared; Catanzaro, Bryan; Diamos, Greg; Elsen, Erich; Prenger, Ryan; Satheesh, Sanjeev; Sengupta, Shubho (2014년 12월 17일).“Dee",16,"순환 신경망 - 위키백과, 우리 모두의 백과사전에 대해 설명해주세요.","순환 신경망 - 위키백과, 우리 모두의 백과사전"
321,https://ko.wikipedia.org/wiki/%EC%88%9C%ED%99%98_%EC%8B%A0%EA%B2%BD%EB%A7%9D,"순환 신경망 - 위키백과, 우리 모두의 백과사전","sh, Sanjeev; Sengupta, Shubho (2014년 12월 17일).“Deep Speech: Scaling up end-to-end speech recognition”.arXiv:1412.5567[cs.CL].더 이상 지원되지 않는 변수를 사용함 (도움말)
↑Sak, Haşim; Senior, Andrew; Beaufays, Françoise (2014).“Long Short-Term Memory recurrent neural network architectures for large scale acoustic modeling”(PDF). 2019년 9월 22일에원본 문서(PDF)에서 보존된 문서. 2020년 10월 8일에 확인함.
↑Li, Xiangang; Wu, Xihong (2014년 10월 15일).“Constructing Long Short-Term Memory based Deep Recurrent Neural Networks for Large Vocabular",17,이상 지원되지 않는 변수를 사용함이란 무엇인가요?,"이상 지원되지 않는 변수를 사용함,도움말,일에원본 문서,에서 보존된 문서,일에 확인함"
322,https://ko.wikipedia.org/wiki/%EC%88%9C%ED%99%98_%EC%8B%A0%EA%B2%BD%EB%A7%9D,"순환 신경망 - 위키백과, 우리 모두의 백과사전","Deep Recurrent Neural Networks for Large Vocabulary Speech Recognition”.arXiv:1410.4281[cs.CL].더 이상 지원되지 않는 변수를 사용함 (도움말)
↑Fan, Bo; Wang, Lijuan; Soong, Frank K.; Xie, Lei (2015) ""Photo-Real Talking Head with Deep Bidirectional LSTM"", inProceedings of ICASSP 2015
↑Zen, Heiga; Sak, Haşim (2015).“Unidirectional Long Short-Term Memory Recurrent Neural Network with Recurrent Output Layer for Low-Latency Speech Synthesis”(PDF).《Google.com》. ICASSP. 4470–4474쪽.",18,"순환 신경망 - 위키백과, 우리 모두의 백과사전에서 이상 지원되지 않는 변수를 사용함은 어떤 역할을 하나요?","이상 지원되지 않는 변수를 사용함,도움말"
323,https://ko.wikipedia.org/wiki/%EC%88%9C%ED%99%98_%EC%8B%A0%EA%B2%BD%EB%A7%9D,"순환 신경망 - 위키백과, 우리 모두의 백과사전","Synthesis”(PDF).《Google.com》. ICASSP. 4470–4474쪽.
↑Sak, Haşim; Senior, Andrew; Rao, Kanishka; Beaufays, Françoise; Schalkwyk, Johan (September 2015).“Google voice search: faster and more accurate”.
↑Sutskever, Ilya; Vinyals, Oriol; Le, Quoc V. (2014).“Sequence to Sequence Learning with Neural Networks”(PDF).《Electronic Proceedings of the Neural Information Processing Systems Conference》27: 5346.arXiv:1409.3215.Bibcode:2014arXiv1409.3215S.",19,"순환 신경망 - 위키백과, 우리 모두의 백과사전에 대해 설명해주세요.","순환 신경망 - 위키백과, 우리 모두의 백과사전"
324,https://ko.wikipedia.org/wiki/%EC%88%9C%ED%99%98_%EC%8B%A0%EA%B2%BD%EB%A7%9D,"순환 신경망 - 위키백과, 우리 모두의 백과사전","5346.arXiv:1409.3215.Bibcode:2014arXiv1409.3215S.
↑Jozefowicz, Rafal; Vinyals, Oriol; Schuster, Mike; Shazeer, Noam; Wu, Yonghui (2016년 2월 7일).“Exploring the Limits of Language Modeling”.arXiv:1602.02410[cs.CL].더 이상 지원되지 않는 변수를 사용함 (도움말)
↑Gillick, Dan; Brunk, Cliff; Vinyals, Oriol; Subramanya, Amarnag (2015년 11월 30일).“Multilingual Language Processing From Bytes”.arXiv:1512.00103[cs.CL].더 이상 지원되지 않는 변수를 사용함 (도움말)
↑Vinyals, Oriol; Toshev, Alexander; Bengio, Samy; Erhan, Dumitru (2014년 11월 17일).“Sh",20,"순환 신경망 - 위키백과, 우리 모두의 백과사전에서 이상 지원되지 않는 변수를 사용함은 어떤 역할을 하나요?","이상 지원되지 않는 변수를 사용함,도움말"
325,https://ko.wikipedia.org/wiki/%EC%88%9C%ED%99%98_%EC%8B%A0%EA%B2%BD%EB%A7%9D,"순환 신경망 - 위키백과, 우리 모두의 백과사전","; Bengio, Samy; Erhan, Dumitru (2014년 11월 17일).“Show and Tell: A Neural Image Caption Generator”.arXiv:1411.4555[cs.CV].더 이상 지원되지 않는 변수를 사용함 (도움말)
↑""A Survey on Hardware Accelerators and Optimization Techniques for RNNs"", JSA, 2020PDF
12Cruse, Holk;Neural Networks as Cybernetic Systems, 2nd and revised edition
↑Elman, Jeffrey L. (1990).“Finding Structure in Time”.《Cognitive Science》14(2): 179–211.doi:10.1016/0364-0213(90)90002-E.",21,이상 지원되지 않는 변수를 사용함에 대해 설명해주세요.,"이상 지원되지 않는 변수를 사용함,도움말"
326,https://ko.wikipedia.org/wiki/%EC%88%9C%ED%99%98_%EC%8B%A0%EA%B2%BD%EB%A7%9D,"순환 신경망 - 위키백과, 우리 모두의 백과사전","》14(2): 179–211.doi:10.1016/0364-0213(90)90002-E.
↑Jordan, Michael I. (1997년 1월 1일).〈Serial Order: A Parallel Distributed Processing Approach〉.《Neural-Network Models of Cognition - Biobehavioral Foundations》.《Advances in Psychology》. Neural-Network Models of Cognition121. 471–495쪽.doi:10.1016/s0166-4115(97)80111-2.ISBN9780444819314.
↑Gers, Felix A.; Schraudolph, Nicol N.; Schmidhuber, Jürgen (2002).“Learning Precise Timing with LSTM Recurrent Networks”(PDF).《Journal of Machine Learning Research》",22,"순환 신경망 - 위키백과, 우리 모두의 백과사전에 대해 설명해주세요.","순환 신경망 - 위키백과, 우리 모두의 백과사전"
327,https://ko.wikipedia.org/wiki/%EC%88%9C%ED%99%98_%EC%8B%A0%EA%B2%BD%EB%A7%9D,"순환 신경망 - 위키백과, 우리 모두의 백과사전","works”(PDF).《Journal of Machine Learning Research》3: 115–143. 2017년 6월 13일에 확인함.
↑Hochreiter, Sepp (1991),Untersuchungen zu dynamischen neuronalen Netzen, Diploma thesis, Institut f. Informatik, Technische Univ. Munich, Advisor Jürgen Schmidhuber
↑Schmidhuber, Jürgen (January 2015).“Deep Learning in Neural Networks: An Overview”.《Neural Networks》61: 85–117.arXiv:1404.7828.doi:10.1016/j.neunet.2014.09.003.PMID25462637.S2CID11715509.",23,일에 확인함에 대해 설명해주세요.,일에 확인함
328,https://ko.wikipedia.org/wiki/%EC%88%9C%ED%99%98_%EC%8B%A0%EA%B2%BD%EB%A7%9D,"순환 신경망 - 위키백과, 우리 모두의 백과사전","/j.neunet.2014.09.003.PMID25462637.S2CID11715509.
↑Bayer, Justin; Wierstra, Daan; Togelius, Julian; Schmidhuber, Jürgen (2009년 9월 14일).《Evolving Memory Cell Structures for Sequence Learning》(PDF).《Artificial Neural Networks – ICANN 2009》. Lecture Notes in Computer Science5769(Berlin, Heidelberg: Springer). 755–764쪽.doi:10.1007/978-3-642-04277-5_76.ISBN978-3-642-04276-8.
↑Fernández, Santiago; Graves, Alex; Schmidhuber, Jürgen (2007).“Sequence labelling in structured domains with hierarchical recu",24,"순환 신경망 - 위키백과, 우리 모두의 백과사전에 대해 설명해주세요.","순환 신경망 - 위키백과, 우리 모두의 백과사전"
329,https://ko.wikipedia.org/wiki/%EC%88%9C%ED%99%98_%EC%8B%A0%EA%B2%BD%EB%A7%9D,"순환 신경망 - 위키백과, 우리 모두의 백과사전","lling in structured domains with hierarchical recurrent neural networks”.《Proc. 20th International Joint Conference on Artificial In℡ligence, Ijcai 2007》: 774–779.CiteSeerX10.1.1.79.1887.
↑Graves, Alex; Fernández, Santiago; Gomez, Faustino J. (2006).“Connectionist temporal classification: Labelling unsegmented sequence data with recurrent neural networks”.《Proceedings of the International Conference on Machine Learning》: 369–376.CiteSeerX10.1.1.75.6306.",25,"순환 신경망 - 위키백과, 우리 모두의 백과사전에 대해 설명해주세요.","순환 신경망 - 위키백과, 우리 모두의 백과사전"
330,https://ko.wikipedia.org/wiki/%EC%88%9C%ED%99%98_%EC%8B%A0%EA%B2%BD%EB%A7%9D,"순환 신경망 - 위키백과, 우리 모두의 백과사전","chine Learning》: 369–376.CiteSeerX10.1.1.75.6306.
↑Gers, Felix A.; Schmidhuber, Jürgen (November 2001).“LSTM recurrent networks learn simple context-free and context-sensitive languages”.《IEEE Transactions on Neural Networks》12(6): 1333–1340.doi:10.1109/72.963769.ISSN1045-9227.PMID18249962.S2CID10192330.
↑Heck, Joel; Salem, Fathi M. (2017년 1월 12일).“Simplified Minimal Gated Unit Variations for Recurrent Neural Networks”.arXiv:1701.03452[cs.NE].더 이상 지원되지 않는 변수를 사용함 (도움말)",26,"순환 신경망 - 위키백과, 우리 모두의 백과사전에서 이상 지원되지 않는 변수를 사용함은 어떤 역할을 하나요?","이상 지원되지 않는 변수를 사용함,도움말"
331,https://ko.wikipedia.org/wiki/%EC%88%9C%ED%99%98_%EC%8B%A0%EA%B2%BD%EB%A7%9D,"순환 신경망 - 위키백과, 우리 모두의 백과사전","rXiv:1701.03452[cs.NE].더 이상 지원되지 않는 변수를 사용함 (도움말)
↑Dey, Rahul; Salem, Fathi M. (2017년 1월 20일).“Gate-Variants of Gated Recurrent Unit (GRU) Neural Networks”.arXiv:1701.05923[cs.NE].더 이상 지원되지 않는 변수를 사용함 (도움말)
↑Britz, Denny (2015년 10월 27일).“Recurrent Neural Network Tutorial, Part 4 – Implementing a GRU/LSTM RNN with Python and Theano – WildML”.《Wildml.com》. 2021년 11월 10일에원본 문서에서 보존된 문서. 2016년 5월 18일에 확인함.
↑Chung, Junyoung; Gulcehre, Caglar; Cho, KyungHyun; Bengio, Yoshua (2014).“Empirical Evaluatio",27,이상 지원되지 않는 변수를 사용함이란 무엇인가요?,"이상 지원되지 않는 변수를 사용함,도움말,일에원본 문서에서 보존된 문서,일에 확인함"
332,https://ko.wikipedia.org/wiki/%EC%88%9C%ED%99%98_%EC%8B%A0%EA%B2%BD%EB%A7%9D,"순환 신경망 - 위키백과, 우리 모두의 백과사전","ngHyun; Bengio, Yoshua (2014).“Empirical Evaluation of Gated Recurrent Neural Networks on Sequence Modeling”.arXiv:1412.3555[cs.NE].더 이상 지원되지 않는 변수를 사용함 (도움말)
↑Graves, Alex; Schmidhuber, Jürgen (2005년 7월 1일).“Framewise phoneme classification with bidirectional LSTM and other neural network architectures”.《Neural Networks》. IJCNN 200518(5): 602–610.CiteSeerX10.1.1.331.5800.doi:10.1016/j.neunet.2005.06.042.PMID16112549.",28,이상 지원되지 않는 변수를 사용함의 주요 특징은 무엇인가요?,"이상 지원되지 않는 변수를 사용함,도움말"
333,https://ko.wikipedia.org/wiki/%EC%88%9C%ED%99%98_%EC%8B%A0%EA%B2%BD%EB%A7%9D,"순환 신경망 - 위키백과, 우리 모두의 백과사전","00.doi:10.1016/j.neunet.2005.06.042.PMID16112549.
↑Thireou, Trias; Reczko, Martin (July 2007).“Bidirectional Long Short-Term Memory Networks for Predicting the Subcellular Localization of Eukaryotic Proteins”.《IEEE/ACM Transactions on Computational Biology and Bioinformatics》4(3): 441–446.doi:10.1109/tcbb.2007.1015.PMID17666763.S2CID11787259.
↑Sutskever, Ilya; Vinyals, Oriol; Le, Quoc V. (2014).“Sequence to Sequence Learning with Neural Networks”(PDF).《Electronic Proceedings of the Neural Inform",29,"순환 신경망 - 위키백과, 우리 모두의 백과사전에 대해 설명해주세요.","순환 신경망 - 위키백과, 우리 모두의 백과사전"
334,https://ko.wikipedia.org/wiki/%EC%88%9C%ED%99%98_%EC%8B%A0%EA%B2%BD%EB%A7%9D,"순환 신경망 - 위키백과, 우리 모두의 백과사전","(PDF).《Electronic Proceedings of the Neural Information Processing Systems Conference》27: 5346.arXiv:1409.3215.Bibcode:2014arXiv1409.3215S.
↑Mayer, Hermann; Gomez, Faustino J.; Wierstra, Daan; Nagy, Istvan; Knoll, Alois; Schmidhuber, Jürgen (October 2006).《A System for Robotic Heart Surgery that Learns to Tie Knots Using Recurrent Neural Networks》.《2006 IEEE/RSJ International Conference on Intelligent Robots and Systems》.",30,"순환 신경망 - 위키백과, 우리 모두의 백과사전에 대해 설명해주세요.","순환 신경망 - 위키백과, 우리 모두의 백과사전"
335,https://ko.wikipedia.org/wiki/%EC%88%9C%ED%99%98_%EC%8B%A0%EA%B2%BD%EB%A7%9D,"순환 신경망 - 위키백과, 우리 모두의 백과사전","al Conference on Intelligent Robots and Systems》. 543–548쪽.CiteSeerX10.1.1.218.3399.doi:10.1109/IROS.2006.282190.ISBN978-1-4244-0258-8.S2CID12284900.
↑Wierstra, Daan; Schmidhuber, Jürgen; Gomez, Faustino J. (2005).“Evolino: Hybrid Neuroevolution/Optimal Linear Search for Sequence Learning”.《Proceedings of the 19th International Joint Conference on Artificial Intelligence (IJCAI), Edinburgh》: 853–858.
↑Petneházi, Gábor (2019년 1월 1일).“Recurrent neural networks for time series forecasting”.arXiv:19",31,"순환 신경망 - 위키백과, 우리 모두의 백과사전에 대해 설명해주세요.","순환 신경망 - 위키백과, 우리 모두의 백과사전"
336,https://ko.wikipedia.org/wiki/%EC%88%9C%ED%99%98_%EC%8B%A0%EA%B2%BD%EB%A7%9D,"순환 신경망 - 위키백과, 우리 모두의 백과사전","ral networks for time series forecasting”.arXiv:1901.00069[cs.LG].더 이상 지원되지 않는 변수를 사용함 (도움말)
↑Hewamalage, Hansika; Bergmeir, Christoph; Bandara, Kasun (2020).“Recurrent Neural Networks for Time Series Forecasting: Current Status and Future Directions”.《International Journal of Forecasting》.arXiv:1909.00590.doi:10.1016/j.ijforecast.2020.06.008.S2CID202540863.
↑Graves, Alex; Schmidhuber, Jürgen (2005).“Framewise phoneme classification with bidirectional LSTM and other neural network architectures”",32,"순환 신경망 - 위키백과, 우리 모두의 백과사전에서 이상 지원되지 않는 변수를 사용함은 어떤 역할을 하나요?","이상 지원되지 않는 변수를 사용함,도움말"
337,https://ko.wikipedia.org/wiki/%EC%88%9C%ED%99%98_%EC%8B%A0%EA%B2%BD%EB%A7%9D,"순환 신경망 - 위키백과, 우리 모두의 백과사전","ional LSTM and other neural network architectures”.《Neural Networks》18(5–6): 602–610.CiteSeerX10.1.1.331.5800.doi:10.1016/j.neunet.2005.06.042.PMID16112549.
↑Fernández, Santiago; Graves, Alex; Schmidhuber, Jürgen (2007).《An Application of Recurrent Neural Networks to Discriminative Keyword Spotting》.《Proceedings of the 17th International Conference on Artificial Neural Networks》. ICANN'07 (Berlin, Heidelberg: Springer-Verlag). 220–229쪽.ISBN978-3540746935.",33,"순환 신경망 - 위키백과, 우리 모두의 백과사전에 대해 설명해주세요.","순환 신경망 - 위키백과, 우리 모두의 백과사전"
338,https://ko.wikipedia.org/wiki/%EC%88%9C%ED%99%98_%EC%8B%A0%EA%B2%BD%EB%A7%9D,"순환 신경망 - 위키백과, 우리 모두의 백과사전","g: Springer-Verlag). 220–229쪽.ISBN978-3540746935.
↑Graves, Alex; Mohamed, Abdel-rahman; Hinton, Geoffrey E. (2013).“Speech Recognition with Deep Recurrent Neural Networks”.《Acoustics, Speech and Signal Processing (ICASSP), 2013 IEEE International Conference on》: 6645–6649.arXiv:1303.5778.Bibcode:2013arXiv1303.5778G.doi:10.1109/ICASSP.2013.6638947.ISBN978-1-4799-0356-6.S2CID206741496.
↑Chang, Edward F.; Chartier, Josh; Anumanchipalli, Gopala K.",34,"순환 신경망 - 위키백과, 우리 모두의 백과사전에 대해 설명해주세요.","순환 신경망 - 위키백과, 우리 모두의 백과사전"
339,https://ko.wikipedia.org/wiki/%EC%88%9C%ED%99%98_%EC%8B%A0%EA%B2%BD%EB%A7%9D,"순환 신경망 - 위키백과, 우리 모두의 백과사전","ard F.; Chartier, Josh; Anumanchipalli, Gopala K. (2019년 4월 24일).“Speech synthesis from neural decoding of spoken sentences”(영어).《Nature》568(7753): 493–498.Bibcode:2019Natur.568..493A.doi:10.1038/s41586-019-1119-1.ISSN1476-4687.PMID31019317.S2CID129946122.
↑Malhotra, Pankaj; Vig, Lovekesh; Shroff, Gautam; Agarwal, Puneet (April 2015).“Long Short Term Memory Networks for Anomaly Detection in Time Series”(PDF).《European Symposium on Artificial Neural Networks, Computational Intelligence and Machin",35,"순환 신경망 - 위키백과, 우리 모두의 백과사전에 대해 설명해주세요.","순환 신경망 - 위키백과, 우리 모두의 백과사전"
340,https://ko.wikipedia.org/wiki/%EC%88%9C%ED%99%98_%EC%8B%A0%EA%B2%BD%EB%A7%9D,"순환 신경망 - 위키백과, 우리 모두의 백과사전","al Networks, Computational Intelligence and Machine Learning — ESANN 2015》. 2020년 10월 30일에원본 문서(PDF)에서 보존된 문서. 2020년 10월 8일에 확인함.
↑Gers, Felix A.; Schraudolph, Nicol N.; Schmidhuber, Jürgen (2002).“Learning precise timing with LSTM recurrent networks”(PDF).《Journal of Machine Learning Research》3: 115–143.
↑Eck, Douglas; Schmidhuber, Jürgen (2002년 8월 28일).《Learning the Long-Term Structure of the Blues》.《Artificial Neural Networks — ICANN 2002》.",36,"순환 신경망 - 위키백과, 우리 모두의 백과사전에서 일에원본 문서은 어떤 역할을 하나요?","일에원본 문서,에서 보존된 문서,일에 확인함"
341,https://ko.wikipedia.org/wiki/%EC%88%9C%ED%99%98_%EC%8B%A0%EA%B2%BD%EB%A7%9D,"순환 신경망 - 위키백과, 우리 모두의 백과사전","Blues》.《Artificial Neural Networks — ICANN 2002》. Lecture Notes in Computer Science2415(Berlin, Heidelberg: Springer). 284–289쪽.CiteSeerX10.1.1.116.3620.doi:10.1007/3-540-46084-5_47.ISBN978-3540460848.
↑Schmidhuber, Jürgen; Gers, Felix A.; Eck, Douglas (2002).“Learning nonregular languages: A comparison of simple recurrent networks and LSTM”.《Neural Computation》14(9): 2039–2041.CiteSeerX10.1.1.11.7369.doi:10.1162/089976602320263980.PMID12184841.S2CID30459046.",37,"순환 신경망 - 위키백과, 우리 모두의 백과사전에 대해 설명해주세요.","순환 신경망 - 위키백과, 우리 모두의 백과사전"
342,https://ko.wikipedia.org/wiki/%EC%88%9C%ED%99%98_%EC%8B%A0%EA%B2%BD%EB%A7%9D,"순환 신경망 - 위키백과, 우리 모두의 백과사전","62/089976602320263980.PMID12184841.S2CID30459046.
↑Gers, Felix A.; Schmidhuber, Jürgen (2001).“LSTM Recurrent Networks Learn Simple Context Free and Context Sensitive Languages”(PDF).《IEEE Transactions on Neural Networks》12(6): 1333–1340.doi:10.1109/72.963769.PMID18249962. 2020년 7월 10일에원본 문서(PDF)에서 보존된 문서. 2020년 10월 8일에 확인함.
↑Pérez-Ortiz, Juan Antonio; Gers, Felix A.; Eck, Douglas; Schmidhuber, Jürgen (2003).“Kalman filters improve LSTM network performance in problems unsolvable by traditional r",38,일에원본 문서에 대해 설명해주세요.,"일에원본 문서,에서 보존된 문서,일에 확인함"
343,https://ko.wikipedia.org/wiki/%EC%88%9C%ED%99%98_%EC%8B%A0%EA%B2%BD%EB%A7%9D,"순환 신경망 - 위키백과, 우리 모두의 백과사전","erformance in problems unsolvable by traditional recurrent nets”.《Neural Networks》16(2): 241–250.CiteSeerX10.1.1.381.1992.doi:10.1016/s0893-6080(02)00219-8.PMID12628609.
↑Graves, Alex; Schmidhuber, Jürgen (2009).“Offline Handwriting Recognition with Multidimensional Recurrent Neural Networks”.《Advances in Neural Information Processing Systems 22, NIPS'22》(Vancouver (BC): MIT Press): 545–552.
↑Graves, Alex; Fernández, Santiago; Liwicki, Marcus; Bunke, Horst; Schmidhuber, Jürgen (2007).《Unconstrai",39,"순환 신경망 - 위키백과, 우리 모두의 백과사전에 대해 설명해주세요.","순환 신경망 - 위키백과, 우리 모두의 백과사전"
344,https://ko.wikipedia.org/wiki/%EC%88%9C%ED%99%98_%EC%8B%A0%EA%B2%BD%EB%A7%9D,"순환 신경망 - 위키백과, 우리 모두의 백과사전","nke, Horst; Schmidhuber, Jürgen (2007).《Unconstrained Online Handwriting Recognition with Recurrent Neural Networks》.《Proceedings of the 20th International Conference on Neural Information Processing Systems》. NIPS'07 (Curran Associates Inc.). 577–584쪽.ISBN9781605603520.
↑Baccouche, Moez; Mamalet, Franck; Wolf, Christian; Garcia, Christophe; Baskurt, Atilla (2011). Salah, Albert Ali; Lepri, Bruno (편집).“Sequential Deep Learning for Human Action Recognition”.《2nd International Workshop on Human Be",40,"순환 신경망 - 위키백과, 우리 모두의 백과사전에 대해 설명해주세요.","순환 신경망 - 위키백과, 우리 모두의 백과사전"
345,https://ko.wikipedia.org/wiki/%EC%88%9C%ED%99%98_%EC%8B%A0%EA%B2%BD%EB%A7%9D,"순환 신경망 - 위키백과, 우리 모두의 백과사전","cognition”.《2nd International Workshop on Human Behavior Understanding (HBU)》. Lecture Notes in Computer Science (Amsterdam, Netherlands: Springer)7065: 29–39.doi:10.1007/978-3-642-25446-8_4.ISBN978-3-642-25445-1.
↑Hochreiter, Sepp; Heusel, Martin; Obermayer, Klaus (2007).“Fast model-based protein homology detection without alignment”.《Bioinformatics》23(14): 1728–1736.doi:10.1093/bioinformatics/btm247.PMID17488755.
↑Thireou, Trias; Reczko, Martin (July 2007).“Bidirectional Long Short-Term Memory",41,"순환 신경망 - 위키백과, 우리 모두의 백과사전에 대해 설명해주세요.","순환 신경망 - 위키백과, 우리 모두의 백과사전"
346,https://ko.wikipedia.org/wiki/%EC%88%9C%ED%99%98_%EC%8B%A0%EA%B2%BD%EB%A7%9D,"순환 신경망 - 위키백과, 우리 모두의 백과사전","(July 2007).“Bidirectional Long Short-Term Memory Networks for Predicting the Subcellular Localization of Eukaryotic Proteins”.《IEEE/ACM Transactions on Computational Biology and Bioinformatics》4(3): 441–446.doi:10.1109/tcbb.2007.1015.PMID17666763.S2CID11787259.
↑Tax, Niek; Verenich, Ilya; La Rosa, Marcello; Dumas, Marlon (2017).《Predictive Business Process Monitoring with LSTM neural networks》.《Proceedings of the International Conference on Advanced Information Systems Engineering (CAiSE)》.",42,"순환 신경망 - 위키백과, 우리 모두의 백과사전에 대해 설명해주세요.","순환 신경망 - 위키백과, 우리 모두의 백과사전"
347,https://ko.wikipedia.org/wiki/%EC%88%9C%ED%99%98_%EC%8B%A0%EA%B2%BD%EB%A7%9D,"순환 신경망 - 위키백과, 우리 모두의 백과사전","dvanced Information Systems Engineering (CAiSE)》. Lecture Notes in Computer Science. 10253. 477–492쪽.arXiv:1612.02130.doi:10.1007/978-3-319-59536-8_30.ISBN978-3-319-59535-1.S2CID2192354.

## 더 읽어보기

Mandic, Danilo P. & Chambers, Jonathon A. (2001).《Recurrent Neural Networks for Prediction: Learning Algorithms, Architectures and Stability》. Wiley.ISBN978-0-471-49517-8.
Seq2SeqSharpLSTM/BiLSTM/Transformer recurrent neural networks framework running on CPUs and GPUs for sequence-to-sequence tasks (",43,읽어보기의 주요 특징은 무엇인가요?,읽어보기
348,https://ko.wikipedia.org/wiki/%EC%88%9C%ED%99%98_%EC%8B%A0%EA%B2%BD%EB%A7%9D,"순환 신경망 - 위키백과, 우리 모두의 백과사전","on CPUs and GPUs for sequence-to-sequence tasks (C#,.NET)
RNNSharpCRFs based on recurrent neural networks (C#,.NET)
Recurrent Neural Networkswith over 60 RNN papers byJürgen Schmidhuber's group atDalle Molle Institute for Artificial Intelligence Research
Elman Neural Network implementationforWEKA
Recurrent Neural Nets & LSTMs in Java보관됨2018-07-21 -웨이백 머신
an alternative try for complete RNN / Reward driven보관됨2018-03-24 -웨이백 머신",44,보관됨에 대해 설명해주세요.,"보관됨,웨이백 머신"
349,https://ko.wikipedia.org/wiki/%EC%83%9D%EC%84%B1%EC%A0%81_%EC%A0%81%EB%8C%80_%EC%8B%A0%EA%B2%BD%EB%A7%9D,"생성적 적대 신경망 - 위키백과, 우리 모두의 백과사전","비지도 학습
온라인 기계 학습
준지도 학습
자기 지도 학습
규칙 기반 기계 학습
뉴로모픽 엔지니어링
양자 기계 학습
클러스터 분석
데이터 정제
AutoML
연관 규칙 학습
구조 기반 예측
온톨로지 학습
멀티모달 학습
결정 트리 학습법
앙상블 학습법배깅부스팅랜덤 포레스트
랜덤 포레스트
최근접 이웃 탐색
나이브 베이즈
로지스틱 회귀
상관 벡터 머신(RVM)
서포트 벡터 머신(SVM)
CURE 알고리즘
계층적 군집화
k-평균 알고리즘
퍼지 클러스터링
기댓값 최대화 알고리즘
DBSCAN
OPTICS
독립 성분 분석
선형 판별 분석
음수 미포함 행렬 분해
주성분 분석
그래프 모형베이즈 네트워크조건부 무작위장은닉 마르코프 모형
베이즈 네트워크
조건부 무작위장
은닉 마르코프 모형
잠재 디리클레 할당
무작위 표본 합의
k-최근접 이웃 알고리즘
국소 특이점 요인
고립 포레스트
순방향 신경망
순환 신경망LSTMGRU
볼츠만 머신제한된
생성적 적대 신경망
자기조직화 지도",0,"비지도 학습
온라인 기계 학습
준지도 학습
자기 지도 학습
규칙 기반 기계 학습
뉴로모픽 엔지니어링
양자 기계 학습
클러스터 분석
데이터 정제이란 무엇인가요?","비지도 학습
온라인 기계 학습
준지도 학습
자기 지도 학습
규칙 기반 기계 학습
뉴로모픽 엔지니어링
양자 기계 학습
클러스터 분석
데이터 정제,연관 규칙 학습
구조 기반 예측
온톨로지 학습
멀티모달 학습
결정 트리 학습법
앙상블 학습법배깅부스팅랜덤 포레스트
랜덤 포레스트
최근접 이웃 탐색
나이브 베이즈
로지스틱 회귀
상관 벡터 머신,서포트 벡터 머신,알고리즘
계층적 군집화,평균 알고리즘
퍼지 클러스터링
기댓값 최대화 알고리즘"
350,https://ko.wikipedia.org/wiki/%EC%83%9D%EC%84%B1%EC%A0%81_%EC%A0%81%EB%8C%80_%EC%8B%A0%EA%B2%BD%EB%A7%9D,"생성적 적대 신경망 - 위키백과, 우리 모두의 백과사전","향 신경망
순환 신경망LSTMGRU
볼츠만 머신제한된
생성적 적대 신경망
자기조직화 지도
합성곱 신경망U-NetLeNet알렉스넷딥드림
신경장신경 방사장물리정보 신경망
신경 방사장
물리정보 신경망
트랜스포머비전
스파이킹 신경망
멤트렌지스터
전기화학 RAM
다층 퍼셉트론
시간차 학습
액티브 러닝
크라우드소싱
휴먼인더루프
수신자 조작 특성
커널 메소드
편향-분산 트레이드오프
계산학습이론
경험적 위험 최소화
PAC 러닝
통계적 학습이론
NeurIPS
기계 학습 알고리즘 목록
기계 탈학습
유사도 학습
생성적 적대 신경망(영어: Generative Adversarial Network,GAN)은기계 학습의 한 종류로, 주로 비지도 학습에 사용되는인공신경망모델의 한 프레임워크이다.2014년이언 굿펠로와 몬트리올 대학의 동료들이 처음 제안했다.
GAN은 생성자와 구분자라는 두 개의 신경망이 서로 경쟁하는 독특한 구조를 가진다.",1,"신경망
순환 신경망이란 무엇인가요?","신경망
순환 신경망,볼츠만 머신제한된
생성적 적대 신경망
자기조직화 지도
합성곱 신경망,알렉스넷딥드림
신경장신경 방사장물리정보 신경망
신경 방사장
물리정보 신경망
트랜스포머비전
스파이킹 신경망
멤트렌지스터
전기화학,다층 퍼셉트론
시간차 학습
액티브 러닝
크라우드소싱
휴먼인더루프
수신자 조작 특성
커널 메소드
편향,분산 트레이드오프
계산학습이론
경험적 위험 최소화"
351,https://ko.wikipedia.org/wiki/%EC%83%9D%EC%84%B1%EC%A0%81_%EC%A0%81%EB%8C%80_%EC%8B%A0%EA%B2%BD%EB%A7%9D,"생성적 적대 신경망 - 위키백과, 우리 모두의 백과사전","다.
GAN은 생성자와 구분자라는 두 개의 신경망이 서로 경쟁하는 독특한 구조를 가진다. 이 구조는 종종위조지폐를 만들려는 '위조지폐범'(생성자)과 이를 감별하려는 '경찰'(구분자)의 관계에 비유된다. 생성자는 실제 데이터와 구별할 수 없는 가짜 데이터를 생성하도록 학습하고, 구분자는 입력된 데이터가 실제 데이터인지 가짜 데이터인지 가능한 한 정확하게 판별하도록 학습한다.
이러한 적대적 경쟁 과정을 통해, 생성자는 점차 실제 데이터의 통계적 분포와 매우 유사한 데이터를 생성하는 능력을 갖추게 되며, 구분자의 판별 능력 또한 함께 향상된다. GAN은 특히컴퓨터 비전분야에서 사실적인 이미지 생성, 이미지 대 이미지 변환, 초해상화 등에서 획기적인 성과를 보여주었다.
GAN은 2014년 몬트리올 대학의 박사 과정 학생이던이언 굿펠로에 의해 처음 고안되었다. 굿펠로는 친구들과 술집에서 학술적인 토론을 하던 중 이 아이디어를 떠올렸다고 알려져 있다.",2,생성자와 구분자라는의 주요 특징은 무엇인가요?,"생성자와 구분자라는,개의 신경망이 서로 경쟁하는 독특한 구조를 가진다,구조는 종종위조지폐를 만들려는,위조지폐범,생성자"
352,https://ko.wikipedia.org/wiki/%EC%83%9D%EC%84%B1%EC%A0%81_%EC%A0%81%EB%8C%80_%EC%8B%A0%EA%B2%BD%EB%A7%9D,"생성적 적대 신경망 - 위키백과, 우리 모두의 백과사전","펠로는 친구들과 술집에서 학술적인 토론을 하던 중 이 아이디어를 떠올렸다고 알려져 있다. 그는 최대 가능도 추정의 어려움을 피하면서도 강력한 생성 모델을 만들 방법을 모색하고 있었다.
초기 아이디어는 '위조지폐범과 경찰'이라는게임 이론적 비유에서 시작되었다. 굿펠로와 그의 동료들은 같은 해 6월 ""Generative Adversarial Networks""라는 제목의 논문을 신경정보처리시스템학회 (NIPS, 현 NeurIPS)에 제출하며 이 개념을 공식적으로 발표했다.
이 논문은딥러닝커뮤니티에 큰 반향을 일으켰다.메타 AI의 수석 과학자이자 2018년튜링상수상자인얀 르쿤교수는 GAN을 ""지난 10년간기계 학습분야에서 가장 흥미로운 아이디어""라고 극찬했다.

## 구조 및 작동 원리

GAN은 두 개의 개별적인인공신경망, 즉 생성자와 구분자로 구성된다.",3,"생성적 적대 신경망 - 위키백과, 우리 모두의 백과사전에서 펠로는 친구들과 술집에서 학술적인 토론을 하던은 어떤 역할을 하나요?","펠로는 친구들과 술집에서 학술적인 토론을 하던,아이디어를 떠올렸다고 알려져 있다,그는 최대 가능도 추정의 어려움을 피하면서도 강력한 생성 모델을 만들 방법을 모색하고 있었다,초기 아이디어는,위조지폐범과 경찰"
353,https://ko.wikipedia.org/wiki/%EC%83%9D%EC%84%B1%EC%A0%81_%EC%A0%81%EB%8C%80_%EC%8B%A0%EA%B2%BD%EB%A7%9D,"생성적 적대 신경망 - 위키백과, 우리 모두의 백과사전","조 및 작동 원리

GAN은 두 개의 개별적인인공신경망, 즉 생성자와 구분자로 구성된다.
생성자(G)는 가상의 데이터를 생성하는 역할을 한다. 이 네트워크는 일반적으로정규 분포나균등 분포를 따르는 저차원의 무작위 잡음 벡터를 입력으로 받는다. 이 입력 벡터를 잠재 벡터(z{\displaystyle z})라고 부르며, 이 벡터가 존재하는 공간을 잠재 공간이라고 한다.
생성자의 임무는 이 잠재 벡터z{\displaystyle z}를 실제 데이터(예: 이미지)와 유사한 형태의 데이터G(z){\displaystyle G(z)}로 변환(매핑)하는 것이다. 생성자는 학습 초기에는 의미 없는 잡음과 같은 결과물을 만들지만, 학습이 진행됨에 따라 점차 실제 데이터와 구별하기 어려운 정교한 결과물을 생성하도록 업데이트된다.
구분자(D)는이진 분류기 역할을 하는 신경망이다.",4,작동 원리에 대해 설명해주세요.,"작동 원리,개의 개별적인인공신경망,생성자와 구분자로 구성된다,생성자,가상의 데이터를 생성하는 역할을 한다"
354,https://ko.wikipedia.org/wiki/%EC%83%9D%EC%84%B1%EC%A0%81_%EC%A0%81%EB%8C%80_%EC%8B%A0%EA%B2%BD%EB%A7%9D,"생성적 적대 신경망 - 위키백과, 우리 모두의 백과사전","교한 결과물을 생성하도록 업데이트된다.
구분자(D)는이진 분류기 역할을 하는 신경망이다. 구분자는 특정 데이터x{\displaystyle x}를 입력받아, 이 데이터가 훈련 데이터셋에서 가져온 실제 데이터인지, 아니면 생성자(G)가 만들어낸 가짜 데이터인지 판별한다.
구분자는 실제 데이터x{\displaystyle x}에 대해서는 1 (또는 1에 가까운 값,D(x)≈1{\displaystyle D(x)\approx 1})을 출력하고, 생성자가 만든 가짜 데이터G(z){\displaystyle G(z)}에 대해서는 0 (또는 0에 가까운 값,D(G(z))≈0{\displaystyle D(G(z))\approx 0})을 출력하도록 학습된다. 즉, 구분자의 출력D(x){\displaystyle D(x)}는 입력x{\displaystyle x}가 실제일 확률을 나타낸다.",5,"생성적 적대 신경망 - 위키백과, 우리 모두의 백과사전에서 대해서는은 어떤 역할을 하나요?","대해서는,가까운,교한 결과물을 생성하도록 업데이트된다,구분자,는이진 분류기 역할을 하는 신경망이다"
355,https://ko.wikipedia.org/wiki/%EC%83%9D%EC%84%B1%EC%A0%81_%EC%A0%81%EB%8C%80_%EC%8B%A0%EA%B2%BD%EB%A7%9D,"생성적 적대 신경망 - 위키백과, 우리 모두의 백과사전","ystyle D(x)}는 입력x{\displaystyle x}가 실제일 확률을 나타낸다.
GAN의 학습은 생성자(G)와 구분자(D)가 서로 경쟁하는제로섬 게임으로 볼 수 있다. 이 학습 과정은 다음과 같은 최소최대 목적 함수V(D,G){\displaystyle V(D,G)}를 통해 공식화된다.
이 수식의 의미는 다음과 같다.
Ex∼pdata(x)[log⁡D(x)]{\displaystyle \mathbb {E} _{x\sim p_{\text{data}}(x)}[\log D(x)]}: 실제 데이터x{\displaystyle x}가 입력되었을 때, 구분자가D(x){\displaystyle D(x)}를 1(실제)로 판별할 확률을 최대화한다.
Ez∼pz(z)[log⁡(1−D(G(z)))]{\displaystyle \mathbb {E} _{z\sim p_{z}(z)}[\log(1-D(G(z)))]}: 생성자가 만든 가짜 데이터G(z){\displaystyle G(z)}가 입력되었을 때, 구분자",6,구분자의 주요 특징은 무엇인가요?,"구분자,입력되었을,실제일 확률을 나타낸다,학습은 생성자,서로 경쟁하는제로섬 게임으로"
356,https://ko.wikipedia.org/wiki/%EC%83%9D%EC%84%B1%EC%A0%81_%EC%A0%81%EB%8C%80_%EC%8B%A0%EA%B2%BD%EB%A7%9D,"생성적 적대 신경망 - 위키백과, 우리 모두의 백과사전","자가 만든 가짜 데이터G(z){\displaystyle G(z)}가 입력되었을 때, 구분자가D(G(z)){\displaystyle D(G(z))}를 0(가짜)으로 판별할 확률(즉,1−D(G(z)){\displaystyle 1-D(G(z))})을 최대화한다.
학습은 두 단계로 나뉘어 반복적으로 수행된다.
첫 번째 단계는 구분자(D) 학습으로, 생성자(G)의 가중치를 고정한 채, 실제 데이터 배치와 생성된 가짜 데이터 배치를 구분자에 입력한다. 구분자는 실제 데이터는 1로, 가짜 데이터는 0으로 정확히 분류하도록 학습되며, 즉 위 목적 함수V(D,G){\displaystyle V(D,G)}를 최대화하도록 가중치를 업데이트한다.
두 번째 단계는 생성자(G) 학습으로, 구분자(D)의 가중치를 고정한 채, 새로운 잠재 벡터z{\displaystyle z}로부터 가짜 데이터G(z){\displaystyle G(z)}를 생성하여 구분자에 입력한다.",7,"생성적 적대 신경망 - 위키백과, 우리 모두의 백과사전에서 학습으로은 어떤 역할을 하나요?","학습으로,가중치를 고정한,자가 만든 가짜 데이터,입력되었을,구분자가"
357,https://ko.wikipedia.org/wiki/%EC%83%9D%EC%84%B1%EC%A0%81_%EC%A0%81%EB%8C%80_%EC%8B%A0%EA%B2%BD%EB%A7%9D,"생성적 적대 신경망 - 위키백과, 우리 모두의 백과사전","터 가짜 데이터G(z){\displaystyle G(z)}를 생성하여 구분자에 입력한다. 생성자는 구분자가 이 가짜 데이터를 1(실제)로 잘못 판별하도록 학습되며, 즉D(G(z)){\displaystyle D(G(z))}를 1로 만드는 방향으로, 또는log⁡(1−D(G(z))){\displaystyle \log(1-D(G(z)))}값을 최소화하도록 가중치를 업데이트한다.
이론적으로 이 경쟁 과정이 안정적으로 수렴하면, 생성자는 실제 데이터의 분포pdata{\displaystyle p_{\text{data}}}를 완벽하게 모방하게 되고, 구분자는 어떤 데이터가 입력되든 실제인지 가짜인지 판별할 확률이 50% (D(x)=D(G(z))=0.5{\displaystyle D(x)=D(G(z))=0.5})가 되는내시 균형상태에 도달한다.

## 주요 GAN 변형 모델

초기의 바닐라 GAN 이후, 학습 불안정성을 개선하고 성능을 높이기 위한 수많은 변형 모델이 제안되었다.",8,가짜 데이터이란 무엇인가요?,"가짜 데이터,생성하여 구분자에 입력한다,생성자는 구분자가,가짜 데이터를,잘못 판별하도록 학습되며"
358,https://ko.wikipedia.org/wiki/%EC%83%9D%EC%84%B1%EC%A0%81_%EC%A0%81%EB%8C%80_%EC%8B%A0%EA%B2%BD%EB%A7%9D,"생성적 적대 신경망 - 위키백과, 우리 모두의 백과사전","N 이후, 학습 불안정성을 개선하고 성능을 높이기 위한 수많은 변형 모델이 제안되었다.

## 심층 합성곱 GAN

2015년 제안된 DCGAN (Deep Convolutional GAN)은 GAN의 구조에합성곱 신경망구조를 성공적으로 적용한 모델이다.DCGAN은 불안정한 GAN 학습을 안정화하기 위한 몇 가지 아키텍처 지침을 제시했으며, 이는 이후 GAN 기반 이미지 생성 모델의 표준이 되었다. 구체적으로, 생성자에서는 전치 합성곱을 사용하여 이미지를 업샘플링하고, 구분자에서는 스트라이드 합성곱을 사용하여 다운샘플링한다. 또한 풀링 레이어를 제거하고, 생성자와 구분자 양쪽에배치 정규화를 사용하여 학습을 안정화했다.

## 조건부 GAN

CGAN (Conditional GAN)은 생성 과정에 추가적인 '조건' 정보y{\displaystyle y}(예: 클래스 레이블, 텍스트 설명, 다른 이미지 등)를 함께 입력하는 모델이다.생성자와 구분자 모두 이 조건y{\displaystyle",9,학습 불안정성을 개선하고 성능을 높이기 위한 수많은 변형 모델이 제안되었다에 대해 설명해주세요.,"학습 불안정성을 개선하고 성능을 높이기 위한 수많은 변형 모델이 제안되었다,심층 합성곱,제안된,구조에합성곱 신경망구조를 성공적으로 적용한 모델이다,불안정한"
359,https://ko.wikipedia.org/wiki/%EC%83%9D%EC%84%B1%EC%A0%81_%EC%A0%81%EB%8C%80_%EC%8B%A0%EA%B2%BD%EB%A7%9D,"생성적 적대 신경망 - 위키백과, 우리 모두의 백과사전","등)를 함께 입력하는 모델이다.생성자와 구분자 모두 이 조건y{\displaystyle y}를 입력받아,p(x|y){\displaystyle p(x|y)}와 같이 특정 조건에 맞는 데이터를 생성하도록 학습된다. 예를 들어, ""숫자 7""이라는 레이블을 주면 숫자 7의 이미지를 생성하도록 할 수 있다.

## 바서슈타인 GAN

WGAN (Wasserstein GAN)은 기존 GAN의 불안정한 학습 과정과 모드 붕괴 문제를 해결하기 위해 제안되었다.WGAN은 두 확률 분포 간의 거리를 측정하는 척도로 바서슈타인 거리 (또는 Earth-Mover's distance)를 사용한다. 이는 기존 GAN이 사용하던JS 발산보다 더 안정적인 학습 신호(그레이디언트)를 제공하여 학습을 크게 안정시켰다.

## CycleGAN

CycleGAN은 2017년 발표된 모델로, 쌍을 이루지 않은 데이터셋 간의 이미지 대 이미지 변환을 가능하게 했다.예를 들어, 특정 화가의 화풍 이미지를 모네의 그림과 정",10,예를 들어의 주요 특징은 무엇인가요?,"예를 들어,함께 입력하는 모델이다,생성자와 구분자 모두,입력받아,같이 특정 조건에 맞는 데이터를 생성하도록 학습된다"
360,https://ko.wikipedia.org/wiki/%EC%83%9D%EC%84%B1%EC%A0%81_%EC%A0%81%EB%8C%80_%EC%8B%A0%EA%B2%BD%EB%A7%9D,"생성적 적대 신경망 - 위키백과, 우리 모두의 백과사전","대 이미지 변환을 가능하게 했다.예를 들어, 특정 화가의 화풍 이미지를 모네의 그림과 정확히 짝이 맞는 사진 없이도 학습할 수 있다. 이는 '도메인 A'의 이미지를 '도메인 B'로 변환했다가 다시 '도메인 A'로 복원했을 때 원본과 유사해야 한다는 순환 일관성 손실 개념을 도입하여 가능해졌다.

## StyleGAN

StyleGAN은엔비디아에서 개발한 모델로, 극도로 사실적인 고해상도 인물 얼굴 이미지를 생성하는 것으로 유명하다.StyleGAN은 잠재 벡터z{\displaystyle z}를 바로 입력하는 대신, 여러 층에 걸쳐 '스타일' 정보로 변환하여 주입하는 '스타일 기반' 생성자 구조를 사용한다. 이를 통해 생성된 이미지의 세부적인 속성(예: 머리 스타일, 성별, 연령)을 높은 수준에서 제어할 수 있게 되었다.
GAN은 다양한 분야에서 놀라운 결과물을 만들어내고 있다.",11,"생성적 적대 신경망 - 위키백과, 우리 모두의 백과사전에서 도메인은 어떤 역할을 하나요?","도메인,이미지 변환을 가능하게 했다,예를 들어,특정 화가의 화풍 이미지를 모네의 그림과 정확히 짝이 맞는 사진 없이도 학습할,이미지를"
361,https://ko.wikipedia.org/wiki/%EC%83%9D%EC%84%B1%EC%A0%81_%EC%A0%81%EB%8C%80_%EC%8B%A0%EA%B2%BD%EB%A7%9D,"생성적 적대 신경망 - 위키백과, 우리 모두의 백과사전","에서 제어할 수 있게 되었다.
GAN은 다양한 분야에서 놀라운 결과물을 만들어내고 있다. 가장 대표적인 응용 분야는 이미지 생성 및 편집으로, StyleGAN을 이용한 가상 인물 생성이나 생성된 이미지의 특정 속성(예: 웃는 표정, 머리색)을 편집하는 데 사용된다. 또한, Pix2Pix나 CycleGAN 같은 모델을 사용하여 스케치를 사진으로, 낮 사진을 밤 사진으로, 위성 이미지를 지도 이미지로 변환하는 등의 이미지 대 이미지 변환 작업도 수행한다.
이 외에도 다양한 컴퓨터 비전 작업에 활용되는데, SRGAN과 같이 저해상도 이미지를 선명한 고해상도 이미지로 복원하는 초해상화나, 이미지의 일부가 손상되거나 가려졌을 때 주변 맥락을 이용해 비어있는 부분을 자연스럽게 채워 넣는 인페인팅 등이 있다. 특히 의료 영상과 같이 데이터 수집이 어려운 분야에서는 데이터 증강을 목적으로 GAN을 이용해 실제와 유사한 데이터를 대량 생성하여인공지능모델의 학습 데이터로 활용한다.",12,에서 제어할의 주요 특징은 무엇인가요?,"에서 제어할,있게 되었다,다양한 분야에서 놀라운 결과물을 만들어내고 있다,가장 대표적인 응용 분야는 이미지 생성,편집으로"
362,https://ko.wikipedia.org/wiki/%EC%83%9D%EC%84%B1%EC%A0%81_%EC%A0%81%EB%8C%80_%EC%8B%A0%EA%B2%BD%EB%A7%9D,"생성적 적대 신경망 - 위키백과, 우리 모두의 백과사전","AN을 이용해 실제와 유사한 데이터를 대량 생성하여인공지능모델의 학습 데이터로 활용한다.
GAN의 응용은 시각 데이터를 넘어 비전 외 분야로도 확장되고 있다.DALL-E와 같은 현대 모델의 초기 기반(예: AttnGAN)으로 사용되어, ""빨간 모자를 쓴 아보카도""와 같은 텍스트 설명을 이미지로 생성하는 텍스트-이미지 생성, 새로운 멜로디를 작곡하거나 특정 인물의 목소리를 합성하는 음악 및 음성 생성, 2D 이미지를 기반으로 3D 모델 생성, 그리고 특정 속성을 가진 새로운 분자 구조를 생성하는 신약 개발 등에도 활용된다.

## 한계점 및 과제

GAN은 강력한 기술이지만 여러 고질적인 문제점을 안고 있다.
첫째로 학습 불안정성이 크다. 생성자와 구분자 간의 학습 균형을 맞추는 것이 매우 어려워, 한쪽이 다른 쪽보다 너무 빠르게 학습하면(예: 구분자가 너무 뛰어나서 생성자가 생성한 족족 0으로 판별하면) 생성자가 학습할 신호(그레이디언트)가 사라져 학습이 실패할 수 있다 (기울기 소",13,이용해 실제와 유사한 데이터를 대량 생성하여인공지능모델의 학습 데이터로 활용한다에 대해 설명해주세요.,"이용해 실제와 유사한 데이터를 대량 생성하여인공지능모델의 학습 데이터로 활용한다,응용은 시각 데이터를 넘어 비전,분야로도 확장되고 있다,같은 현대 모델의 초기 기반,으로 사용되어"
363,https://ko.wikipedia.org/wiki/%EC%83%9D%EC%84%B1%EC%A0%81_%EC%A0%81%EB%8C%80_%EC%8B%A0%EA%B2%BD%EB%A7%9D,"생성적 적대 신경망 - 위키백과, 우리 모두의 백과사전","판별하면) 생성자가 학습할 신호(그레이디언트)가 사라져 학습이 실패할 수 있다 (기울기 소실 문제).
둘째는 모드 붕괴 (Mode Collapse) 현상이다. 이는 생성자가 구분자를 속이기 가장 쉬운, 특정 소수의 결과물만을 생성하게 되는 현상으로, 예를 들어 다양한 인물 얼굴을 생성하도록 학습했지만 한두 가지 특정 얼굴 형태만 반복해서 생성하는 경우이다. 이는 생성된 결과물의 다양성을 심각하게 저해한다.
마지막으로, 생성된 결과물의 품질을 객관적으로 평가하기 어려운 정량적 평가의 어려움이 있다. 생성된 이미지가 '얼마나 사실적인지'와 '얼마나 다양한지'를 측정하기 위해 인셉션 스코어나 프레셰 인셉션 거리와 같은 척도가 사용되지만, 이들 역시 완벽하지 않으며 인간의 주관적인 평가와 다를 수 있다.

## 사회적 영향 및 윤리적 문제

GAN 기술, 특히 고해상도 이미지 및 비디오 생성 능력은 심각한 사회적, 윤리적 문제를 야기한다.

## 딥페이크와 가짜 정보",14,"생성적 적대 신경망 - 위키백과, 우리 모두의 백과사전에서 판별하면은 어떤 역할을 하나요?","판별하면,생성자가 학습할 신호,그레이디언트,사라져 학습이 실패할,기울기 소실 문제"
364,https://ko.wikipedia.org/wiki/%EC%83%9D%EC%84%B1%EC%A0%81_%EC%A0%81%EB%8C%80_%EC%8B%A0%EA%B2%BD%EB%A7%9D,"생성적 적대 신경망 - 위키백과, 우리 모두의 백과사전","디오 생성 능력은 심각한 사회적, 윤리적 문제를 야기한다.

## 딥페이크와 가짜 정보

가장 큰 우려는딥페이크기술이다. 딥페이크는 GAN(과오토인코더)을 사용하여 특정 인물의 얼굴이나 목소리를 다른 비디오나 오디오에 합성하는 기술을 말한다.
이는 가짜 뉴스 제작, 유명인의 발언 조작, 정치적 여론 조작, 비동의적 음란물(가짜 포르노) 제작 등에 악용될 수 있으며, 이미 사회적 혼란과 심각한 명예 훼손, 사기 피해를 일으키고 있다.이에 따라 딥페이크를 탐지하고 방지하기 위한 '딥페이크 탐지' 기술 또한 GAN을 이용해 함께 연구되고 있다.

## 저작권 및 예술

GAN이 생성한 예술 작품(AI 아트)의저작권귀속 문제도 논란거리이다. 생성된 작품의 저작권이 GAN 모델을 만든 개발자에게 있는지, 모델을 학습시킨 원본 데이터의 저작자에게 있는지, 아니면 모델을 사용한 사용자에게 있는지 법적, 윤리적 기준이 모호하다.",15,디오 생성 능력은 심각한 사회적에 대해 설명해주세요.,"디오 생성 능력은 심각한 사회적,윤리적 문제를 야기한다,딥페이크와 가짜 정보,우려는딥페이크기술이다,딥페이크는"
365,https://ko.wikipedia.org/wiki/%EC%83%9D%EC%84%B1%EC%A0%81_%EC%A0%81%EB%8C%80_%EC%8B%A0%EA%B2%BD%EB%A7%9D,"생성적 적대 신경망 - 위키백과, 우리 모두의 백과사전","작자에게 있는지, 아니면 모델을 사용한 사용자에게 있는지 법적, 윤리적 기준이 모호하다.
(영어)adversarial-깃허브- 이언 굿펠로의 2014년 원본 GAN 논문 구현 코드
이언 굿펠로의 GAN 프레젠테이션 (유튜브)
12Goodfellow, Ian J.; Pouget-Abadie, Jean; Mirza, Mehdi; Xu, Bing; Warde-Farley, David; Ozair, Sherjil; Courville, Aaron; Bengio, Yoshua (2014).《Generative Adversarial Networks》(학위논문).《Advances in Neural Information Processing Systems 27 (NIPS 2014)》.arXiv:1406.2661.
↑“Facebook's AI Chief: 'Generative Adversarial Networks' Are The 'Coolest Idea In Deep Learning'”.《Forbes》",16,작자에게 있는지에 대해 설명해주세요.,"작자에게 있는지,아니면 모델을 사용한 사용자에게 있는지 법적,윤리적 기준이 모호하다,깃허브,이언 굿펠로의"
366,https://ko.wikipedia.org/wiki/%EC%83%9D%EC%84%B1%EC%A0%81_%EC%A0%81%EB%8C%80_%EC%8B%A0%EA%B2%BD%EB%A7%9D,"생성적 적대 신경망 - 위키백과, 우리 모두의 백과사전","Are The 'Coolest Idea In Deep Learning'”.《Forbes》. 2018년 1월 29일. 2025년 11월 17일에 확인함.
↑Radford, Alec; Metz, Luke; Chintala, Soumith (2015).《Unsupervised Representation Learning with Deep Convolutional Generative Adversarial Networks》(학위논문).《International Conference on Learning Representations (ICLR) 2016》.arXiv:1511.06434.
↑Mirza, Mehdi; Osindero, Simon (2014).《Conditional Generative Adversarial Nets》(학위논문).arXiv:1411.1784.",17,학위논문에 대해 설명해주세요.,"학위논문,일에 확인함"
367,https://ko.wikipedia.org/wiki/%EC%83%9D%EC%84%B1%EC%A0%81_%EC%A0%81%EB%8C%80_%EC%8B%A0%EA%B2%BD%EB%A7%9D,"생성적 적대 신경망 - 위키백과, 우리 모두의 백과사전","nerative Adversarial Nets》(학위논문).arXiv:1411.1784.
↑Arjovsky, Martin; Chintala, Soumith; Bottou, Léon (2017).《Wasserstein GAN》(학위논문).《Proceedings of the 34th International Conference on Machine Learning (ICML 2017)》.arXiv:1701.07875.
↑Zhu, Jun-Yan; Park, Taesung; Isola, Phillip; Efros, Alexei A. (2017).《Unpaired Image-to-Image Translation using Cycle-Consistent Adversarial Networks》(학위논문).《Proceedings of the IEEE International Conference on Computer Vision (ICCV)》.arXiv:1703.10593.",18,학위논문의 주요 특징은 무엇인가요?,학위논문
368,https://ko.wikipedia.org/wiki/%EC%83%9D%EC%84%B1%EC%A0%81_%EC%A0%81%EB%8C%80_%EC%8B%A0%EA%B2%BD%EB%A7%9D,"생성적 적대 신경망 - 위키백과, 우리 모두의 백과사전","ence on Computer Vision (ICCV)》.arXiv:1703.10593.
↑Karras, Tero; Laine, Samuli; Aila, Timo (2019).《A Style-Based Generator Architecture for Generative Adversarial Networks》(학위논문).《Proceedings of the IEEE/CVF Conference on Computer Vision and Pattern Recognition (CVPR)》.arXiv:1812.04948.
↑“This Person Does Not Exist”.《thispersondoesnotexist.com》. 2025년 11월 17일에 확인함.
↑Ledig, Christian; Theis, Lucas; Huszár, Ferenc; Caballero, Jose; Cunningham, Andrew; Acosta, Alejandro; Aitken, Andrew; Tejani, Aly",19,"생성적 적대 신경망 - 위키백과, 우리 모두의 백과사전에서 학위논문은 어떤 역할을 하나요?","학위논문,일에 확인함"
369,https://ko.wikipedia.org/wiki/%EC%83%9D%EC%84%B1%EC%A0%81_%EC%A0%81%EB%8C%80_%EC%8B%A0%EA%B2%BD%EB%A7%9D,"생성적 적대 신경망 - 위키백과, 우리 모두의 백과사전","ew; Acosta, Alejandro; Aitken, Andrew; Tejani, Alykhan; Totz, Johannes; Wang, Zehan; Shi, Wenzhe (2017).《Photo-Realistic Single Image Super-Resolution Using a Generative Adversarial Network》(학위논문).《Proceedings of the IEEE Conference on Computer Vision and Pattern Recognition (CVPR)》.arXiv:1609.04802.
↑Frid-Adar, Maayan; Klang, Eyal; Amitai, Michal; Gozes, Ilan; Cohen, Hayit (2018).《Synthetic Data Augmentation using GAN for Improved Liver Lesion Classification》(학위논문).arXiv:1801.02385.",20,학위논문에 대해 설명해주세요.,학위논문
370,https://ko.wikipedia.org/wiki/%EC%83%9D%EC%84%B1%EC%A0%81_%EC%A0%81%EB%8C%80_%EC%8B%A0%EA%B2%BD%EB%A7%9D,"생성적 적대 신경망 - 위키백과, 우리 모두의 백과사전","er Lesion Classification》(학위논문).arXiv:1801.02385.
↑Westerlund, Mika (2019).《The Emergence of Deepfake Technology: A Review》(학위논문).《Technology Innovation Management Review》. 39–52쪽.doi:10.22215/timreview/1282.
↑“Artificial Intelligence and Copyright: Guidance for Applicants”(PDF).《U.S. Copyright Office》. 2023년 3월 16일. 7–8쪽. 2025년 11월 17일에 확인함....the Office will not register works produced by a machine or mere mechanical process that operates randomly or automatically without any creative input or",21,학위논문에 대해 설명해주세요.,"학위논문,일에 확인함"
371,https://ko.wikipedia.org/wiki/%EC%83%9D%EC%84%B1%EC%A0%81_%EC%A0%81%EB%8C%80_%EC%8B%A0%EA%B2%BD%EB%A7%9D,"생성적 적대 신경망 - 위키백과, 우리 모두의 백과사전",mly or automatically without any creative input or intervention from a human author.,22,"생성적 적대 신경망 - 위키백과, 우리 모두의 백과사전에 대해 설명해주세요.","생성적 적대 신경망 - 위키백과, 우리 모두의 백과사전"
372,https://ko.wikipedia.org/wiki/%EC%96%B4%ED%85%90%EC%85%98_(%EA%B8%B0%EA%B3%84_%ED%95%99%EC%8A%B5),"어텐션 (기계 학습) - 위키백과, 우리 모두의 백과사전","비지도 학습
온라인 기계 학습
준지도 학습
자기 지도 학습
규칙 기반 기계 학습
뉴로모픽 엔지니어링
양자 기계 학습
클러스터 분석
데이터 정제
AutoML
연관 규칙 학습
구조 기반 예측
온톨로지 학습
멀티모달 학습
결정 트리 학습법
앙상블 학습법배깅부스팅랜덤 포레스트
랜덤 포레스트
최근접 이웃 탐색
나이브 베이즈
로지스틱 회귀
상관 벡터 머신(RVM)
서포트 벡터 머신(SVM)
CURE 알고리즘
계층적 군집화
k-평균 알고리즘
퍼지 클러스터링
기댓값 최대화 알고리즘
DBSCAN
OPTICS
독립 성분 분석
선형 판별 분석
음수 미포함 행렬 분해
주성분 분석
그래프 모형베이즈 네트워크조건부 무작위장은닉 마르코프 모형
베이즈 네트워크
조건부 무작위장
은닉 마르코프 모형
잠재 디리클레 할당
무작위 표본 합의
k-최근접 이웃 알고리즘
국소 특이점 요인
고립 포레스트
순방향 신경망
순환 신경망LSTMGRU
볼츠만 머신제한된
생성적 적대 신경망
자기조직화 지도",0,"비지도 학습
온라인 기계 학습
준지도 학습
자기 지도 학습
규칙 기반 기계 학습
뉴로모픽 엔지니어링
양자 기계 학습
클러스터 분석
데이터 정제이란 무엇인가요?","비지도 학습
온라인 기계 학습
준지도 학습
자기 지도 학습
규칙 기반 기계 학습
뉴로모픽 엔지니어링
양자 기계 학습
클러스터 분석
데이터 정제,연관 규칙 학습
구조 기반 예측
온톨로지 학습
멀티모달 학습
결정 트리 학습법
앙상블 학습법배깅부스팅랜덤 포레스트
랜덤 포레스트
최근접 이웃 탐색
나이브 베이즈
로지스틱 회귀
상관 벡터 머신,서포트 벡터 머신,알고리즘
계층적 군집화,평균 알고리즘
퍼지 클러스터링
기댓값 최대화 알고리즘"
373,https://ko.wikipedia.org/wiki/%EC%96%B4%ED%85%90%EC%85%98_(%EA%B8%B0%EA%B3%84_%ED%95%99%EC%8A%B5),"어텐션 (기계 학습) - 위키백과, 우리 모두의 백과사전","향 신경망
순환 신경망LSTMGRU
볼츠만 머신제한된
생성적 적대 신경망
자기조직화 지도
합성곱 신경망U-NetLeNet알렉스넷딥드림
신경장신경 방사장물리정보 신경망
신경 방사장
물리정보 신경망
트랜스포머비전
스파이킹 신경망
멤트렌지스터
전기화학 RAM
다층 퍼셉트론
시간차 학습
액티브 러닝
크라우드소싱
휴먼인더루프
수신자 조작 특성
커널 메소드
편향-분산 트레이드오프
계산학습이론
경험적 위험 최소화
PAC 러닝
통계적 학습이론
NeurIPS
기계 학습 알고리즘 목록
기계 탈학습
유사도 학습
어텐션(attention)은 인간의주의집중을 모방하여 중요한 입력 부분을 다시 참고하는기계 학습기법이다.트랜스포머모델에 사용된다. 점곱 어텐션(dot-product attention)과 멀티헤드 어텐션(multi-head attention) 기법이 많이 사용된다.",1,"신경망
순환 신경망이란 무엇인가요?","신경망
순환 신경망,볼츠만 머신제한된
생성적 적대 신경망
자기조직화 지도
합성곱 신경망,알렉스넷딥드림
신경장신경 방사장물리정보 신경망
신경 방사장
물리정보 신경망
트랜스포머비전
스파이킹 신경망
멤트렌지스터
전기화학,다층 퍼셉트론
시간차 학습
액티브 러닝
크라우드소싱
휴먼인더루프
수신자 조작 특성
커널 메소드
편향,분산 트레이드오프
계산학습이론
경험적 위험 최소화"
374,https://ko.wikipedia.org/wiki/%EC%96%B4%ED%85%90%EC%85%98_(%EA%B8%B0%EA%B3%84_%ED%95%99%EC%8A%B5),"어텐션 (기계 학습) - 위키백과, 우리 모두의 백과사전","ion)과 멀티헤드 어텐션(multi-head attention) 기법이 많이 사용된다.
어텐션 기법이 적용된 모델은 입력 데이터의 특정 부분에 큰 가중치를 두는 방식으로 주의를 집중한다. 네트워크가 이미지나 문장의 작은 부분일지라도 데이터의 중요한 부분에 더 집중해야 한다는 동기가 부여된다. 데이터의 어느 부분이 다른 부분보다 더 중요한지 학습하는 것은 상황에 따라 다르며경사 하강법으로 학습된다.
어텐션 유사 메커니즘은 곱셈 모듈, 시그마 파이 단위, 하이퍼 네트워크와 같은 이름으로 1990년대에 도입되었다.이 메커니즘의 유연성은 런타임에 고정된 상태로 유지되어야 하는 표준 가중치와 달리 런타임 중에 변경될 수 있는 ""소프트 가중치""로서의 역할에서 비롯된다. 주의집중의 용도에는 ""내부 어텐션 스포트라이트""(""선형화된 셀프 어텐션""이 있는 변환기라고도 함)를 학습할 수 있는 빠른 가중치 컨트롤러의 메모리, 신경 튜링 기계, 차별화 가능한 신경 컴퓨터의 추론 작업, 변환기의 언어 처리",2,멀티헤드 어텐션의 주요 특징은 무엇인가요?,"멀티헤드 어텐션,기법이 많이 사용된다,어텐션 기법이 적용된 모델은 입력 데이터의 특정 부분에,가중치를 두는 방식으로 주의를 집중한다,네트워크가 이미지나 문장의 작은 부분일지라도 데이터의 중요한 부분에"
375,https://ko.wikipedia.org/wiki/%EC%96%B4%ED%85%90%EC%85%98_(%EA%B8%B0%EA%B3%84_%ED%95%99%EC%8A%B5),"어텐션 (기계 학습) - 위키백과, 우리 모두의 백과사전","의 메모리, 신경 튜링 기계, 차별화 가능한 신경 컴퓨터의 추론 작업, 변환기의 언어 처리 및LSTM이 포함된다.
↑Yann Lecun (2020).《Deep Learning course at NYU, Spring 2020, video lecture Week 6》. 53:00에 발생. 2022년 3월 8일에 확인함.
↑Schmidhuber, Jürgen(1992).“Learning to control fast-weight memories: an alternative to recurrent nets.”.《Neural Computation》4(1): 131–139.
↑Vaswani, Ashish; Shazeer, Noam; Parmar, Niki; Uszkoreit, Jakob; Jones, Llion; Gomez, Aidan N.; Kaiser, Lukasz; Polosukhin, Illia (2017년 12월 5일).“Attention Is All You Need”.arXiv:170",3,메모리이란 무엇인가요?,"메모리,신경 튜링 기계,차별화 가능한 신경 컴퓨터의 추론 작업,변환기의 언어 처리,포함된다"
376,https://ko.wikipedia.org/wiki/%EC%96%B4%ED%85%90%EC%85%98_(%EA%B8%B0%EA%B3%84_%ED%95%99%EC%8A%B5),"어텐션 (기계 학습) - 위키백과, 우리 모두의 백과사전","017년 12월 5일).“Attention Is All You Need”.arXiv:1706.03762[cs.CL].더 이상 지원되지 않는 변수를 사용함 (도움말)
↑Ramachandran, Prajit; Parmar, Niki; Vaswani, Ashish; Bello, Irwan; Levskaya, Anselm; Shlens, Jonathon (2019년 6월 13일).“Stand-Alone Self-Attention in Vision Models”.arXiv:1906.05909[cs.CV].더 이상 지원되지 않는 변수를 사용함 (도움말)
↑Jaegle, Andrew; Gimeno, Felix; Brock, Andrew; Zisserman, Andrew; Vinyals, Oriol; Carreira, Joao (2021년 6월 22일).“Perceiver: General Perception with Iterative Attention”.arXiv:2103.03206[cs.CV].",4,이상 지원되지 않는 변수를 사용함에 대해 설명해주세요.,"이상 지원되지 않는 변수를 사용함,도움말"
377,https://ko.wikipedia.org/wiki/%EC%96%B4%ED%85%90%EC%85%98_(%EA%B8%B0%EA%B3%84_%ED%95%99%EC%8A%B5),"어텐션 (기계 학습) - 위키백과, 우리 모두의 백과사전","with Iterative Attention”.arXiv:2103.03206[cs.CV].더 이상 지원되지 않는 변수를 사용함 (도움말)
↑Ray, Tiernan.“Google's Supermodel: DeepMind Perceiver is a step on the road to an AI machine that could process anything and everything”(영어).《ZDNet》. 2021년 8월 19일에 확인함.
Dan Jurafskyand James H. Martin (2022)Speech and Language Processing(3rd ed. draft, January 2022), ch. 10.4 Attention and ch. 9.7 Self-Attention Networks: Transformers
Alex Graves(4 May 2020),Attention and Memory in Deep Learning(video lecture),DeepMind",5,"어텐션 (기계 학습) - 위키백과, 우리 모두의 백과사전에서 이상 지원되지 않는 변수를 사용함은 어떤 역할을 하나요?","이상 지원되지 않는 변수를 사용함,도움말,일에 확인함"
378,https://ko.wikipedia.org/wiki/%EC%96%B4%ED%85%90%EC%85%98_(%EA%B8%B0%EA%B3%84_%ED%95%99%EC%8A%B5),"어텐션 (기계 학습) - 위키백과, 우리 모두의 백과사전","nd Memory in Deep Learning(video lecture),DeepMind/UCL, via YouTube
Rasa Algorithm Whiteboard - Attentionvia YouTube",6,"어텐션 (기계 학습) - 위키백과, 우리 모두의 백과사전에 대해 설명해주세요.","어텐션 (기계 학습) - 위키백과, 우리 모두의 백과사전"
379,https://ko.wikipedia.org/wiki/%EB%B2%A1%ED%84%B0_%EB%8D%B0%EC%9D%B4%ED%84%B0%EB%B2%A0%EC%9D%B4%EC%8A%A4,"벡터 데이터베이스 - 위키백과, 우리 모두의 백과사전","비지도 학습
온라인 기계 학습
준지도 학습
자기 지도 학습
규칙 기반 기계 학습
뉴로모픽 엔지니어링
양자 기계 학습
클러스터 분석
데이터 정제
AutoML
연관 규칙 학습
구조 기반 예측
온톨로지 학습
멀티모달 학습
결정 트리 학습법
앙상블 학습법배깅부스팅랜덤 포레스트
랜덤 포레스트
최근접 이웃 탐색
나이브 베이즈
로지스틱 회귀
상관 벡터 머신(RVM)
서포트 벡터 머신(SVM)
CURE 알고리즘
계층적 군집화
k-평균 알고리즘
퍼지 클러스터링
기댓값 최대화 알고리즘
DBSCAN
OPTICS
독립 성분 분석
선형 판별 분석
음수 미포함 행렬 분해
주성분 분석
그래프 모형베이즈 네트워크조건부 무작위장은닉 마르코프 모형
베이즈 네트워크
조건부 무작위장
은닉 마르코프 모형
잠재 디리클레 할당
무작위 표본 합의
k-최근접 이웃 알고리즘
국소 특이점 요인
고립 포레스트
순방향 신경망
순환 신경망LSTMGRU
볼츠만 머신제한된
생성적 적대 신경망
자기조직화 지도",0,"비지도 학습
온라인 기계 학습
준지도 학습
자기 지도 학습
규칙 기반 기계 학습
뉴로모픽 엔지니어링
양자 기계 학습
클러스터 분석
데이터 정제이란 무엇인가요?","비지도 학습
온라인 기계 학습
준지도 학습
자기 지도 학습
규칙 기반 기계 학습
뉴로모픽 엔지니어링
양자 기계 학습
클러스터 분석
데이터 정제,연관 규칙 학습
구조 기반 예측
온톨로지 학습
멀티모달 학습
결정 트리 학습법
앙상블 학습법배깅부스팅랜덤 포레스트
랜덤 포레스트
최근접 이웃 탐색
나이브 베이즈
로지스틱 회귀
상관 벡터 머신,서포트 벡터 머신,알고리즘
계층적 군집화,평균 알고리즘
퍼지 클러스터링
기댓값 최대화 알고리즘"
380,https://ko.wikipedia.org/wiki/%EB%B2%A1%ED%84%B0_%EB%8D%B0%EC%9D%B4%ED%84%B0%EB%B2%A0%EC%9D%B4%EC%8A%A4,"벡터 데이터베이스 - 위키백과, 우리 모두의 백과사전","향 신경망
순환 신경망LSTMGRU
볼츠만 머신제한된
생성적 적대 신경망
자기조직화 지도
합성곱 신경망U-NetLeNet알렉스넷딥드림
신경장신경 방사장물리정보 신경망
신경 방사장
물리정보 신경망
트랜스포머비전
스파이킹 신경망
멤트렌지스터
전기화학 RAM
다층 퍼셉트론
시간차 학습
액티브 러닝
크라우드소싱
휴먼인더루프
수신자 조작 특성
커널 메소드
편향-분산 트레이드오프
계산학습이론
경험적 위험 최소화
PAC 러닝
통계적 학습이론
NeurIPS
기계 학습 알고리즘 목록
기계 탈학습
유사도 학습
벡터 데이터베이스(vector database),벡터 스토어(vector store),벡터 검색 엔진(vector search engine)은벡터 공간 모델을 사용하여 벡터(고정 길이 숫자 목록)와 기타 데이터 항목을 저장하는데이터베이스이다. 벡터 데이터베이스는 일반적으로 하나 이상의근사 최근접 이웃알고리즘을 구현하므로,쿼리 벡터로 데이터베이스를 검색하여 가장 일치하는 데이터베이스 레코드를 검색",1,"신경망
순환 신경망이란 무엇인가요?","신경망
순환 신경망,볼츠만 머신제한된
생성적 적대 신경망
자기조직화 지도
합성곱 신경망,알렉스넷딥드림
신경장신경 방사장물리정보 신경망
신경 방사장
물리정보 신경망
트랜스포머비전
스파이킹 신경망
멤트렌지스터
전기화학,다층 퍼셉트론
시간차 학습
액티브 러닝
크라우드소싱
휴먼인더루프
수신자 조작 특성
커널 메소드
편향,분산 트레이드오프
계산학습이론
경험적 위험 최소화"
381,https://ko.wikipedia.org/wiki/%EB%B2%A1%ED%84%B0_%EB%8D%B0%EC%9D%B4%ED%84%B0%EB%B2%A0%EC%9D%B4%EC%8A%A4,"벡터 데이터베이스 - 위키백과, 우리 모두의 백과사전","을 구현하므로,쿼리 벡터로 데이터베이스를 검색하여 가장 일치하는 데이터베이스 레코드를 검색할 수 있다.
벡터는 고차원 공간에서 데이터의 수학적 표현이다. 이 공간에서 각 차원은 데이터의특징에 해당하며, 표현되는 데이터의 복잡성에 따라 차원의 수는 수백에서 수만 개에 이른다. 이 공간에서 벡터의 위치는 그 특성을 나타낸다. 단어, 구문 또는 전체 문서뿐만 아니라 이미지, 오디오 및 기타 유형의 데이터를 모두 벡터화할 수 있다.
이러한 특징 벡터는 특징 추출 알고리즘,단어 임베딩또는딥 러닝네트워크와 같은기계 학습방법을 사용하여 원시 데이터에서 계산할 수 있다. 목표는 의미론적으로 유사한 데이터 항목이 서로 가까운 특징 벡터를 얻는 것이다.
벡터 데이터베이스는유사도 검색,의미론적 검색,멀티모달 검색,추천 시스템,거대 언어 모델(LLM),객체 탐지등에 사용될 수 있다.",2,구현하므로에 대해 설명해주세요.,"구현하므로,쿼리 벡터로 데이터베이스를 검색하여 가장 일치하는 데이터베이스 레코드를 검색할,벡터는 고차원 공간에서 데이터의 수학적 표현이다,공간에서,차원은 데이터의특징에 해당하며"
382,https://ko.wikipedia.org/wiki/%EB%B2%A1%ED%84%B0_%EB%8D%B0%EC%9D%B4%ED%84%B0%EB%B2%A0%EC%9D%B4%EC%8A%A4,"벡터 데이터베이스 - 위키백과, 우리 모두의 백과사전","검색,멀티모달 검색,추천 시스템,거대 언어 모델(LLM),객체 탐지등에 사용될 수 있다.
벡터 데이터베이스는 또한 거대 언어 모델의 도메인별 응답을 개선하는 방법인검색증강생성(RAG)을 구현하는 데 자주 사용된다. RAG의 검색 구성 요소는 모든 검색 시스템일 수 있지만, 대부분 벡터 데이터베이스로 구현된다. 관심 도메인을 설명하는 텍스트 문서가 수집되고, 각 문서 또는 문서 섹션에 대해 특징 벡터(일반적으로 ""임베딩""으로 알려져 있음)가 일반적으로 딥 러닝 네트워크를 사용하여 계산되어 벡터 데이터베이스에 저장된다. 사용자 프롬프트가 주어지면 프롬프트의 특징 벡터가 계산되고, 데이터베이스는 가장 관련성 높은 문서를 검색하기 위해 쿼리된다. 이러한 문서들은 자동으로 거대 언어 모델의 컨텍스트 창에 추가되며, 거대 언어 모델은 이 컨텍스트를 기반으로 프롬프트에 대한 응답을 생성한다.
고차원 벡터에 대한 유사성 검색의 가장 중요한 기술은 다음과 같다:",3,일반적으로에 대해 설명해주세요.,"일반적으로,멀티모달 검색,추천 시스템,거대 언어 모델,객체 탐지등에 사용될"
383,https://ko.wikipedia.org/wiki/%EB%B2%A1%ED%84%B0_%EB%8D%B0%EC%9D%B4%ED%84%B0%EB%B2%A0%EC%9D%B4%EC%8A%A4,"벡터 데이터베이스 - 위키백과, 우리 모두의 백과사전","한 응답을 생성한다.
고차원 벡터에 대한 유사성 검색의 가장 중요한 기술은 다음과 같다:
계층적 항해 가능한 스몰 월드(HNSW) 그래프
국소성 민감 해싱(LSH)및 스케칭
제품 양자화(PQ)
그리고 이러한 기술들의 조합.
최근 벤치마크에서 HNSW 기반 구현이 최고의 성능을 보였다.국제 유사성 검색 및 응용 회의(SISAP)와신경 정보 처리 시스템 학회(NeurIPS)같은 회의에서는 대규모 데이터베이스의 벡터 검색 경쟁을 주최한다.
차원의 저주
최근접 이웃 탐색
추천 시스템
↑Roie Schwaber-Cohen.“What is a Vector Database & How Does it Work”. Pinecone. 2023년 11월 18일에 확인함.
↑“What is a vector database”.Elastic. 2023년 11월 18일에 확인함.
↑“What is a Vector Database?”. 2023년 7월 10일에 확인함.",4,일에 확인함에 대해 설명해주세요.,"일에 확인함,응답을 생성한다,고차원 벡터에 대한 유사성 검색의 가장 중요한 기술은 다음과 같다,계층적 항해 가능한 스몰 월드,그래프
국소성 민감 해싱"
384,https://ko.wikipedia.org/wiki/%EB%B2%A1%ED%84%B0_%EB%8D%B0%EC%9D%B4%ED%84%B0%EB%B2%A0%EC%9D%B4%EC%8A%A4,"벡터 데이터베이스 - 위키백과, 우리 모두의 백과사전","↑“What is a Vector Database?”. 2023년 7월 10일에 확인함.
↑“Vector database”.《learn.microsoft.com》. 2023년 12월 26일. 2024년 1월 11일에 확인함.
↑Evan Chaki (2023년 7월 31일).“What is a vector database?”. Microsoft.A vector database is a type of database that stores data as high-dimensional vectors, which are mathematical representations of features or attributes.
↑“Vector database”.《learn.microsoft.com》. 2023년 12월 26일. 2024년 1월 11일에 확인함.",5,일에 확인함이란 무엇인가요?,일에 확인함
385,https://ko.wikipedia.org/wiki/%EB%B2%A1%ED%84%B0_%EB%8D%B0%EC%9D%B4%ED%84%B0%EB%B2%A0%EC%9D%B4%EC%8A%A4,"벡터 데이터베이스 - 위키백과, 우리 모두의 백과사전","microsoft.com》. 2023년 12월 26일. 2024년 1월 11일에 확인함.
↑Lewis, Patrick; Perez, Ethan; Piktus, Aleksandra; Petroni, Fabio; Karpukhin, Vladimir; Goyal, Naman; Küttler, Heinrich (2020).《Retrieval-augmented generation for knowledge-intensive NLP tasks》.《Advances in Neural Information Processing Systems 33》. 9459–9474쪽.arXiv:2005.11401.
↑Aumüller, Martin; Bernhardsson, Erik; Faithfull, Alexander (2017), Beecks, Christian; Borutta, Felix; Kröger, Peer; Seidl, Thomas (편집),“ANN-Benchmarks: A Benchmarking Too",6,일에 확인함의 주요 특징은 무엇인가요?,일에 확인함
386,https://ko.wikipedia.org/wiki/%EB%B2%A1%ED%84%B0_%EB%8D%B0%EC%9D%B4%ED%84%B0%EB%B2%A0%EC%9D%B4%EC%8A%A4,"벡터 데이터베이스 - 위키백과, 우리 모두의 백과사전","l, Thomas (편집),“ANN-Benchmarks: A Benchmarking Tool for Approximate Nearest Neighbor Algorithms”,《Similarity Search and Applications》(Cham: Springer International Publishing), 10609, 34–49쪽,arXiv:1807.05614,doi:10.1007/978-3-319-68474-1_3,ISBN978-3-319-68473-4, 2024년 3월 19일에 확인함
↑Aumüller, Martin; Bernhardsson, Erik; Faithfull, Alexander (2017).〈ANN-Benchmarks: A Benchmarking Tool for Approximate Nearest Neighbor Algorithms〉(영어).",7,일에 확인함이란 무엇인가요?,일에 확인함
387,https://ko.wikipedia.org/wiki/%EB%B2%A1%ED%84%B0_%EB%8D%B0%EC%9D%B4%ED%84%B0%EB%B2%A0%EC%9D%B4%EC%8A%A4,"벡터 데이터베이스 - 위키백과, 우리 모두의 백과사전","for Approximate Nearest Neighbor Algorithms〉(영어). Beecks, Christian; Borutta, Felix; Kröger, Peer; Seidl, Thomas (편집).《Similarity Search and Applications》. Lecture Notes in Computer Science. 10609. Cham: Springer International Publishing. 34–49쪽.arXiv:1807.05614.doi:10.1007/978-3-319-68474-1_3.ISBN978-3-319-68474-1.
↑“Aerospike Recognized by Independent Research Firm Among Notable Vendors in Vector Databases Report”(미국 영어).《Morningstar》. 2024년 5월 7일. 2024년 8월 1일에 확인함.",8,"벡터 데이터베이스 - 위키백과, 우리 모두의 백과사전에서 미국 영어은 어떤 역할을 하나요?","미국 영어,일에 확인함"
388,https://ko.wikipedia.org/wiki/%EB%B2%A1%ED%84%B0_%EB%8D%B0%EC%9D%B4%ED%84%B0%EB%B2%A0%EC%9D%B4%EC%8A%A4,"벡터 데이터베이스 - 위키백과, 우리 모두의 백과사전","영어).《Morningstar》. 2024년 5월 7일. 2024년 8월 1일에 확인함.
↑“Aerospike raises $109M for its real-time database platform to capitalize on the AI boom”(미국 영어).《TechCrunch》. 2024년 4월 4일. 2024년 8월 1일에 확인함.
↑“AllegroGraph 8.0 Incorporates Neuro-Symbolic AI, a Pathway to AGI”(미국 영어).《TheNewStack》. 2023년 12월 29일. 2024년 6월 6일에 확인함.
↑“Franz Inc. Introduces AllegroGraph Cloud: A Managed Service for Neuro-Symbolic AI Knowledge Graphs”(미국 영어).《Datanami》. 2024년 1월 18일. 2024년 6월 6일에 확인함.",9,"벡터 데이터베이스 - 위키백과, 우리 모두의 백과사전에서 일에 확인함은 어떤 역할을 하나요?","일에 확인함,미국 영어"
389,https://ko.wikipedia.org/wiki/%EB%B2%A1%ED%84%B0_%EB%8D%B0%EC%9D%B4%ED%84%B0%EB%B2%A0%EC%9D%B4%EC%8A%A4,"벡터 데이터베이스 - 위키백과, 우리 모두의 백과사전","국 영어).《Datanami》. 2024년 1월 18일. 2024년 6월 6일에 확인함.
↑“5 Hard Problems in Vector Search, and How Cassandra Solves Them”(미국 영어).《TheNewStack》. 2023년 9월 22일. 2023년 9월 22일에 확인함.
↑“Vector Search quickstart”. 2023년 11월 21일에 확인함.
↑Palazzolo, Stephanie.“Vector database Chroma scored $18 million in seed funding at a $75 million valuation. Here's why its technology is key to helping generative AI startups.”(미국 영어).《Business Insider》. 2023년 11월 16일에 확인함.",10,일에 확인함의 주요 특징은 무엇인가요?,"일에 확인함,미국 영어"
390,https://ko.wikipedia.org/wiki/%EB%B2%A1%ED%84%B0_%EB%8D%B0%EC%9D%B4%ED%84%B0%EB%B2%A0%EC%9D%B4%EC%8A%A4,"벡터 데이터베이스 - 위키백과, 우리 모두의 백과사전",".”(미국 영어).《Business Insider》. 2023년 11월 16일에 확인함.
↑MSV, Janakiram (2023년 7월 28일).“Exploring Chroma: The Open Source Vector Database for LLMs”(미국 영어).《The New Stack》. 2023년 11월 16일에 확인함.
↑“chroma/LICENSE at main · chroma-core/chroma”(영어).《GitHub》.
↑“Vector database”.《learn.microsoft.com》. 2023년 12월 26일. 2024년 1월 10일에 확인함.
↑“Couchbase aims to boost developer database productivity with Capella IQ AI tool”(미국 영어).《VentureBeat》. 2023년 8월 30일.",11,미국 영어이란 무엇인가요?,"미국 영어,일에 확인함"
391,https://ko.wikipedia.org/wiki/%EB%B2%A1%ED%84%B0_%EB%8D%B0%EC%9D%B4%ED%84%B0%EB%B2%A0%EC%9D%B4%EC%8A%A4,"벡터 데이터베이스 - 위키백과, 우리 모두의 백과사전","a IQ AI tool”(미국 영어).《VentureBeat》. 2023년 8월 30일.
↑“Investor Presentation Third Quarter Fiscal 2024”(미국 영어).《Couchbase Investor Relations》. 2023년 12월 6일.
↑Anderson, Scott (2021년 3월 26일).“Couchbase Adopts BSL License”(미국 영어).《The Couchbase Blog》. 2024년 2월 14일에 확인함.
↑“Open Source Vector Database”.《CrateDB Blog》. 2023년 11월 16일. 2024년 11월 6일에 확인함.
↑Sean Michael Kerner (2023년 7월 18일).“DataStax brings vector database search to multicloud with Astra DB”. Venture Beat.",12,미국 영어에 대해 설명해주세요.,"미국 영어,일에 확인함"
392,https://ko.wikipedia.org/wiki/%EB%B2%A1%ED%84%B0_%EB%8D%B0%EC%9D%B4%ED%84%B0%EB%B2%A0%EC%9D%B4%EC%8A%A4,"벡터 데이터베이스 - 위키백과, 우리 모두의 백과사전","earch to multicloud with Astra DB”. Venture Beat.
↑Kerner, Sean (2023년 5월 23일).“Elasticsearch Relevance Engine brings new vectors to generative AI”.《벤추어비트》. 2023년 11월 18일에 확인함.
↑“elasticsearch/LICENSE.txt at main · elastic/elasticsearch”(영어).《GitHub》.
↑“HAKES | Efficient Data Search with Embedding Vectors at Scale”(영어). 2025년 3월 8일에 확인함.
↑“HAKES/LICENSE at main · nusdbsystem/HAKES”(영어).《GitHub》. 2025년 3월 8일에 확인함.
↑“HDF5 Query Indexing”.《GitHub》. 2019년 9월 27일. 2024년 5월 3일에 확인함.",13,일에 확인함에 대해 설명해주세요.,"일에 확인함,벤추어비트"
393,https://ko.wikipedia.org/wiki/%EB%B2%A1%ED%84%B0_%EB%8D%B0%EC%9D%B4%ED%84%B0%EB%B2%A0%EC%9D%B4%EC%8A%A4,"벡터 데이터베이스 - 위키백과, 우리 모두의 백과사전","dexing”.《GitHub》. 2019년 9월 27일. 2024년 5월 3일에 확인함.
↑“HDFGroup/COPYING at master · HDFGroup/hdf5”(영어).《GitHub》. 2023년 10월 29일에 확인함.
↑“JaguarDB Homepage”(미국 영어).《JaguarDB》. 2025년 4월 12일에 확인함.
↑“Vector DBMS”(미국 영어).《db-engines.com》. 2023년 7월 3일. 2025년 4월 12일에 확인함.
↑“LanceDB Homepage”(미국 영어).《LanceDB》. 2024년 12월 17일. 2024년 12월 17일에 확인함.
↑“lancedb/LICENSE at main · lancedb/lancedb”(영어).《GitHub》. 2024년 12월 17일에 확인함.
↑“Lantern”(미국 영어). 2024년 4월 5일. 2024년 4월 5일에 확인함.",14,일에 확인함에 대해 설명해주세요.,"일에 확인함,미국 영어"
394,https://ko.wikipedia.org/wiki/%EB%B2%A1%ED%84%B0_%EB%8D%B0%EC%9D%B4%ED%84%B0%EB%B2%A0%EC%9D%B4%EC%8A%A4,"벡터 데이터베이스 - 위키백과, 우리 모두의 백과사전","↑“Lantern”(미국 영어). 2024년 4월 5일. 2024년 4월 5일에 확인함.
↑“lantern/LICENSE at main /lanterndata/lantern”(영어).《GitHub》. 2024년 4월 10일에 확인함.
↑Wiggers, Kyle (2023년 6월 6일).“LlamaIndex adds private data to large language models”(미국 영어).《TechCrunch》. 2023년 10월 29일에 확인함.
↑“llama_index/LICENSE at main · run-llama/llama_index”(영어).《GitHub》. 2023년 10월 29일에 확인함.
↑“MariaDB Vector”(미국 영어).《MariaDB.org》. 2024년 7월 30일에 확인함.
↑“Vector search in old and modern databases”(미국 영어).《manticoresearch.com》. 2024년 7월 30일에 확인함.",15,일에 확인함에 대해 설명해주세요.,"일에 확인함,미국 영어"
395,https://ko.wikipedia.org/wiki/%EB%B2%A1%ED%84%B0_%EB%8D%B0%EC%9D%B4%ED%84%B0%EB%B2%A0%EC%9D%B4%EC%8A%A4,"벡터 데이터베이스 - 위키백과, 우리 모두의 백과사전","(미국 영어).《manticoresearch.com》. 2024년 7월 30일에 확인함.
↑“Licensing FAQ”.《MariaDB KnowledgeBase》. 2024년 7월 30일에 확인함.
↑Sawers, Paul (2023년 8월 16일).“Meet Marqo, an open source vector search engine for AI applications”(미국 영어).《TechCrunch》. 2024년 8월 20일에 확인함.
↑《marqo-ai/marqo》, Marqo, 2024년 8월 20일, 2024년 8월 20일에 확인함
↑“Meilisearch Homepage”(미국 영어).《Meilisearch》. 2024년 10월 8일. 2023년 10월 29일에 확인함.
↑“meilisearch/LICENSE at main · meilisearch/meilisearch”(영어).《GitHub》. 2024년 10월 8일에 확인함.",16,"벡터 데이터베이스 - 위키백과, 우리 모두의 백과사전에서 일에 확인함은 어떤 역할을 하나요?","일에 확인함,미국 영어"
396,https://ko.wikipedia.org/wiki/%EB%B2%A1%ED%84%B0_%EB%8D%B0%EC%9D%B4%ED%84%B0%EB%B2%A0%EC%9D%B4%EC%8A%A4,"벡터 데이터베이스 - 위키백과, 우리 모두의 백과사전","rch/meilisearch”(영어).《GitHub》. 2024년 10월 8일에 확인함.
↑“Open Source Vector Database – Milvus – LFAI & DATA”. 2023년 10월 29일에 확인함.
↑Liao, Ingrid Lunden and Rita (2022년 8월 24일).“Zilliz raises $60M, relocates to SF”(미국 영어).《TechCrunch》. 2023년 10월 29일에 확인함.
↑“Introducing Atlas Vector Search: Build Intelligent Applications with Semantic Search and AI Over Any Type of Data”(미국 영어).《MongoDB》. 2023년 6월 22일.
↑“Neo4j enhances its graph database with vector search”(오스트레일리아 영어).《itbrief》. 2023년 8월 22일.",17,일에 확인함이란 무엇인가요?,"일에 확인함,미국 영어,오스트레일리아 영어"
397,https://ko.wikipedia.org/wiki/%EB%B2%A1%ED%84%B0_%EB%8D%B0%EC%9D%B4%ED%84%B0%EB%B2%A0%EC%9D%B4%EC%8A%A4,"벡터 데이터베이스 - 위키백과, 우리 모두의 백과사전","ctor search”(오스트레일리아 영어).《itbrief》. 2023년 8월 22일.
↑“Vector search indexes”(미국 영어).《neo4j》.
↑“Neo4j licensing”.
↑“Top Fifteen Vector Databases”(미국 영어).《db-engines.com》. 2024년 7월 3일. 2024년 7월 3일에 확인함.
↑“ObjectBox Java license”.《github》.
↑“Using OpenSearch as a Vector Database”(미국 영어).《OpenSearch.org》. 2023년 8월 2일. 2024년 2월 7일에 확인함.
↑Pan, James Jie; Wang, Jianguo; Li, Guoliang (2023년 10월 21일),《Survey of Vector Database Management Systems》,arXiv:2310.14021",18,미국 영어의 주요 특징은 무엇인가요?,"미국 영어,일에 확인함,오스트레일리아 영어"
398,https://ko.wikipedia.org/wiki/%EB%B2%A1%ED%84%B0_%EB%8D%B0%EC%9D%B4%ED%84%B0%EB%B2%A0%EC%9D%B4%EC%8A%A4,"벡터 데이터베이스 - 위키백과, 우리 모두의 백과사전","tor Database Management Systems》,arXiv:2310.14021
↑“AWS debuts new AI-powered data management and analysis tools”(미국 영어).《SiliconANGLE》. 2023년 7월 26일. 2024년 2월 7일에 확인함.
↑“OpenSearch license”.《github》.
↑Hook(1) and Priyadarshi(2), Doug(1) and Ranjan(2) (2024년 5월 2일).“Oracle Announces General Availability of AI Vector Search in Oracle Database 23ai”.《oracle》. 2024년 7월 9일에 확인함.
↑“Pinecone leads 'explosion' in vector databases for generative AI”(미국 영어).《VentureBeat》. 2023년 7월 14일.",19,미국 영어의 주요 특징은 무엇인가요?,"미국 영어,일에 확인함"
399,https://ko.wikipedia.org/wiki/%EB%B2%A1%ED%84%B0_%EB%8D%B0%EC%9D%B4%ED%84%B0%EB%B2%A0%EC%9D%B4%EC%8A%A4,"벡터 데이터베이스 - 위키백과, 우리 모두의 백과사전","enerative AI”(미국 영어).《VentureBeat》. 2023년 7월 14일. 2023년 10월 29일에 확인함.
↑“pgvector”(미국 영어).《GitHub》. 2023년 11월 27일에 확인함.
↑“pgvector/License”(미국 영어).《GitHub》. 2023년 11월 27일에 확인함.
↑Sawers, Paul (2023년 4월 19일).“Qdrant, an open-source vector database startup, wants to help AI developers leverage unstructured data”(미국 영어).《TechCrunch》. 2023년 10월 29일에 확인함.
↑“qdrant/LICENSE at master · qdrant/qdrant”(영어).《GitHub》. 2023년 10월 29일에 확인함.",20,일에 확인함에 대해 설명해주세요.,"일에 확인함,미국 영어"
400,https://ko.wikipedia.org/wiki/%EB%B2%A1%ED%84%B0_%EB%8D%B0%EC%9D%B4%ED%84%B0%EB%B2%A0%EC%9D%B4%EC%8A%A4,"벡터 데이터베이스 - 위키백과, 우리 모두의 백과사전","qdrant/qdrant”(영어).《GitHub》. 2023년 10월 29일에 확인함.
↑“Using Redis as a Vector Database with OpenAI | OpenAI Cookbook”(영어).《cookbook.openai.com》. 2024년 2월 10일에 확인함.
↑“Redis as a vector database quick start guide”(영어).《Redis》. 2024년 1월 31일에 확인함.
↑“Search and query”(영어).《Redis》. 2024년 2월 10일에 확인함.
↑“Vector data type and vector similarity functions — General Availability”(미국 영어).《Snowflake》. 2024년 5월 17일. 2024년 5월 17일에 확인함.",21,일에 확인함의 주요 특징은 무엇인가요?,"일에 확인함,미국 영어"
401,https://ko.wikipedia.org/wiki/%EB%B2%A1%ED%84%B0_%EB%8D%B0%EC%9D%B4%ED%84%B0%EB%B2%A0%EC%9D%B4%EC%8A%A4,"벡터 데이터베이스 - 위키백과, 우리 모두의 백과사전","영어).《Snowflake》. 2024년 5월 17일. 2024년 5월 17일에 확인함.
↑Wiggers, Kyle (2023년 1월 4일).“SurrealDB raises $6M for its database-as-a-service offering”(미국 영어).《TechCrunch》. 2024년 1월 19일에 확인함.
↑“SurrealDB | License FAQs | The ultimate multi-model database”(영어).《SurrealDB》. 2024년 2월 14일에 확인함.
↑Martinez, Miguel (2024년 6월 20일).“Typesense Homepage”(미국 영어).《Typesense》. 2024년 6월 20일에 확인함.
↑“Typesense licensing”.《GitHub》.
↑Riley, Duncan (2023년 10월 4일).“Yahoo spins off AI scaling engine Vespa as an independent comp",22,일에 확인함에 대해 설명해주세요.,"일에 확인함,미국 영어"
402,https://ko.wikipedia.org/wiki/%EB%B2%A1%ED%84%B0_%EB%8D%B0%EC%9D%B4%ED%84%B0%EB%B2%A0%EC%9D%B4%EC%8A%A4,"벡터 데이터베이스 - 위키백과, 우리 모두의 백과사전","off AI scaling engine Vespa as an independent company”.《siliconANGLE》. 2023년 11월 18일에 확인함.
↑“vespa/LICENSE at master · vespa-engine/vespa”(영어).《GitHub》.
↑“Weaviate reels in $50M for its AI-optimized vector database”(미국 영어).《SiliconANGLE》. 2023년 4월 21일. 2023년 10월 29일에 확인함.
↑“weaviate/LICENSE at master · weaviate/weaviate”(영어).《GitHub》. 2023년 10월 29일에 확인함.
Sawers, Paul (2024년 4월 20일).“Why vector databases are having a moment as the AI hype cycle peaks”.《TechCrunch》. 2024년 4월 23일에 확인함.",23,일에 확인함의 주요 특징은 무엇인가요?,"일에 확인함,미국 영어"
403,https://ko.wikipedia.org/wiki/%EB%B2%A1%ED%84%B0_%EB%8D%B0%EC%9D%B4%ED%84%B0%EB%B2%A0%EC%9D%B4%EC%8A%A4,"벡터 데이터베이스 - 위키백과, 우리 모두의 백과사전",aks”.《TechCrunch》. 2024년 4월 23일에 확인함.,24,"벡터 데이터베이스 - 위키백과, 우리 모두의 백과사전에서 일에 확인함은 어떤 역할을 하나요?",일에 확인함
404,https://ko.wikipedia.org/wiki/%EC%9E%84%EB%B2%A0%EB%94%A9,"임베딩 - 위키백과, 우리 모두의 백과사전","임베딩(embedding)은 아래 항목을 함의한다.
임베디드 시스템: 기계나 기타 제어가 필요한 시스템에 대해, 제어를 위한 특정 기능을 수행하는 컴퓨터 시스템
워드 임베딩: 자연어 처리에서 단어를 표현하는 것
제목에 ""임베딩"" 항목을 포함한 모든 문서",0,"임베딩 - 위키백과, 우리 모두의 백과사전에서 임베딩은 어떤 역할을 하나요?","임베딩,아래 항목을 함의한다,임베디드 시스템,기계나 기타 제어가 필요한 시스템에 대해,제어를 위한 특정 기능을 수행하는 컴퓨터 시스템
워드 임베딩"
