content_id,source_url,title,section,context,chunk_index,question,reference_answer,question_type
1,https://ko.wikipedia.org/wiki/%EC%9D%B8%EA%B3%B5%EC%A7%80%EB%8A%A5,"인공지능 - 위키백과, 우리 모두의 백과사전",개요,"인공지능(人工智能,영어:artificial intelligence,AI)은인간의 학습능력,추론능력, 지각능력을 인공적으로 구현하려는컴퓨터 과학의 세부분야 중 하나이다. 정보공학 분야에 있어 하나의인프라기술이기도 하다.인간을 포함한 동물이 갖고 있는 지능 즉, 자연 지능(natural intelligence)과는 다른 개념이다.
인간의 지능을 모방한 기능을 갖춘컴퓨터 시스템이며, 인간의 지능을 기계 등에 인공적으로 시연(구현)한 것이다. 일반적으로 범용 컴퓨터에 적용한다고 가정한다. 이 용어는 또한 그와 같은 지능을 만들 수 있는 방법론이나 실현 가능성 등을 연구하는 과학 기술 분야를 지칭하기도 한다.",0-0,인공지능이란 무엇인가요?,"인공지능(人工智能,영어:artificial intelligence,AI)은인간의 학습능력,추론능력, 지각능력을 인공적으로 구현하려는컴퓨터 과학의 세부분야 중 하나이다. 정보공학 분야에 있어 하나의인프라기술이기도 하다.인간을 포함한 동물이 갖고 있는 지능 즉, 자연 지능(natural intelligence)과는 다른 개념이다.
인간의 지능을 모방한 기능을 갖춘컴퓨터 시스템이며, 인간의 지능을 기계 등에 인공적으로 시연(구현)한 것이다. 일반적으로 범용 컴퓨터에 적용한다고 가정한다. 이 용어는 또한 그와 같은 지능을 만들 수 있는 방법론이나 실현 가능성 등을 연구하는 과학 기술 분야를 지칭하기도 한다.",summarization
2,https://ko.wikipedia.org/wiki/%EC%9D%B8%EA%B3%B5%EC%A7%80%EB%8A%A5,"인공지능 - 위키백과, 우리 모두의 백과사전",개요,"인공지능(人工智能,영어:artificial intelligence,AI)은인간의 학습능력,추론능력, 지각능력을 인공적으로 구현하려는컴퓨터 과학의 세부분야 중 하나이다. 정보공학 분야에 있어 하나의인프라기술이기도 하다.인간을 포함한 동물이 갖고 있는 지능 즉, 자연 지능(natural intelligence)과는 다른 개념이다.
인간의 지능을 모방한 기능을 갖춘컴퓨터 시스템이며, 인간의 지능을 기계 등에 인공적으로 시연(구현)한 것이다. 일반적으로 범용 컴퓨터에 적용한다고 가정한다. 이 용어는 또한 그와 같은 지능을 만들 수 있는 방법론이나 실현 가능성 등을 연구하는 과학 기술 분야를 지칭하기도 한다.",0-0,자연 지능(natural intelligence)의 정의를 설명해주세요.,"인간을 포함한 동물이 갖고 있는 지능 즉, 자연 지능(natural intelligence)과는 다른 개념이다.",definition
3,https://ko.wikipedia.org/wiki/%EC%9D%B8%EA%B3%B5%EC%A7%80%EB%8A%A5,"인공지능 - 위키백과, 우리 모두의 백과사전",강인공지능과 약인공지능,"초기 인공지능 연구에 대한 대표적인 정의는 다트머스 회의에서 존 매카시가 제안한 것으로 ""기계를 인간 행동의 지식에서와 같이 행동하게 만드는 것""이다. 그러나 이 정의는범용인공지능(AGI, 강한 인공지능)에 대한 고려를 하지 못한 것 같다. 인공지능의 또다른 정의는 인공적인 장치들이 가지는 지능이다. 거의 대부분 정의들이 인간처럼 사고하는 시스템, 인간처럼 행동하는 시스템, 이성적으로 사고하는 시스템 그리고 이성적으로 행동하는 시스템이라는 4개의 분류로 분류된다.인공지능의 작동 방식이 의사 결정과 문제 해결, 학습에 있어 사람의 생각이나 행동과 유사할수록 강한 인공지능으로 분류되고, 논리에 의해 만들어지는 합리적인 생각이나 행동에 가까울수록 약한 인공지능으로 분류된다.
약인공지능(weak AI)은 사진에서 물체를 찾거나 소리를 듣고 상황을 파악하는 것과 같이 기존에 인간은 쉽게 해결할 수 있으나 컴퓨터로 처리하기에는 어려웠던 각종 문제를 컴퓨터로 수행하게 만드는데 중점을 두고 있다. 한참 막연한 인간 지능을 목표로 하기보다는 더 현실적으로 실용적인 목표를 가지고 개발되고 있는 인공지능이라고 할 수 있으며, 일반적인 지능을 가진 무언가라기보다는 특정한 문제를 해결하는 도구로써 활용된다.",1-0,인공지능에서 '강인공지능과 약인공지능'은(는) 무엇을 다루나요?,"초기 인공지능 연구에 대한 대표적인 정의는 다트머스 회의에서 존 매카시가 제안한 것으로 ""기계를 인간 행동의 지식에서와 같이 행동하게 만드는 것""이다. 그러나 이 정의는범용인공지능(AGI, 강한 인공지능)에 대한 고려를 하지 못한 것 같다. 인공지능의 또다른 정의는 인공적인 장치들이 가지는 지능이다. 거의 대부분 정의들이 인간처럼 사고하는 시스템, 인간처럼 행동하는 시스템, 이성적으로 사고하는 시스템 그리고 이성적으로 행동하는 시스템이라는 4개의 분류로 분류된다.인공지능의 작동 방식이 의사 결정과 문제 해결, 학습에 있어 사람의 생각이나 행동과 유사할수록 강한 인공지능으로 분류되고, 논리에 의해 만들어지는 합리적인 생각이나 행동에 가까울수록 약한 인공지능으로 분류된다.
약인공지능(weak AI)은 사진에서 물체를 찾거나 소리를 듣고 상황을 파악하는 것과 같이 기존에 인간은 쉽게 해결할 수 있으나 컴퓨터로 처리하기에는 어려웠던 각종 문제를 컴퓨터로 수행하게 만드는데 중점을 두고 있다.",summarization
4,https://ko.wikipedia.org/wiki/%EC%9D%B8%EA%B3%B5%EC%A7%80%EB%8A%A5,"인공지능 - 위키백과, 우리 모두의 백과사전",강인공지능 (AGI),"강인공지능(strong AI) 또는인공 일반 지능(artificial general intelligence, AGI)은 인간처럼 실제로 사고하여 문제를 해결할 수 있는 ""일반 지능""을 인공적으로 구현하려는 시도이다. 오늘날 이 분야의 연구는 주로 미리 정의된 규칙의 모음을 이용해서 지능을 흉내내는 컴퓨터 프로그램을 개발하는 것에 맞추어져 있다. 강한 인공지능 분야의 발전은 여전히 미약하지만, 인간과 같은 지능이라는 목표를 어떻게 정의하는지에 따라 어느 정도 발전이 이루어지고 있다고도 볼 수 있다.",2-0,인공지능에서 '강인공지능 (AGI)'은(는) 무엇을 다루나요?,"강인공지능(strong AI) 또는인공 일반 지능(artificial general intelligence, AGI)은 인간처럼 실제로 사고하여 문제를 해결할 수 있는 ""일반 지능""을 인공적으로 구현하려는 시도이다. 오늘날 이 분야의 연구는 주로 미리 정의된 규칙의 모음을 이용해서 지능을 흉내내는 컴퓨터 프로그램을 개발하는 것에 맞추어져 있다. 강한 인공지능 분야의 발전은 여전히 미약하지만, 인간과 같은 지능이라는 목표를 어떻게 정의하는지에 따라 어느 정도 발전이 이루어지고 있다고도 볼 수 있다.",summarization
5,https://ko.wikipedia.org/wiki/%EC%9D%B8%EA%B3%B5%EC%A7%80%EB%8A%A5,"인공지능 - 위키백과, 우리 모두의 백과사전",강인공지능 (AGI),"강인공지능(strong AI) 또는인공 일반 지능(artificial general intelligence, AGI)은 인간처럼 실제로 사고하여 문제를 해결할 수 있는 ""일반 지능""을 인공적으로 구현하려는 시도이다. 오늘날 이 분야의 연구는 주로 미리 정의된 규칙의 모음을 이용해서 지능을 흉내내는 컴퓨터 프로그램을 개발하는 것에 맞추어져 있다. 강한 인공지능 분야의 발전은 여전히 미약하지만, 인간과 같은 지능이라는 목표를 어떻게 정의하는지에 따라 어느 정도 발전이 이루어지고 있다고도 볼 수 있다.",2-0,강인공지능(strong AI)의 정의를 설명해주세요.,"강인공지능(strong AI) 또는인공 일반 지능(artificial general intelligence, AGI)은 인간처럼 실제로 사고하여 문제를 해결할 수 있는 ""일반 지능""을 인공적으로 구현하려는 시도이다.",definition
6,https://ko.wikipedia.org/wiki/%EC%9D%B8%EA%B3%B5%EC%A7%80%EB%8A%A5,"인공지능 - 위키백과, 우리 모두의 백과사전",강인공지능 (AGI),"강인공지능(strong AI) 또는인공 일반 지능(artificial general intelligence, AGI)은 인간처럼 실제로 사고하여 문제를 해결할 수 있는 ""일반 지능""을 인공적으로 구현하려는 시도이다. 오늘날 이 분야의 연구는 주로 미리 정의된 규칙의 모음을 이용해서 지능을 흉내내는 컴퓨터 프로그램을 개발하는 것에 맞추어져 있다. 강한 인공지능 분야의 발전은 여전히 미약하지만, 인간과 같은 지능이라는 목표를 어떻게 정의하는지에 따라 어느 정도 발전이 이루어지고 있다고도 볼 수 있다.",2-0,"또는인공 일반 지능(artificial general intelligence, AGI)의 정의를 설명해주세요.","강인공지능(strong AI) 또는인공 일반 지능(artificial general intelligence, AGI)은 인간처럼 실제로 사고하여 문제를 해결할 수 있는 ""일반 지능""을 인공적으로 구현하려는 시도이다.",definition
7,https://ko.wikipedia.org/wiki/%EC%9D%B8%EA%B3%B5%EC%A7%80%EB%8A%A5,"인공지능 - 위키백과, 우리 모두의 백과사전",강인공지능의 실현 가능성에 관한 논쟁,"존 설이나휴버트 드라이퍼스와 같은 몇몇 철학자들은 몸이 아닌 기계에 인간의 지능이나 의식을 구현하는 작업의 실현 가능성에 대한 철학적 바탕을 두고 논쟁을 벌였다. 설은,튜링 테스트의 통과 여부는 사람의 기준으로 볼 때 기계가 의식을 갖추었다는 판단의 필요 조건이 되지 못한다는중국어 방에 대한 논증으로 유명하다. 드라이퍼스는 그의 저서 ""컴퓨터가 할 수 없는 것들: 인공적인 추론에 대한 비평""에서 의식이라는 것은 룰이나 논리 기반 시스템 또는 물리적인 형태를 가지고 있지 않은 시스템에서 찾을 수 없으나, 신경망(neural network)이나 그 유사한 메커니즘을 이용하는 로보틱 시스템은 인공지능을 실현할 수 있는 가능성이 있다고 주장했다. 다른 철학자들은 엇갈린 관점을 고수한다. 많은 사람들이 약한 인공지능 정도는 가능하다고 보지만, 또한 많은 사람들이 강한 인공지능을 지지하고 있는 것도 사실이다.대니얼 C. 데넷은 그의 '의식에 대한 설명'에서 만일 마법의 불꽃이나 영혼이 없다면 인간은 기계에 불과하다며, 지능에 대해서만 인간이라는 기계가 다른 실현 가능한 모든 기계와 다르게 특별 취급을 받아야할 이유가 무엇인가 묻고 있다. 어떤 철학자들은 우리가 약한 인공지능을 가능한 것으로 받아들인다면, 강한 인공지능 역시 받아들여야 한다고 주장한다. 지능은 외견상 보이는 것을 가리키는 것이지 진정한 실체가 아니라는 약한 인공지능의 입장은 많은 비판을 받고 있다. 그러나 이에 반하는 손쉬운 예를 사이먼 블랙번의 철학 입문서 ""생각""에서 찾을 수 있다.",3-0,인공지능에서 '강인공지능의 실현 가능성에 관한 논쟁'은(는) 무엇을 다루나요?,"존 설이나휴버트 드라이퍼스와 같은 몇몇 철학자들은 몸이 아닌 기계에 인간의 지능이나 의식을 구현하는 작업의 실현 가능성에 대한 철학적 바탕을 두고 논쟁을 벌였다. 설은,튜링 테스트의 통과 여부는 사람의 기준으로 볼 때 기계가 의식을 갖추었다는 판단의 필요 조건이 되지 못한다는중국어 방에 대한 논증으로 유명하다. 드라이퍼스는 그의 저서 ""컴퓨터가 할 수 없는 것들: 인공적인 추론에 대한 비평""에서 의식이라는 것은 룰이나 논리 기반 시스템 또는 물리적인 형태를 가지고 있지 않은 시스템에서 찾을 수 없으나, 신경망(neural network)이나 그 유사한 메커니즘을 이용하는 로보틱 시스템은 인공지능을 실현할 수 있는 가능성이 있다고 주장했다. 다른 철학자들은 엇갈린 관점을 고수한다. 많은 사람들이 약한 인공지능 정도는 가능하다고 보지만, 또한 많은 사람들이 강한 인공지능을 지지하고 있는 것도 사실이다.대니얼 C. 데넷은 그의 '의식에 대한 설명'에서 만일 마법의 불꽃이나 영혼이 없다면",summarization
8,https://ko.wikipedia.org/wiki/%EC%9D%B8%EA%B3%B5%EC%A7%80%EB%8A%A5,"인공지능 - 위키백과, 우리 모두의 백과사전",강인공지능의 실현 가능성에 관한 논쟁,"존 설이나휴버트 드라이퍼스와 같은 몇몇 철학자들은 몸이 아닌 기계에 인간의 지능이나 의식을 구현하는 작업의 실현 가능성에 대한 철학적 바탕을 두고 논쟁을 벌였다. 설은,튜링 테스트의 통과 여부는 사람의 기준으로 볼 때 기계가 의식을 갖추었다는 판단의 필요 조건이 되지 못한다는중국어 방에 대한 논증으로 유명하다. 드라이퍼스는 그의 저서 ""컴퓨터가 할 수 없는 것들: 인공적인 추론에 대한 비평""에서 의식이라는 것은 룰이나 논리 기반 시스템 또는 물리적인 형태를 가지고 있지 않은 시스템에서 찾을 수 없으나, 신경망(neural network)이나 그 유사한 메커니즘을 이용하는 로보틱 시스템은 인공지능을 실현할 수 있는 가능성이 있다고 주장했다. 다른 철학자들은 엇갈린 관점을 고수한다. 많은 사람들이 약한 인공지능 정도는 가능하다고 보지만, 또한 많은 사람들이 강한 인공지능을 지지하고 있는 것도 사실이다.대니얼 C. 데넷은 그의 '의식에 대한 설명'에서 만일 마법의 불꽃이나 영혼이 없다면 인간은 기계에 불과하다며, 지능에 대해서만 인간이라는 기계가 다른 실현 가능한 모든 기계와 다르게 특별 취급을 받아야할 이유가 무엇인가 묻고 있다. 어떤 철학자들은 우리가 약한 인공지능을 가능한 것으로 받아들인다면, 강한 인공지능 역시 받아들여야 한다고 주장한다. 지능은 외견상 보이는 것을 가리키는 것이지 진정한 실체가 아니라는 약한 인공지능의 입장은 많은 비판을 받고 있다. 그러나 이에 반하는 손쉬운 예를 사이먼 블랙번의 철학 입문서 ""생각""에서 찾을 수 있다.",3-0,신경망(neural network)의 정의를 설명해주세요.,"드라이퍼스는 그의 저서 ""컴퓨터가 할 수 없는 것들: 인공적인 추론에 대한 비평""에서 의식이라는 것은 룰이나 논리 기반 시스템 또는 물리적인 형태를 가지고 있지 않은 시스템에서 찾을 수 없으나, 신경망(neural network)이나 그 유사한 메커니즘을 이용하는 로보틱 시스템은 인공지능을 실현할 수 있는 가능성이 있다고 주장했다.",definition
9,https://ko.wikipedia.org/wiki/%EC%9D%B8%EA%B3%B5%EC%A7%80%EB%8A%A5,"인공지능 - 위키백과, 우리 모두의 백과사전",강인공지능의 실현 가능성에 관한 논쟁,"블랙번은 당신이 지능적으로 보이지만, 그 지능이 실존하는가에 대해서 말할 수 있는 방법이 없다고 지적한다. 그는 우리는 단지 믿음 또는 신념 위에서 그것을 다룰 뿐이라고 이야기한다. 강한 인공지능을 지지하는 사람들은 인공지능에 반대하는 사람들의 논증이 결국은 아래와 같은 주장을 조합한 것이라고 주장한다. 특권에 바탕을 둔 오만함으로 인해 인간에게는 (기계에는 없는) 마법의 불꽃이 있다는 주장 (예를 들면, 신에 의해 주어진 영혼)
지능은 기계로는 성취될 수 없는 그 무엇이라는 주장.
강한 인공지능을 뒷받침하는 논증(따라서 반대하는 사람은 이 논증을 논박해야 한다.)은 다음과 같다. 인간의 마음은유한 상태 기계(Finite State Machine)이고, 따라서처치-튜링 이론은 뇌에 적용 가능하다. 뇌는 순수한 하드웨어이다.(말하자면 고전적인 컴퓨터처럼 동작한다.)
인간의 마음은 오로지 뇌를 통해서만 존재한다. 로저 펜로즈를 포함한 몇몇 학자들은 지능에처치-튜링 명제의 적용이 가능하지 않다고 논박한다. 특히 펜로즈는 인간의 마음에는 물리적인 속성을 뛰어넘는 무언가가 있다고 이야기하며, 그의 주장은 우리의 우주 안에서 초연산(hypercomputation)이 가능하다는 논증에 바탕을 두고 있다. 양자역학과 뉴턴 역학에 따르면 이러한 초연산은 가능하지 않지만, 특별한시공간에서는 가능한 것으로 생각되기도 한다. 그러나 이는 소수의 주장이며, 우리의 우주는 그러한 초연산이 가능할 정도로 꼬이지(convoluted) 않았다는 많은 학자들의 합의가 존재한다.",3-1,인간의 마음은유한 상태 기계(Finite State Machine)의 정의를 설명해주세요.,"인간의 마음은유한 상태 기계(Finite State Machine)이고, 따라서처치-튜링 이론은 뇌에 적용 가능하다.",definition
10,https://ko.wikipedia.org/wiki/%EC%9D%B8%EA%B3%B5%EC%A7%80%EB%8A%A5,"인공지능 - 위키백과, 우리 모두의 백과사전",강인공지능의 실현 가능성에 관한 논쟁,"블랙번은 당신이 지능적으로 보이지만, 그 지능이 실존하는가에 대해서 말할 수 있는 방법이 없다고 지적한다. 그는 우리는 단지 믿음 또는 신념 위에서 그것을 다룰 뿐이라고 이야기한다. 강한 인공지능을 지지하는 사람들은 인공지능에 반대하는 사람들의 논증이 결국은 아래와 같은 주장을 조합한 것이라고 주장한다. 특권에 바탕을 둔 오만함으로 인해 인간에게는 (기계에는 없는) 마법의 불꽃이 있다는 주장 (예를 들면, 신에 의해 주어진 영혼)
지능은 기계로는 성취될 수 없는 그 무엇이라는 주장.
강한 인공지능을 뒷받침하는 논증(따라서 반대하는 사람은 이 논증을 논박해야 한다.)은 다음과 같다. 인간의 마음은유한 상태 기계(Finite State Machine)이고, 따라서처치-튜링 이론은 뇌에 적용 가능하다. 뇌는 순수한 하드웨어이다.(말하자면 고전적인 컴퓨터처럼 동작한다.)
인간의 마음은 오로지 뇌를 통해서만 존재한다. 로저 펜로즈를 포함한 몇몇 학자들은 지능에처치-튜링 명제의 적용이 가능하지 않다고 논박한다. 특히 펜로즈는 인간의 마음에는 물리적인 속성을 뛰어넘는 무언가가 있다고 이야기하며, 그의 주장은 우리의 우주 안에서 초연산(hypercomputation)이 가능하다는 논증에 바탕을 두고 있다. 양자역학과 뉴턴 역학에 따르면 이러한 초연산은 가능하지 않지만, 특별한시공간에서는 가능한 것으로 생각되기도 한다. 그러나 이는 소수의 주장이며, 우리의 우주는 그러한 초연산이 가능할 정도로 꼬이지(convoluted) 않았다는 많은 학자들의 합의가 존재한다.",3-1,의 주장은 우리의 우주 안에서 초연산(hypercomputation)의 정의를 설명해주세요.,"특히 펜로즈는 인간의 마음에는 물리적인 속성을 뛰어넘는 무언가가 있다고 이야기하며, 그의 주장은 우리의 우주 안에서 초연산(hypercomputation)이 가능하다는 논증에 바탕을 두고 있다.",definition
11,https://ko.wikipedia.org/wiki/%EC%9D%B8%EA%B3%B5%EC%A7%80%EB%8A%A5,"인공지능 - 위키백과, 우리 모두의 백과사전",강인공지능의 실현 가능성에 관한 논쟁,"블랙번은 당신이 지능적으로 보이지만, 그 지능이 실존하는가에 대해서 말할 수 있는 방법이 없다고 지적한다. 그는 우리는 단지 믿음 또는 신념 위에서 그것을 다룰 뿐이라고 이야기한다. 강한 인공지능을 지지하는 사람들은 인공지능에 반대하는 사람들의 논증이 결국은 아래와 같은 주장을 조합한 것이라고 주장한다. 특권에 바탕을 둔 오만함으로 인해 인간에게는 (기계에는 없는) 마법의 불꽃이 있다는 주장 (예를 들면, 신에 의해 주어진 영혼)
지능은 기계로는 성취될 수 없는 그 무엇이라는 주장.
강한 인공지능을 뒷받침하는 논증(따라서 반대하는 사람은 이 논증을 논박해야 한다.)은 다음과 같다. 인간의 마음은유한 상태 기계(Finite State Machine)이고, 따라서처치-튜링 이론은 뇌에 적용 가능하다. 뇌는 순수한 하드웨어이다.(말하자면 고전적인 컴퓨터처럼 동작한다.)
인간의 마음은 오로지 뇌를 통해서만 존재한다. 로저 펜로즈를 포함한 몇몇 학자들은 지능에처치-튜링 명제의 적용이 가능하지 않다고 논박한다. 특히 펜로즈는 인간의 마음에는 물리적인 속성을 뛰어넘는 무언가가 있다고 이야기하며, 그의 주장은 우리의 우주 안에서 초연산(hypercomputation)이 가능하다는 논증에 바탕을 두고 있다. 양자역학과 뉴턴 역학에 따르면 이러한 초연산은 가능하지 않지만, 특별한시공간에서는 가능한 것으로 생각되기도 한다. 그러나 이는 소수의 주장이며, 우리의 우주는 그러한 초연산이 가능할 정도로 꼬이지(convoluted) 않았다는 많은 학자들의 합의가 존재한다.",3-1,그러한 초연산이 가능할 정도로 꼬이지(convoluted)의 정의를 설명해주세요.,"그러나 이는 소수의 주장이며, 우리의 우주는 그러한 초연산이 가능할 정도로 꼬이지(convoluted) 않았다는 많은 학자들의 합의가 존재한다.",definition
12,https://ko.wikipedia.org/wiki/%EC%9D%B8%EA%B3%B5%EC%A7%80%EB%8A%A5,"인공지능 - 위키백과, 우리 모두의 백과사전",인공지능 이론의 발전,"상당수 인공지능 연구의 (본래) 목적은 심리학에 대한 실험적인 접근이었고, 언어 지능(linguistic intelligence)이 무엇인지를 밝혀내는 것이 주목표였다(튜링 테스트가 대표적인 예이다).
언어 지능을 제외한 인공지능에 대한 시도들은로보틱스와 집합적 지식을 포함한다. 이들은 환경에 대한 처리, 의사 결정을 일치시키는 것에 중심을 두며 어떻게 지능적 행동이 구성되는 것인가를 찾을 때,생물학과,정치과학으로부터 이끌어 낸다. 사회적 계획성과 인지성의 능력은 떨어지지만 인간과 유사한 유인원을 포함한, 복잡한 인식방법을 가진 동물뿐만 아니라 특히 곤충들(로봇들로 모방하기 쉬운)까지 포함한 동물학으로부터 인공지능 과학은 시작된다. 여러 가지 생명체들의 모든 논리구조를 가져온 다는 것은 이론적으로는 가능하지만 수치화, 기계화 한다는 것은 쉬운 일이 아니다. 인공지능 학자는 동물들은 인간들보다 모방하기 쉽다고 주장한다. 그러나 동물의 지능을 만족하는 계산 모델은 없다.가 쓴 신경 행동에서 내재적 사고의 논리적 계산,튜링의 기계와 지능의 계산그리고리클라이더의 인간과 컴퓨터의 공생가 기계 지능의 개념에 관한 독창적인 논문들이다. 존 루커스의 지성, 기계, 괴델과 같은 논리학과 철학기반의 기계지능의 가능성을 부인한 초기 논문들도 있다. 인공지능 연구에 바탕을 둔 실질적인 작업이 결실을 거둠에 따라, 인공지능을 지지하는 사람들은 인공지능의 업적을 깎아내리기 위해 인공지능에 반대하는 사람들이 예전에는 '지능적'인 일이라고 주장하던 컴퓨터 체스나 바둑, 음성인식 등과 같은 작업에 대해 말을 바꾸고 있다고 비난하였다.",4-0,인공지능에서 '인공지능 이론의 발전'은(는) 무엇을 다루나요?,"상당수 인공지능 연구의 (본래) 목적은 심리학에 대한 실험적인 접근이었고, 언어 지능(linguistic intelligence)이 무엇인지를 밝혀내는 것이 주목표였다(튜링 테스트가 대표적인 예이다).
언어 지능을 제외한 인공지능에 대한 시도들은로보틱스와 집합적 지식을 포함한다. 이들은 환경에 대한 처리, 의사 결정을 일치시키는 것에 중심을 두며 어떻게 지능적 행동이 구성되는 것인가를 찾을 때,생물학과,정치과학으로부터 이끌어 낸다. 사회적 계획성과 인지성의 능력은 떨어지지만 인간과 유사한 유인원을 포함한, 복잡한 인식방법을 가진 동물뿐만 아니라 특히 곤충들(로봇들로 모방하기 쉬운)까지 포함한 동물학으로부터 인공지능 과학은 시작된다. 여러 가지 생명체들의 모든 논리구조를 가져온 다는 것은 이론적으로는 가능하지만 수치화, 기계화 한다는 것은 쉬운 일이 아니다. 인공지능 학자는 동물들은 인간들보다 모방하기 쉽다고 주장한다. 그러나 동물의 지능을 만족하는 계산 모델은 없다.가 쓴 신경 행동",summarization
13,https://ko.wikipedia.org/wiki/%EC%9D%B8%EA%B3%B5%EC%A7%80%EB%8A%A5,"인공지능 - 위키백과, 우리 모두의 백과사전",인공지능 이론의 발전,"상당수 인공지능 연구의 (본래) 목적은 심리학에 대한 실험적인 접근이었고, 언어 지능(linguistic intelligence)이 무엇인지를 밝혀내는 것이 주목표였다(튜링 테스트가 대표적인 예이다).
언어 지능을 제외한 인공지능에 대한 시도들은로보틱스와 집합적 지식을 포함한다. 이들은 환경에 대한 처리, 의사 결정을 일치시키는 것에 중심을 두며 어떻게 지능적 행동이 구성되는 것인가를 찾을 때,생물학과,정치과학으로부터 이끌어 낸다. 사회적 계획성과 인지성의 능력은 떨어지지만 인간과 유사한 유인원을 포함한, 복잡한 인식방법을 가진 동물뿐만 아니라 특히 곤충들(로봇들로 모방하기 쉬운)까지 포함한 동물학으로부터 인공지능 과학은 시작된다. 여러 가지 생명체들의 모든 논리구조를 가져온 다는 것은 이론적으로는 가능하지만 수치화, 기계화 한다는 것은 쉬운 일이 아니다. 인공지능 학자는 동물들은 인간들보다 모방하기 쉽다고 주장한다. 그러나 동물의 지능을 만족하는 계산 모델은 없다.가 쓴 신경 행동에서 내재적 사고의 논리적 계산,튜링의 기계와 지능의 계산그리고리클라이더의 인간과 컴퓨터의 공생가 기계 지능의 개념에 관한 독창적인 논문들이다. 존 루커스의 지성, 기계, 괴델과 같은 논리학과 철학기반의 기계지능의 가능성을 부인한 초기 논문들도 있다. 인공지능 연구에 바탕을 둔 실질적인 작업이 결실을 거둠에 따라, 인공지능을 지지하는 사람들은 인공지능의 업적을 깎아내리기 위해 인공지능에 반대하는 사람들이 예전에는 '지능적'인 일이라고 주장하던 컴퓨터 체스나 바둑, 음성인식 등과 같은 작업에 대해 말을 바꾸고 있다고 비난하였다.",4-0,언어 지능(linguistic intelligence)의 정의를 설명해주세요.,"상당수 인공지능 연구의 (본래) 목적은 심리학에 대한 실험적인 접근이었고, 언어 지능(linguistic intelligence)이 무엇인지를 밝혀내는 것이 주목표였다(튜링 테스트가 대표적인 예이다).",definition
14,https://ko.wikipedia.org/wiki/%EC%9D%B8%EA%B3%B5%EC%A7%80%EB%8A%A5,"인공지능 - 위키백과, 우리 모두의 백과사전",인공지능 이론의 발전,"그들은 이와 같이 연구 목표를 옮기는 작업은 '지능'을 '인간은 할 수 있지만, 기계는 할 수 없는 어떤 것'으로 정의하는 역할을 한다고 지적하였다. (E.T. Jaynes에 따르면)존 폰 노이만은 이미 이를 예측하였는데,1948년에 기계가 생각하는 것은 불가능하다는 강의를 듣고 다음과 같이 말하였다. ""당신은 기계가 할 수 없는 어떤 것이 있다고 주장한다. 만일 당신이 그 기계가 할 수 없는 것이 무엇인지를 정확하게 이야기해준다면, 나는 언제든지 그 일을 수행할 수 있는 기계를 만들 수 있다."" 했다. 폰 노이만은 이미 그 전에 모든 처리절차(procedure)는 (범용)컴퓨터에 의해서 시뮬레이션 될 수 있다고 이야기함에 따라 쳐치-튜링 이론을 언급했다. 1969년에 매카시와 헤이스는 그들의 논문 ""인공지능 관점에서 바라본 철학적인 문제들""에서프레임 문제를 언급하였다.",4-1,노이만은 이미 그 전에 모든 처리절차(procedure)의 정의를 설명해주세요.,폰 노이만은 이미 그 전에 모든 처리절차(procedure)는 (범용)컴퓨터에 의해서 시뮬레이션 될 수 있다고 이야기함에 따라 쳐치-튜링 이론을 언급했다.,definition
15,https://ko.wikipedia.org/wiki/%EC%9D%B8%EA%B3%B5%EC%A7%80%EB%8A%A5,"인공지능 - 위키백과, 우리 모두의 백과사전",인공지능 이론의 발전,"그들은 이와 같이 연구 목표를 옮기는 작업은 '지능'을 '인간은 할 수 있지만, 기계는 할 수 없는 어떤 것'으로 정의하는 역할을 한다고 지적하였다. (E.T. Jaynes에 따르면)존 폰 노이만은 이미 이를 예측하였는데,1948년에 기계가 생각하는 것은 불가능하다는 강의를 듣고 다음과 같이 말하였다. ""당신은 기계가 할 수 없는 어떤 것이 있다고 주장한다. 만일 당신이 그 기계가 할 수 없는 것이 무엇인지를 정확하게 이야기해준다면, 나는 언제든지 그 일을 수행할 수 있는 기계를 만들 수 있다."" 했다. 폰 노이만은 이미 그 전에 모든 처리절차(procedure)는 (범용)컴퓨터에 의해서 시뮬레이션 될 수 있다고 이야기함에 따라 쳐치-튜링 이론을 언급했다. 1969년에 매카시와 헤이스는 그들의 논문 ""인공지능 관점에서 바라본 철학적인 문제들""에서프레임 문제를 언급하였다.",4-1,1948년에 인공지능 분야에서 어떤 일이 있었나요?,"Jaynes에 따르면)존 폰 노이만은 이미 이를 예측하였는데,1948년에 기계가 생각하는 것은 불가능하다는 강의를 듣고 다음과 같이 말하였다.",temporal
16,https://ko.wikipedia.org/wiki/%EC%9D%B8%EA%B3%B5%EC%A7%80%EB%8A%A5,"인공지능 - 위키백과, 우리 모두의 백과사전",인공지능 이론의 발전,"그들은 이와 같이 연구 목표를 옮기는 작업은 '지능'을 '인간은 할 수 있지만, 기계는 할 수 없는 어떤 것'으로 정의하는 역할을 한다고 지적하였다. (E.T. Jaynes에 따르면)존 폰 노이만은 이미 이를 예측하였는데,1948년에 기계가 생각하는 것은 불가능하다는 강의를 듣고 다음과 같이 말하였다. ""당신은 기계가 할 수 없는 어떤 것이 있다고 주장한다. 만일 당신이 그 기계가 할 수 없는 것이 무엇인지를 정확하게 이야기해준다면, 나는 언제든지 그 일을 수행할 수 있는 기계를 만들 수 있다."" 했다. 폰 노이만은 이미 그 전에 모든 처리절차(procedure)는 (범용)컴퓨터에 의해서 시뮬레이션 될 수 있다고 이야기함에 따라 쳐치-튜링 이론을 언급했다. 1969년에 매카시와 헤이스는 그들의 논문 ""인공지능 관점에서 바라본 철학적인 문제들""에서프레임 문제를 언급하였다.",4-1,1969년에 인공지능 분야에서 어떤 일이 있었나요?,"1969년에 매카시와 헤이스는 그들의 논문 ""인공지능 관점에서 바라본 철학적인 문제들""에서프레임 문제를 언급하였다.",temporal
17,https://ko.wikipedia.org/wiki/%EC%9D%B8%EA%B3%B5%EC%A7%80%EB%8A%A5,"인공지능 - 위키백과, 우리 모두의 백과사전",인공지능의 탄생(1943-1956),"1940년대 후반과 1950년대 초반에 이르러서 수학, 철학, 공학, 경제 등 다양한 영역의 과학자들에게서 인공적인 두뇌의 가능성이 논의되었다. 1956년에 이르러서, 인공지능이 학문 분야로 들어섰다.",5-0,인공지능에서 '인공지능의 탄생(1943-1956)'은(는) 무엇을 다루나요?,"1940년대 후반과 1950년대 초반에 이르러서 수학, 철학, 공학, 경제 등 다양한 영역의 과학자들에게서 인공적인 두뇌의 가능성이 논의되었다. 1956년에 이르러서, 인공지능이 학문 분야로 들어섰다.",summarization
18,https://ko.wikipedia.org/wiki/%EC%9D%B8%EA%B3%B5%EC%A7%80%EB%8A%A5,"인공지능 - 위키백과, 우리 모두의 백과사전",인공지능의 탄생(1943-1956),"1940년대 후반과 1950년대 초반에 이르러서 수학, 철학, 공학, 경제 등 다양한 영역의 과학자들에게서 인공적인 두뇌의 가능성이 논의되었다. 1956년에 이르러서, 인공지능이 학문 분야로 들어섰다.",5-0,1940년에 인공지능 분야에서 어떤 일이 있었나요?,"1940년대 후반과 1950년대 초반에 이르러서 수학, 철학, 공학, 경제 등 다양한 영역의 과학자들에게서 인공적인 두뇌의 가능성이 논의되었다.",temporal
19,https://ko.wikipedia.org/wiki/%EC%9D%B8%EA%B3%B5%EC%A7%80%EB%8A%A5,"인공지능 - 위키백과, 우리 모두의 백과사전",인공지능의 탄생(1943-1956),"1940년대 후반과 1950년대 초반에 이르러서 수학, 철학, 공학, 경제 등 다양한 영역의 과학자들에게서 인공적인 두뇌의 가능성이 논의되었다. 1956년에 이르러서, 인공지능이 학문 분야로 들어섰다.",5-0,1956년에 인공지능 분야에서 어떤 일이 있었나요?,"1956년에 이르러서, 인공지능이 학문 분야로 들어섰다.",temporal
20,https://ko.wikipedia.org/wiki/%EC%9D%B8%EA%B3%B5%EC%A7%80%EB%8A%A5,"인공지능 - 위키백과, 우리 모두의 백과사전",인공두뇌학과 초기 신경 네트워크,"생각하는 기계에 대한 초기 연구는 30년대 후기에서부터 50년대 초기의 유행한 아이디어에 영감을 얻은 것이었다. 당시 신경학의 최신 연구는 실제 뇌가 뉴런으로 이루어진 전기적인 네트워크라고 보았다.위너가 인공두뇌학을 전기적 네트워크의 제어와 안정화로 묘사했으며,섀넌의 정보 과학은 디지털 신호로 묘사했다. 또 튜링의 계산 이론은 어떤 형태의 계산도 디지털로 나타낼 수 있음을 보였다. 이런 여러 밀접한 연관에서, 인공두뇌의 전자적 구축에 대한 아이디어가 나온 것이다.의 거북이 로봇이 이 아이디어를 중요하게 포함한 연구의 예이다. 이 기계는 컴퓨터를 사용하지 않고 아날로그 회로를 이용했지만, 디지털의 전자적, 상징적 추리를 보여주기엔 충분했다.월터 피츠(Walter Pitts)와 워런 매컬러(Warren Sturgis McCulloch)는 인공 신경망에 기인한 네트워크를 분석하고 그들이 어떻게 간단한 논리적 기능을 하는지 보여주었다. 그들은 후에 신경 네트워크라 부르는 기술을 첫번째로 연구한 사람이다. 피츠와 매컬러는 24살의 대학원생인 젊은마빈 민스키를 만났고, 민스키는 1951년 첫번째 신경 네트워크 기계인 SNARC를 구축했다. 민스키는 향후 50년동안 인공지능의 가장 중요한 지도적, 혁신적 인물 중 하나가 되었다.",6-0,인공지능에서 '인공두뇌학과 초기 신경 네트워크'은(는) 무엇을 다루나요?,"생각하는 기계에 대한 초기 연구는 30년대 후기에서부터 50년대 초기의 유행한 아이디어에 영감을 얻은 것이었다. 당시 신경학의 최신 연구는 실제 뇌가 뉴런으로 이루어진 전기적인 네트워크라고 보았다.위너가 인공두뇌학을 전기적 네트워크의 제어와 안정화로 묘사했으며,섀넌의 정보 과학은 디지털 신호로 묘사했다. 또 튜링의 계산 이론은 어떤 형태의 계산도 디지털로 나타낼 수 있음을 보였다. 이런 여러 밀접한 연관에서, 인공두뇌의 전자적 구축에 대한 아이디어가 나온 것이다.의 거북이 로봇이 이 아이디어를 중요하게 포함한 연구의 예이다. 이 기계는 컴퓨터를 사용하지 않고 아날로그 회로를 이용했지만, 디지털의 전자적, 상징적 추리를 보여주기엔 충분했다.월터 피츠(Walter Pitts)와 워런 매컬러(Warren Sturgis McCulloch)는 인공 신경망에 기인한 네트워크를 분석하고 그들이 어떻게 간단한 논리적 기능을 하는지 보여주었다. 그들은 후에 신경 네트워크라 부르는 기술을 첫번째로 연",summarization
21,https://ko.wikipedia.org/wiki/%EC%9D%B8%EA%B3%B5%EC%A7%80%EB%8A%A5,"인공지능 - 위키백과, 우리 모두의 백과사전",인공두뇌학과 초기 신경 네트워크,"생각하는 기계에 대한 초기 연구는 30년대 후기에서부터 50년대 초기의 유행한 아이디어에 영감을 얻은 것이었다. 당시 신경학의 최신 연구는 실제 뇌가 뉴런으로 이루어진 전기적인 네트워크라고 보았다.위너가 인공두뇌학을 전기적 네트워크의 제어와 안정화로 묘사했으며,섀넌의 정보 과학은 디지털 신호로 묘사했다. 또 튜링의 계산 이론은 어떤 형태의 계산도 디지털로 나타낼 수 있음을 보였다. 이런 여러 밀접한 연관에서, 인공두뇌의 전자적 구축에 대한 아이디어가 나온 것이다.의 거북이 로봇이 이 아이디어를 중요하게 포함한 연구의 예이다. 이 기계는 컴퓨터를 사용하지 않고 아날로그 회로를 이용했지만, 디지털의 전자적, 상징적 추리를 보여주기엔 충분했다.월터 피츠(Walter Pitts)와 워런 매컬러(Warren Sturgis McCulloch)는 인공 신경망에 기인한 네트워크를 분석하고 그들이 어떻게 간단한 논리적 기능을 하는지 보여주었다. 그들은 후에 신경 네트워크라 부르는 기술을 첫번째로 연구한 사람이다. 피츠와 매컬러는 24살의 대학원생인 젊은마빈 민스키를 만났고, 민스키는 1951년 첫번째 신경 네트워크 기계인 SNARC를 구축했다. 민스키는 향후 50년동안 인공지능의 가장 중요한 지도적, 혁신적 인물 중 하나가 되었다.",6-0,월터 피츠(Walter Pitts)의 정의를 설명해주세요.,월터 피츠(Walter Pitts)와 워런 매컬러(Warren Sturgis McCulloch)는 인공 신경망에 기인한 네트워크를 분석하고 그들이 어떻게 간단한 논리적 기능을 하는지 보여주었다.,definition
22,https://ko.wikipedia.org/wiki/%EC%9D%B8%EA%B3%B5%EC%A7%80%EB%8A%A5,"인공지능 - 위키백과, 우리 모두의 백과사전",인공두뇌학과 초기 신경 네트워크,"생각하는 기계에 대한 초기 연구는 30년대 후기에서부터 50년대 초기의 유행한 아이디어에 영감을 얻은 것이었다. 당시 신경학의 최신 연구는 실제 뇌가 뉴런으로 이루어진 전기적인 네트워크라고 보았다.위너가 인공두뇌학을 전기적 네트워크의 제어와 안정화로 묘사했으며,섀넌의 정보 과학은 디지털 신호로 묘사했다. 또 튜링의 계산 이론은 어떤 형태의 계산도 디지털로 나타낼 수 있음을 보였다. 이런 여러 밀접한 연관에서, 인공두뇌의 전자적 구축에 대한 아이디어가 나온 것이다.의 거북이 로봇이 이 아이디어를 중요하게 포함한 연구의 예이다. 이 기계는 컴퓨터를 사용하지 않고 아날로그 회로를 이용했지만, 디지털의 전자적, 상징적 추리를 보여주기엔 충분했다.월터 피츠(Walter Pitts)와 워런 매컬러(Warren Sturgis McCulloch)는 인공 신경망에 기인한 네트워크를 분석하고 그들이 어떻게 간단한 논리적 기능을 하는지 보여주었다. 그들은 후에 신경 네트워크라 부르는 기술을 첫번째로 연구한 사람이다. 피츠와 매컬러는 24살의 대학원생인 젊은마빈 민스키를 만났고, 민스키는 1951년 첫번째 신경 네트워크 기계인 SNARC를 구축했다. 민스키는 향후 50년동안 인공지능의 가장 중요한 지도적, 혁신적 인물 중 하나가 되었다.",6-0,와 워런 매컬러(Warren Sturgis McCulloch)의 정의를 설명해주세요.,월터 피츠(Walter Pitts)와 워런 매컬러(Warren Sturgis McCulloch)는 인공 신경망에 기인한 네트워크를 분석하고 그들이 어떻게 간단한 논리적 기능을 하는지 보여주었다.,definition
23,https://ko.wikipedia.org/wiki/%EC%9D%B8%EA%B3%B5%EC%A7%80%EB%8A%A5,"인공지능 - 위키백과, 우리 모두의 백과사전",인공두뇌학과 초기 신경 네트워크,"생각하는 기계에 대한 초기 연구는 30년대 후기에서부터 50년대 초기의 유행한 아이디어에 영감을 얻은 것이었다. 당시 신경학의 최신 연구는 실제 뇌가 뉴런으로 이루어진 전기적인 네트워크라고 보았다.위너가 인공두뇌학을 전기적 네트워크의 제어와 안정화로 묘사했으며,섀넌의 정보 과학은 디지털 신호로 묘사했다. 또 튜링의 계산 이론은 어떤 형태의 계산도 디지털로 나타낼 수 있음을 보였다. 이런 여러 밀접한 연관에서, 인공두뇌의 전자적 구축에 대한 아이디어가 나온 것이다.의 거북이 로봇이 이 아이디어를 중요하게 포함한 연구의 예이다. 이 기계는 컴퓨터를 사용하지 않고 아날로그 회로를 이용했지만, 디지털의 전자적, 상징적 추리를 보여주기엔 충분했다.월터 피츠(Walter Pitts)와 워런 매컬러(Warren Sturgis McCulloch)는 인공 신경망에 기인한 네트워크를 분석하고 그들이 어떻게 간단한 논리적 기능을 하는지 보여주었다. 그들은 후에 신경 네트워크라 부르는 기술을 첫번째로 연구한 사람이다. 피츠와 매컬러는 24살의 대학원생인 젊은마빈 민스키를 만났고, 민스키는 1951년 첫번째 신경 네트워크 기계인 SNARC를 구축했다. 민스키는 향후 50년동안 인공지능의 가장 중요한 지도적, 혁신적 인물 중 하나가 되었다.",6-0,1951년에 인공지능 분야에서 어떤 일이 있었나요?,"피츠와 매컬러는 24살의 대학원생인 젊은마빈 민스키를 만났고, 민스키는 1951년 첫번째 신경 네트워크 기계인 SNARC를 구축했다.",temporal
24,https://ko.wikipedia.org/wiki/%EC%9D%B8%EA%B3%B5%EC%A7%80%EB%8A%A5,"인공지능 - 위키백과, 우리 모두의 백과사전",튜링 테스트,"1950년앨런 튜링은 생각하는 기계의 구현 가능성에 대한 분석이 담긴, 인공지능 역사에서 혁혁한 논문을 발표했다.그는 ""생각""을 정의하기 어려움에 주목해, 그 유명한 튜링테스트를 고안했다. 텔레프린터를 통한 대화에서 기계가 사람인지 기계인지 구별할 수 없을 정도로 대화를 잘 이끌어 간다면, 이것은 기계가 ""생각""하고 있다고 말할 충분한 근거가 된다는 것이었다.튜링 테스트는 인공 지능에 대한 최초의 심도 있는 철학적 제안으로 평가받는다.",7-0,인공지능에서 '튜링 테스트'은(는) 무엇을 다루나요?,"1950년앨런 튜링은 생각하는 기계의 구현 가능성에 대한 분석이 담긴, 인공지능 역사에서 혁혁한 논문을 발표했다.그는 ""생각""을 정의하기 어려움에 주목해, 그 유명한 튜링테스트를 고안했다. 텔레프린터를 통한 대화에서 기계가 사람인지 기계인지 구별할 수 없을 정도로 대화를 잘 이끌어 간다면, 이것은 기계가 ""생각""하고 있다고 말할 충분한 근거가 된다는 것이었다.튜링 테스트는 인공 지능에 대한 최초의 심도 있는 철학적 제안으로 평가받는다.",summarization
25,https://ko.wikipedia.org/wiki/%EC%9D%B8%EA%B3%B5%EC%A7%80%EB%8A%A5,"인공지능 - 위키백과, 우리 모두의 백과사전",튜링 테스트,"1950년앨런 튜링은 생각하는 기계의 구현 가능성에 대한 분석이 담긴, 인공지능 역사에서 혁혁한 논문을 발표했다.그는 ""생각""을 정의하기 어려움에 주목해, 그 유명한 튜링테스트를 고안했다. 텔레프린터를 통한 대화에서 기계가 사람인지 기계인지 구별할 수 없을 정도로 대화를 잘 이끌어 간다면, 이것은 기계가 ""생각""하고 있다고 말할 충분한 근거가 된다는 것이었다.튜링 테스트는 인공 지능에 대한 최초의 심도 있는 철학적 제안으로 평가받는다.",7-0,1950년에 인공지능 분야에서 어떤 일이 있었나요?,"1950년앨런 튜링은 생각하는 기계의 구현 가능성에 대한 분석이 담긴, 인공지능 역사에서 혁혁한 논문을 발표했다.",temporal
26,https://ko.wikipedia.org/wiki/%EC%9D%B8%EA%B3%B5%EC%A7%80%EB%8A%A5,"인공지능 - 위키백과, 우리 모두의 백과사전",게임 인공지능,"1951년에, 맨체스터 대학의 페란티 마크 1(Ferranti Mark 1) 기계를 사용하여 크리스토퍼 스트레이(Christopher Strachey)는 체커 프로그램을 작성했고, 디트리히 프린츠(Dietrich Prinz)는 체스 프로그램을 작성했다.아서 새뮤얼(Arthur Samuel)이 50년대 중반과 60년대 초반에 개발한 체커 프로그램은 결국 존경받는 아마추어에 도전할 수 있는 충분한 기술적 발전을 이룩했다.",8-0,인공지능에서 '게임 인공지능'은(는) 무엇을 다루나요?,"1951년에, 맨체스터 대학의 페란티 마크 1(Ferranti Mark 1) 기계를 사용하여 크리스토퍼 스트레이(Christopher Strachey)는 체커 프로그램을 작성했고, 디트리히 프린츠(Dietrich Prinz)는 체스 프로그램을 작성했다.아서 새뮤얼(Arthur Samuel)이 50년대 중반과 60년대 초반에 개발한 체커 프로그램은 결국 존경받는 아마추어에 도전할 수 있는 충분한 기술적 발전을 이룩했다.",summarization
27,https://ko.wikipedia.org/wiki/%EC%9D%B8%EA%B3%B5%EC%A7%80%EB%8A%A5,"인공지능 - 위키백과, 우리 모두의 백과사전",게임 인공지능,"1951년에, 맨체스터 대학의 페란티 마크 1(Ferranti Mark 1) 기계를 사용하여 크리스토퍼 스트레이(Christopher Strachey)는 체커 프로그램을 작성했고, 디트리히 프린츠(Dietrich Prinz)는 체스 프로그램을 작성했다.아서 새뮤얼(Arthur Samuel)이 50년대 중반과 60년대 초반에 개발한 체커 프로그램은 결국 존경받는 아마추어에 도전할 수 있는 충분한 기술적 발전을 이룩했다.",8-0,기계를 사용하여 크리스토퍼 스트레이(Christopher Strachey)의 정의를 설명해주세요.,"1951년에, 맨체스터 대학의 페란티 마크 1(Ferranti Mark 1) 기계를 사용하여 크리스토퍼 스트레이(Christopher Strachey)는 체커 프로그램을 작성했고, 디트리히 프린츠(Dietrich Prinz)는 체스 프로그램을 작성했다.",definition
28,https://ko.wikipedia.org/wiki/%EC%9D%B8%EA%B3%B5%EC%A7%80%EB%8A%A5,"인공지능 - 위키백과, 우리 모두의 백과사전",게임 인공지능,"1951년에, 맨체스터 대학의 페란티 마크 1(Ferranti Mark 1) 기계를 사용하여 크리스토퍼 스트레이(Christopher Strachey)는 체커 프로그램을 작성했고, 디트리히 프린츠(Dietrich Prinz)는 체스 프로그램을 작성했다.아서 새뮤얼(Arthur Samuel)이 50년대 중반과 60년대 초반에 개발한 체커 프로그램은 결국 존경받는 아마추어에 도전할 수 있는 충분한 기술적 발전을 이룩했다.",8-0,디트리히 프린츠(Dietrich Prinz)의 정의를 설명해주세요.,"1951년에, 맨체스터 대학의 페란티 마크 1(Ferranti Mark 1) 기계를 사용하여 크리스토퍼 스트레이(Christopher Strachey)는 체커 프로그램을 작성했고, 디트리히 프린츠(Dietrich Prinz)는 체스 프로그램을 작성했다.",definition
29,https://ko.wikipedia.org/wiki/%EC%9D%B8%EA%B3%B5%EC%A7%80%EB%8A%A5,"인공지능 - 위키백과, 우리 모두의 백과사전",게임 인공지능,"1951년에, 맨체스터 대학의 페란티 마크 1(Ferranti Mark 1) 기계를 사용하여 크리스토퍼 스트레이(Christopher Strachey)는 체커 프로그램을 작성했고, 디트리히 프린츠(Dietrich Prinz)는 체스 프로그램을 작성했다.아서 새뮤얼(Arthur Samuel)이 50년대 중반과 60년대 초반에 개발한 체커 프로그램은 결국 존경받는 아마추어에 도전할 수 있는 충분한 기술적 발전을 이룩했다.",8-0,아서 새뮤얼(Arthur Samuel)의 정의를 설명해주세요.,아서 새뮤얼(Arthur Samuel)이 50년대 중반과 60년대 초반에 개발한 체커 프로그램은 결국 존경받는 아마추어에 도전할 수 있는 충분한 기술적 발전을 이룩했다.,definition
30,https://ko.wikipedia.org/wiki/%EC%9D%B8%EA%B3%B5%EC%A7%80%EB%8A%A5,"인공지능 - 위키백과, 우리 모두의 백과사전",게임 인공지능,"1951년에, 맨체스터 대학의 페란티 마크 1(Ferranti Mark 1) 기계를 사용하여 크리스토퍼 스트레이(Christopher Strachey)는 체커 프로그램을 작성했고, 디트리히 프린츠(Dietrich Prinz)는 체스 프로그램을 작성했다.아서 새뮤얼(Arthur Samuel)이 50년대 중반과 60년대 초반에 개발한 체커 프로그램은 결국 존경받는 아마추어에 도전할 수 있는 충분한 기술적 발전을 이룩했다.",8-0,1951년에 인공지능 분야에서 어떤 일이 있었나요?,"1951년에, 맨체스터 대학의 페란티 마크 1(Ferranti Mark 1) 기계를 사용하여 크리스토퍼 스트레이(Christopher Strachey)는 체커 프로그램을 작성했고, 디트리히 프린츠(Dietrich Prinz)는 체스 프로그램을 작성했다.",temporal
31,https://ko.wikipedia.org/wiki/%EC%9D%B8%EA%B3%B5%EC%A7%80%EB%8A%A5,"인공지능 - 위키백과, 우리 모두의 백과사전",상징 추론과 논리 이론,"디지털 컴퓨터에 접할 수 있어진 50년대 중반에 이르러서, 몇몇 과학자들은 직관적으로 기계가 수를 다루듯 기호를 다루고, 사람처럼 기호의 본질적인 부분'까지 다룰 수 있을 것이라고 생각했다.이것은 생각하는 기계를 만드는 새로운 접근 방법이었다. 1956년에, 앨런 뉴얼(Allen Newell)과 허버트 사이먼(Herbert A. Simon)은 ""논리 이론""을 구현했다. 그 프로그램은 결국 러셀과 화이트헤드의 '수학 원리'에 나오는 52개의 정리 중 32개를 증명해냈고, 일부 새롭고 더 우아한 증거를 찾아내기도 했다.",9-0,인공지능에서 '상징 추론과 논리 이론'은(는) 무엇을 다루나요?,"디지털 컴퓨터에 접할 수 있어진 50년대 중반에 이르러서, 몇몇 과학자들은 직관적으로 기계가 수를 다루듯 기호를 다루고, 사람처럼 기호의 본질적인 부분'까지 다룰 수 있을 것이라고 생각했다.이것은 생각하는 기계를 만드는 새로운 접근 방법이었다. 1956년에, 앨런 뉴얼(Allen Newell)과 허버트 사이먼(Herbert A. Simon)은 ""논리 이론""을 구현했다. 그 프로그램은 결국 러셀과 화이트헤드의 '수학 원리'에 나오는 52개의 정리 중 32개를 증명해냈고, 일부 새롭고 더 우아한 증거를 찾아내기도 했다.",summarization
32,https://ko.wikipedia.org/wiki/%EC%9D%B8%EA%B3%B5%EC%A7%80%EB%8A%A5,"인공지능 - 위키백과, 우리 모두의 백과사전",상징 추론과 논리 이론,"디지털 컴퓨터에 접할 수 있어진 50년대 중반에 이르러서, 몇몇 과학자들은 직관적으로 기계가 수를 다루듯 기호를 다루고, 사람처럼 기호의 본질적인 부분'까지 다룰 수 있을 것이라고 생각했다.이것은 생각하는 기계를 만드는 새로운 접근 방법이었다. 1956년에, 앨런 뉴얼(Allen Newell)과 허버트 사이먼(Herbert A. Simon)은 ""논리 이론""을 구현했다. 그 프로그램은 결국 러셀과 화이트헤드의 '수학 원리'에 나오는 52개의 정리 중 32개를 증명해냈고, 일부 새롭고 더 우아한 증거를 찾아내기도 했다.",9-0,앨런 뉴얼(Allen Newell)의 정의를 설명해주세요.,"1956년에, 앨런 뉴얼(Allen Newell)과 허버트 사이먼(Herbert A.",definition
33,https://ko.wikipedia.org/wiki/%EC%9D%B8%EA%B3%B5%EC%A7%80%EB%8A%A5,"인공지능 - 위키백과, 우리 모두의 백과사전",상징 추론과 논리 이론,"디지털 컴퓨터에 접할 수 있어진 50년대 중반에 이르러서, 몇몇 과학자들은 직관적으로 기계가 수를 다루듯 기호를 다루고, 사람처럼 기호의 본질적인 부분'까지 다룰 수 있을 것이라고 생각했다.이것은 생각하는 기계를 만드는 새로운 접근 방법이었다. 1956년에, 앨런 뉴얼(Allen Newell)과 허버트 사이먼(Herbert A. Simon)은 ""논리 이론""을 구현했다. 그 프로그램은 결국 러셀과 화이트헤드의 '수학 원리'에 나오는 52개의 정리 중 32개를 증명해냈고, 일부 새롭고 더 우아한 증거를 찾아내기도 했다.",9-0,1956년에 인공지능 분야에서 어떤 일이 있었나요?,"1956년에, 앨런 뉴얼(Allen Newell)과 허버트 사이먼(Herbert A.",temporal
34,https://ko.wikipedia.org/wiki/%EC%9D%B8%EA%B3%B5%EC%A7%80%EB%8A%A5,"인공지능 - 위키백과, 우리 모두의 백과사전",다트머스 컨퍼런스 1956년: AI의 탄생,"1956년에 열린 다트머스 컨퍼런스는마빈 민스키와존 매카시, 그리고 IBM의 수석 과학자인클로드 섀넌과가 개최했다. 컨퍼런스는 ""학습의 모든 면 또는 지능의 다른 모든 특성로 기계를 정밀하게 기술할 수 있고 이를 시물레이션 할 수 있다""라는 주장을 포함하여 제안을 제기했다. 참가자는 레이 솔로모노프(Ray Solomonoff),올리버 셀프리지(Oliver Selfridge),(Trenchard More), 아서 새뮤얼(Arthur Smuel), 앨런 뉴얼(Allen Newell)과 허버트 사이먼(Herbert A. Simon)으로, 그들 모두 수십년동안 인공지능 연구에서 중요한 프로그램을 만들어온 사람들이었다.컨퍼런스에서 뉴얼과 사이먼은 ""논리 이론""을 소개했고, 매카시는 Artificial Intelligence를 그들의 연구를 칭하는 이름으로 받아들이길 설득했다.1956년 다트머스 컨퍼런스는 AI 라는 이름, 목표점, 첫번째 성공과 이를 이룬 사람들, 그리고 넓은 의미의 AI의 탄생을 포함하는 순간이었다.",10-0,인공지능에서 '다트머스 컨퍼런스 1956년: AI의 탄생'은(는) 무엇을 다루나요?,"1956년에 열린 다트머스 컨퍼런스는마빈 민스키와존 매카시, 그리고 IBM의 수석 과학자인클로드 섀넌과가 개최했다. 컨퍼런스는 ""학습의 모든 면 또는 지능의 다른 모든 특성로 기계를 정밀하게 기술할 수 있고 이를 시물레이션 할 수 있다""라는 주장을 포함하여 제안을 제기했다. 참가자는 레이 솔로모노프(Ray Solomonoff),올리버 셀프리지(Oliver Selfridge),(Trenchard More), 아서 새뮤얼(Arthur Smuel), 앨런 뉴얼(Allen Newell)과 허버트 사이먼(Herbert A. Simon)으로, 그들 모두 수십년동안 인공지능 연구에서 중요한 프로그램을 만들어온 사람들이었다.컨퍼런스에서 뉴얼과 사이먼은 ""논리 이론""을 소개했고, 매카시는 Artificial Intelligence를 그들의 연구를 칭하는 이름으로 받아들이길 설득했다.1956년 다트머스 컨퍼런스는 AI 라는 이름, 목표점, 첫번째 성공과 이를 이룬 사람들, 그리고 넓은 의미의 AI의",summarization
35,https://ko.wikipedia.org/wiki/%EC%9D%B8%EA%B3%B5%EC%A7%80%EB%8A%A5,"인공지능 - 위키백과, 우리 모두의 백과사전",다트머스 컨퍼런스 1956년: AI의 탄생,"1956년에 열린 다트머스 컨퍼런스는마빈 민스키와존 매카시, 그리고 IBM의 수석 과학자인클로드 섀넌과가 개최했다. 컨퍼런스는 ""학습의 모든 면 또는 지능의 다른 모든 특성로 기계를 정밀하게 기술할 수 있고 이를 시물레이션 할 수 있다""라는 주장을 포함하여 제안을 제기했다. 참가자는 레이 솔로모노프(Ray Solomonoff),올리버 셀프리지(Oliver Selfridge),(Trenchard More), 아서 새뮤얼(Arthur Smuel), 앨런 뉴얼(Allen Newell)과 허버트 사이먼(Herbert A. Simon)으로, 그들 모두 수십년동안 인공지능 연구에서 중요한 프로그램을 만들어온 사람들이었다.컨퍼런스에서 뉴얼과 사이먼은 ""논리 이론""을 소개했고, 매카시는 Artificial Intelligence를 그들의 연구를 칭하는 이름으로 받아들이길 설득했다.1956년 다트머스 컨퍼런스는 AI 라는 이름, 목표점, 첫번째 성공과 이를 이룬 사람들, 그리고 넓은 의미의 AI의 탄생을 포함하는 순간이었다.",10-0,참가자는 레이 솔로모노프(Ray Solomonoff)의 정의를 설명해주세요.,"참가자는 레이 솔로모노프(Ray Solomonoff),올리버 셀프리지(Oliver Selfridge),(Trenchard More), 아서 새뮤얼(Arthur Smuel), 앨런 뉴얼(Allen Newell)과 허버트 사이먼(Herbert A.",definition
36,https://ko.wikipedia.org/wiki/%EC%9D%B8%EA%B3%B5%EC%A7%80%EB%8A%A5,"인공지능 - 위키백과, 우리 모두의 백과사전",다트머스 컨퍼런스 1956년: AI의 탄생,"1956년에 열린 다트머스 컨퍼런스는마빈 민스키와존 매카시, 그리고 IBM의 수석 과학자인클로드 섀넌과가 개최했다. 컨퍼런스는 ""학습의 모든 면 또는 지능의 다른 모든 특성로 기계를 정밀하게 기술할 수 있고 이를 시물레이션 할 수 있다""라는 주장을 포함하여 제안을 제기했다. 참가자는 레이 솔로모노프(Ray Solomonoff),올리버 셀프리지(Oliver Selfridge),(Trenchard More), 아서 새뮤얼(Arthur Smuel), 앨런 뉴얼(Allen Newell)과 허버트 사이먼(Herbert A. Simon)으로, 그들 모두 수십년동안 인공지능 연구에서 중요한 프로그램을 만들어온 사람들이었다.컨퍼런스에서 뉴얼과 사이먼은 ""논리 이론""을 소개했고, 매카시는 Artificial Intelligence를 그들의 연구를 칭하는 이름으로 받아들이길 설득했다.1956년 다트머스 컨퍼런스는 AI 라는 이름, 목표점, 첫번째 성공과 이를 이룬 사람들, 그리고 넓은 의미의 AI의 탄생을 포함하는 순간이었다.",10-0,올리버 셀프리지(Oliver Selfridge)의 정의를 설명해주세요.,"참가자는 레이 솔로모노프(Ray Solomonoff),올리버 셀프리지(Oliver Selfridge),(Trenchard More), 아서 새뮤얼(Arthur Smuel), 앨런 뉴얼(Allen Newell)과 허버트 사이먼(Herbert A.",definition
37,https://ko.wikipedia.org/wiki/%EC%9D%B8%EA%B3%B5%EC%A7%80%EB%8A%A5,"인공지능 - 위키백과, 우리 모두의 백과사전",다트머스 컨퍼런스 1956년: AI의 탄생,"1956년에 열린 다트머스 컨퍼런스는마빈 민스키와존 매카시, 그리고 IBM의 수석 과학자인클로드 섀넌과가 개최했다. 컨퍼런스는 ""학습의 모든 면 또는 지능의 다른 모든 특성로 기계를 정밀하게 기술할 수 있고 이를 시물레이션 할 수 있다""라는 주장을 포함하여 제안을 제기했다. 참가자는 레이 솔로모노프(Ray Solomonoff),올리버 셀프리지(Oliver Selfridge),(Trenchard More), 아서 새뮤얼(Arthur Smuel), 앨런 뉴얼(Allen Newell)과 허버트 사이먼(Herbert A. Simon)으로, 그들 모두 수십년동안 인공지능 연구에서 중요한 프로그램을 만들어온 사람들이었다.컨퍼런스에서 뉴얼과 사이먼은 ""논리 이론""을 소개했고, 매카시는 Artificial Intelligence를 그들의 연구를 칭하는 이름으로 받아들이길 설득했다.1956년 다트머스 컨퍼런스는 AI 라는 이름, 목표점, 첫번째 성공과 이를 이룬 사람들, 그리고 넓은 의미의 AI의 탄생을 포함하는 순간이었다.",10-0,아서 새뮤얼(Arthur Smuel)의 정의를 설명해주세요.,"참가자는 레이 솔로모노프(Ray Solomonoff),올리버 셀프리지(Oliver Selfridge),(Trenchard More), 아서 새뮤얼(Arthur Smuel), 앨런 뉴얼(Allen Newell)과 허버트 사이먼(Herbert A.",definition
38,https://ko.wikipedia.org/wiki/%EC%9D%B8%EA%B3%B5%EC%A7%80%EB%8A%A5,"인공지능 - 위키백과, 우리 모두의 백과사전",다트머스 컨퍼런스 1956년: AI의 탄생,"1956년에 열린 다트머스 컨퍼런스는마빈 민스키와존 매카시, 그리고 IBM의 수석 과학자인클로드 섀넌과가 개최했다. 컨퍼런스는 ""학습의 모든 면 또는 지능의 다른 모든 특성로 기계를 정밀하게 기술할 수 있고 이를 시물레이션 할 수 있다""라는 주장을 포함하여 제안을 제기했다. 참가자는 레이 솔로모노프(Ray Solomonoff),올리버 셀프리지(Oliver Selfridge),(Trenchard More), 아서 새뮤얼(Arthur Smuel), 앨런 뉴얼(Allen Newell)과 허버트 사이먼(Herbert A. Simon)으로, 그들 모두 수십년동안 인공지능 연구에서 중요한 프로그램을 만들어온 사람들이었다.컨퍼런스에서 뉴얼과 사이먼은 ""논리 이론""을 소개했고, 매카시는 Artificial Intelligence를 그들의 연구를 칭하는 이름으로 받아들이길 설득했다.1956년 다트머스 컨퍼런스는 AI 라는 이름, 목표점, 첫번째 성공과 이를 이룬 사람들, 그리고 넓은 의미의 AI의 탄생을 포함하는 순간이었다.",10-0,1956년에 인공지능 분야에서 어떤 일이 있었나요?,"1956년에 열린 다트머스 컨퍼런스는마빈 민스키와존 매카시, 그리고 IBM의 수석 과학자인클로드 섀넌과가 개최했다.",temporal
39,https://ko.wikipedia.org/wiki/%EC%9D%B8%EA%B3%B5%EC%A7%80%EB%8A%A5,"인공지능 - 위키백과, 우리 모두의 백과사전",황금기(1956~1974년),"다트머스 컨퍼런스 이후에, AI라는 새로운 영역은 발전의 땅을 질주하기 시작했다. 이 기간에 만들어진 프로그램은 많은 사람들을 ""놀랍게(astonishing)""만들었는데, 프로그램은 대수학 문제를 풀었고 기하학의 정리를 증명했으며 영어를 학습했다. 몇 사람들은 이와같은 기계의 ""지능적"" 행동을 보고 AI로 모든 것이 가능할 것이라 믿었다.연구가들은 개인의 의견 또는 출판물들을 통해 낙관론을 펼쳤고, 완전한 지능을 갖춘 기계가 20년 안에 탄생할 것이라고 예측했다.ARPA(Advanced Research Projects Agency)같은 정부 기관은 이 새로운 분야에 돈을 쏟아부었다. 많은 성공적인 프로그램과 새로운 발전 방향이 50년대 후반과 60년대에 나타났다. 이곳에는 AI 역사에 지대한 영향을 미친 것들을 기술했다. 초기 AI 프로그램은 동일한 기본적인 알고리즘을 사용했다. 게임의 승리나 정리 증명 같은 어떤 목표 달성을 위해, 그들은 한발짝식 나아가는(step-by-step) 방식을 상용했다. 예를 들어미로를 찾아갈때 계속 나아가면서 막힌 길이 있으면 다른 길이 있는 곳까지 되돌아 왔다가 다른 길로 가는 식이었다. 이런 패러다임은 ""탐색 추리""라 불렸다.주요한 문제는, 간단한 미로에 있어서도 경로로 사용할 수 있는 수가 천문학적으로 많았다는 것이다. 연구가들은 추론 또는 경험적으로 찾은 규칙으로 정답이 아닌듯 보이는 경로를 지우는 방식을 사용했다.뉴엘과 사이먼은 ""범용 문제 해결기(General Problem Solver)""라 부르는 프로그램 속 알고리즘의 범용적인 버전을 포착하려고 노력했다.",11-0,인공지능에서 '황금기(1956~1974년)'은(는) 무엇을 다루나요?,"다트머스 컨퍼런스 이후에, AI라는 새로운 영역은 발전의 땅을 질주하기 시작했다. 이 기간에 만들어진 프로그램은 많은 사람들을 ""놀랍게(astonishing)""만들었는데, 프로그램은 대수학 문제를 풀었고 기하학의 정리를 증명했으며 영어를 학습했다. 몇 사람들은 이와같은 기계의 ""지능적"" 행동을 보고 AI로 모든 것이 가능할 것이라 믿었다.연구가들은 개인의 의견 또는 출판물들을 통해 낙관론을 펼쳤고, 완전한 지능을 갖춘 기계가 20년 안에 탄생할 것이라고 예측했다.ARPA(Advanced Research Projects Agency)같은 정부 기관은 이 새로운 분야에 돈을 쏟아부었다. 많은 성공적인 프로그램과 새로운 발전 방향이 50년대 후반과 60년대에 나타났다. 이곳에는 AI 역사에 지대한 영향을 미친 것들을 기술했다. 초기 AI 프로그램은 동일한 기본적인 알고리즘을 사용했다. 게임의 승리나 정리 증명 같은 어떤 목표 달성을 위해, 그들은 한발짝식 나아가는(step-by-step)",summarization
40,https://ko.wikipedia.org/wiki/%EC%9D%B8%EA%B3%B5%EC%A7%80%EB%8A%A5,"인공지능 - 위키백과, 우리 모두의 백과사전",황금기(1956~1974년),"다트머스 컨퍼런스 이후에, AI라는 새로운 영역은 발전의 땅을 질주하기 시작했다. 이 기간에 만들어진 프로그램은 많은 사람들을 ""놀랍게(astonishing)""만들었는데, 프로그램은 대수학 문제를 풀었고 기하학의 정리를 증명했으며 영어를 학습했다. 몇 사람들은 이와같은 기계의 ""지능적"" 행동을 보고 AI로 모든 것이 가능할 것이라 믿었다.연구가들은 개인의 의견 또는 출판물들을 통해 낙관론을 펼쳤고, 완전한 지능을 갖춘 기계가 20년 안에 탄생할 것이라고 예측했다.ARPA(Advanced Research Projects Agency)같은 정부 기관은 이 새로운 분야에 돈을 쏟아부었다. 많은 성공적인 프로그램과 새로운 발전 방향이 50년대 후반과 60년대에 나타났다. 이곳에는 AI 역사에 지대한 영향을 미친 것들을 기술했다. 초기 AI 프로그램은 동일한 기본적인 알고리즘을 사용했다. 게임의 승리나 정리 증명 같은 어떤 목표 달성을 위해, 그들은 한발짝식 나아가는(step-by-step) 방식을 상용했다. 예를 들어미로를 찾아갈때 계속 나아가면서 막힌 길이 있으면 다른 길이 있는 곳까지 되돌아 왔다가 다른 길로 가는 식이었다. 이런 패러다임은 ""탐색 추리""라 불렸다.주요한 문제는, 간단한 미로에 있어서도 경로로 사용할 수 있는 수가 천문학적으로 많았다는 것이다. 연구가들은 추론 또는 경험적으로 찾은 규칙으로 정답이 아닌듯 보이는 경로를 지우는 방식을 사용했다.뉴엘과 사이먼은 ""범용 문제 해결기(General Problem Solver)""라 부르는 프로그램 속 알고리즘의 범용적인 버전을 포착하려고 노력했다.",11-0,놀랍게(astonishing)의 정의를 설명해주세요.,"이 기간에 만들어진 프로그램은 많은 사람들을 ""놀랍게(astonishing)""만들었는데, 프로그램은 대수학 문제를 풀었고 기하학의 정리를 증명했으며 영어를 학습했다.",definition
41,https://ko.wikipedia.org/wiki/%EC%9D%B8%EA%B3%B5%EC%A7%80%EB%8A%A5,"인공지능 - 위키백과, 우리 모두의 백과사전",황금기(1956~1974년),"다트머스 컨퍼런스 이후에, AI라는 새로운 영역은 발전의 땅을 질주하기 시작했다. 이 기간에 만들어진 프로그램은 많은 사람들을 ""놀랍게(astonishing)""만들었는데, 프로그램은 대수학 문제를 풀었고 기하학의 정리를 증명했으며 영어를 학습했다. 몇 사람들은 이와같은 기계의 ""지능적"" 행동을 보고 AI로 모든 것이 가능할 것이라 믿었다.연구가들은 개인의 의견 또는 출판물들을 통해 낙관론을 펼쳤고, 완전한 지능을 갖춘 기계가 20년 안에 탄생할 것이라고 예측했다.ARPA(Advanced Research Projects Agency)같은 정부 기관은 이 새로운 분야에 돈을 쏟아부었다. 많은 성공적인 프로그램과 새로운 발전 방향이 50년대 후반과 60년대에 나타났다. 이곳에는 AI 역사에 지대한 영향을 미친 것들을 기술했다. 초기 AI 프로그램은 동일한 기본적인 알고리즘을 사용했다. 게임의 승리나 정리 증명 같은 어떤 목표 달성을 위해, 그들은 한발짝식 나아가는(step-by-step) 방식을 상용했다. 예를 들어미로를 찾아갈때 계속 나아가면서 막힌 길이 있으면 다른 길이 있는 곳까지 되돌아 왔다가 다른 길로 가는 식이었다. 이런 패러다임은 ""탐색 추리""라 불렸다.주요한 문제는, 간단한 미로에 있어서도 경로로 사용할 수 있는 수가 천문학적으로 많았다는 것이다. 연구가들은 추론 또는 경험적으로 찾은 규칙으로 정답이 아닌듯 보이는 경로를 지우는 방식을 사용했다.뉴엘과 사이먼은 ""범용 문제 해결기(General Problem Solver)""라 부르는 프로그램 속 알고리즘의 범용적인 버전을 포착하려고 노력했다.",11-0,범용 문제 해결기(General Problem Solver)의 정의를 설명해주세요.,"뉴엘과 사이먼은 ""범용 문제 해결기(General Problem Solver)""라 부르는 프로그램 속 알고리즘의 범용적인 버전을 포착하려고 노력했다.",definition
42,https://ko.wikipedia.org/wiki/%EC%9D%B8%EA%B3%B5%EC%A7%80%EB%8A%A5,"인공지능 - 위키백과, 우리 모두의 백과사전",황금기(1956~1974년),"다른 ""검색"" 프로그램은 기하학과 대수학의 문제를 해결하는 것처럼 인상적인 작업 - 허버트 게랜터(Herbert Gelenter)의 ""기하학 해결기""나 민스키의 제자인 제임스 슬레이글(James Slage)의 SAINT - 을 수행하길 시도했다.다른 프로그램은 목표와 목표에 다가가기 위한 세부 계획을 검색했고, 여기에는 스탠포드에서 샤키(Shakey) 로봇의 동작을 제어하기 위해 개발한 STRIPS 시스템을 포함한다. AI 연구의 중요한 목표는 영어와 같은 자연어로 컴퓨터와 의사소통할 수 있게 하는 것이었다. 일찍이 다니엘 보로우(Daniel Bobrow)의 STUDENT라는 프로그램은 고등학교 수준의 대수학 단어 문제를 푸는 성공을 보였다.'의미 망'은 개념을 다른 개념들 사이의 노드와 링크 관계로 나타낸다. 의미 망을 사용하는 첫 번째 AI 프로그램은 로스 퀄리언(Ross Quillian)이 작성했고 가장 성공이며 동시에 논쟁이 많았던 버전은 로거 섕크(Roger Schank)의 ""개념 종속 이론(Conceptual dependency theory)""이다.조셉 웨이젠바움(Joseph Weizenbaum)의 ELIZA는 사람들이 그들이 대화를 나누는 때때로 상대가 컴퓨터가 아니라 사람이라고 생각할 정도의 질로 대화했다. 사실, ELIZA는 스스로 생각하여 말하지 않았다. 그 프로그램은 오직 판에 박힌 말을 하거나, 상대에게 방금 말한 말을 다시 해 달라고 요청하거나, 상대가 한 말을 몇 개의 문법 법칙에 의해 파싱 할 뿐이었다. ELIZA는 첫 번째 채팅 프로그램이 되었다.",11-1,허버트 게랜터(Herbert Gelenter)의 정의를 설명해주세요.,"다른 ""검색"" 프로그램은 기하학과 대수학의 문제를 해결하는 것처럼 인상적인 작업 - 허버트 게랜터(Herbert Gelenter)의 ""기하학 해결기""나 민스키의 제자인 제임스 슬레이글(James Slage)의 SAINT - 을 수행하길 시도했다.",definition
43,https://ko.wikipedia.org/wiki/%EC%9D%B8%EA%B3%B5%EC%A7%80%EB%8A%A5,"인공지능 - 위키백과, 우리 모두의 백과사전",황금기(1956~1974년),"다른 ""검색"" 프로그램은 기하학과 대수학의 문제를 해결하는 것처럼 인상적인 작업 - 허버트 게랜터(Herbert Gelenter)의 ""기하학 해결기""나 민스키의 제자인 제임스 슬레이글(James Slage)의 SAINT - 을 수행하길 시도했다.다른 프로그램은 목표와 목표에 다가가기 위한 세부 계획을 검색했고, 여기에는 스탠포드에서 샤키(Shakey) 로봇의 동작을 제어하기 위해 개발한 STRIPS 시스템을 포함한다. AI 연구의 중요한 목표는 영어와 같은 자연어로 컴퓨터와 의사소통할 수 있게 하는 것이었다. 일찍이 다니엘 보로우(Daniel Bobrow)의 STUDENT라는 프로그램은 고등학교 수준의 대수학 단어 문제를 푸는 성공을 보였다.'의미 망'은 개념을 다른 개념들 사이의 노드와 링크 관계로 나타낸다. 의미 망을 사용하는 첫 번째 AI 프로그램은 로스 퀄리언(Ross Quillian)이 작성했고 가장 성공이며 동시에 논쟁이 많았던 버전은 로거 섕크(Roger Schank)의 ""개념 종속 이론(Conceptual dependency theory)""이다.조셉 웨이젠바움(Joseph Weizenbaum)의 ELIZA는 사람들이 그들이 대화를 나누는 때때로 상대가 컴퓨터가 아니라 사람이라고 생각할 정도의 질로 대화했다. 사실, ELIZA는 스스로 생각하여 말하지 않았다. 그 프로그램은 오직 판에 박힌 말을 하거나, 상대에게 방금 말한 말을 다시 해 달라고 요청하거나, 상대가 한 말을 몇 개의 문법 법칙에 의해 파싱 할 뿐이었다. ELIZA는 첫 번째 채팅 프로그램이 되었다.",11-1,나 민스키의 제자인 제임스 슬레이글(James Slage)의 정의를 설명해주세요.,"다른 ""검색"" 프로그램은 기하학과 대수학의 문제를 해결하는 것처럼 인상적인 작업 - 허버트 게랜터(Herbert Gelenter)의 ""기하학 해결기""나 민스키의 제자인 제임스 슬레이글(James Slage)의 SAINT - 을 수행하길 시도했다.",definition
44,https://ko.wikipedia.org/wiki/%EC%9D%B8%EA%B3%B5%EC%A7%80%EB%8A%A5,"인공지능 - 위키백과, 우리 모두의 백과사전",황금기(1956~1974년),"다른 ""검색"" 프로그램은 기하학과 대수학의 문제를 해결하는 것처럼 인상적인 작업 - 허버트 게랜터(Herbert Gelenter)의 ""기하학 해결기""나 민스키의 제자인 제임스 슬레이글(James Slage)의 SAINT - 을 수행하길 시도했다.다른 프로그램은 목표와 목표에 다가가기 위한 세부 계획을 검색했고, 여기에는 스탠포드에서 샤키(Shakey) 로봇의 동작을 제어하기 위해 개발한 STRIPS 시스템을 포함한다. AI 연구의 중요한 목표는 영어와 같은 자연어로 컴퓨터와 의사소통할 수 있게 하는 것이었다. 일찍이 다니엘 보로우(Daniel Bobrow)의 STUDENT라는 프로그램은 고등학교 수준의 대수학 단어 문제를 푸는 성공을 보였다.'의미 망'은 개념을 다른 개념들 사이의 노드와 링크 관계로 나타낸다. 의미 망을 사용하는 첫 번째 AI 프로그램은 로스 퀄리언(Ross Quillian)이 작성했고 가장 성공이며 동시에 논쟁이 많았던 버전은 로거 섕크(Roger Schank)의 ""개념 종속 이론(Conceptual dependency theory)""이다.조셉 웨이젠바움(Joseph Weizenbaum)의 ELIZA는 사람들이 그들이 대화를 나누는 때때로 상대가 컴퓨터가 아니라 사람이라고 생각할 정도의 질로 대화했다. 사실, ELIZA는 스스로 생각하여 말하지 않았다. 그 프로그램은 오직 판에 박힌 말을 하거나, 상대에게 방금 말한 말을 다시 해 달라고 요청하거나, 상대가 한 말을 몇 개의 문법 법칙에 의해 파싱 할 뿐이었다. ELIZA는 첫 번째 채팅 프로그램이 되었다.",11-1,여기에는 스탠포드에서 샤키(Shakey)의 정의를 설명해주세요.,"다른 프로그램은 목표와 목표에 다가가기 위한 세부 계획을 검색했고, 여기에는 스탠포드에서 샤키(Shakey) 로봇의 동작을 제어하기 위해 개발한 STRIPS 시스템을 포함한다.",definition
45,https://ko.wikipedia.org/wiki/%EC%9D%B8%EA%B3%B5%EC%A7%80%EB%8A%A5,"인공지능 - 위키백과, 우리 모두의 백과사전",황금기(1956~1974년),"1960년대 후반에, MIT의 AI 연구소에 있던마빈 민스키와시모어 페퍼트는 마이크로월드 연구로 불리는, 인위적인 간단한 상황에 초점을 맞춘 AI 연구를 제안했다. 그들은 성공적인 과학자들이 자주 쉬운 이해를 위해 '마찰면'이라든지 '강체(물리학에서 결코 형태가 변하지 않는 물체)'같은 간단한 모델을 사용한다는 것에 집중했다. 이런 연구의 대부분이 평평한 평면 위의 다양한 형태와 색깔의 블록으로 이루어진 '블록 단위의 세계'에 초점을 맞추는 형식이었다. 제럴드 서스먼(Gerald Sussman)을 필두로 아돌포 구스만(Adolfo Guzman), 데이비드 월츠(David Waltz) 그리고 패트릭 윈스턴(Patrick Winston)이 마이크로월드 패러다임으로 기계 비전의 혁신을 이끌었다. 같은 시간에, 민스키와 페퍼는 블록을 쌓을 수 있는 로봇 팔을 제작했다. 마이크로월드의 영광스러운 성취는 테리 위노가드(Terry Winograd)의 SHRDLU이며, 이것은 보통의 일반 문장으로 소통해 작업을 계획하고 이를 실행할 수 있었다. AI 연구의 첫 번째 세대는 그들의 연구 결과에 대해 다음과 같이 예측했다. 1958년, 사이먼(H. A. Simon)과 뉴얼(Allen Newell): ""10년 내에 디지털 컴퓨터가 체스 세계 챔피언을 이길 것이다"", 덧붙여 ""10년 내에 디지털 컴퓨터는 중요한 새로운 수학적 정리를 발견하고 증명할 것이다""라고 말했다.",11-2,제럴드 서스먼(Gerald Sussman)의 정의를 설명해주세요.,"제럴드 서스먼(Gerald Sussman)을 필두로 아돌포 구스만(Adolfo Guzman), 데이비드 월츠(David Waltz) 그리고 패트릭 윈스턴(Patrick Winston)이 마이크로월드 패러다임으로 기계 비전의 혁신을 이끌었다.",definition
46,https://ko.wikipedia.org/wiki/%EC%9D%B8%EA%B3%B5%EC%A7%80%EB%8A%A5,"인공지능 - 위키백과, 우리 모두의 백과사전",황금기(1956~1974년),"1960년대 후반에, MIT의 AI 연구소에 있던마빈 민스키와시모어 페퍼트는 마이크로월드 연구로 불리는, 인위적인 간단한 상황에 초점을 맞춘 AI 연구를 제안했다. 그들은 성공적인 과학자들이 자주 쉬운 이해를 위해 '마찰면'이라든지 '강체(물리학에서 결코 형태가 변하지 않는 물체)'같은 간단한 모델을 사용한다는 것에 집중했다. 이런 연구의 대부분이 평평한 평면 위의 다양한 형태와 색깔의 블록으로 이루어진 '블록 단위의 세계'에 초점을 맞추는 형식이었다. 제럴드 서스먼(Gerald Sussman)을 필두로 아돌포 구스만(Adolfo Guzman), 데이비드 월츠(David Waltz) 그리고 패트릭 윈스턴(Patrick Winston)이 마이크로월드 패러다임으로 기계 비전의 혁신을 이끌었다. 같은 시간에, 민스키와 페퍼는 블록을 쌓을 수 있는 로봇 팔을 제작했다. 마이크로월드의 영광스러운 성취는 테리 위노가드(Terry Winograd)의 SHRDLU이며, 이것은 보통의 일반 문장으로 소통해 작업을 계획하고 이를 실행할 수 있었다. AI 연구의 첫 번째 세대는 그들의 연구 결과에 대해 다음과 같이 예측했다. 1958년, 사이먼(H. A. Simon)과 뉴얼(Allen Newell): ""10년 내에 디지털 컴퓨터가 체스 세계 챔피언을 이길 것이다"", 덧붙여 ""10년 내에 디지털 컴퓨터는 중요한 새로운 수학적 정리를 발견하고 증명할 것이다""라고 말했다.",11-2,을 필두로 아돌포 구스만(Adolfo Guzman)의 정의를 설명해주세요.,"제럴드 서스먼(Gerald Sussman)을 필두로 아돌포 구스만(Adolfo Guzman), 데이비드 월츠(David Waltz) 그리고 패트릭 윈스턴(Patrick Winston)이 마이크로월드 패러다임으로 기계 비전의 혁신을 이끌었다.",definition
47,https://ko.wikipedia.org/wiki/%EC%9D%B8%EA%B3%B5%EC%A7%80%EB%8A%A5,"인공지능 - 위키백과, 우리 모두의 백과사전",황금기(1956~1974년),"1960년대 후반에, MIT의 AI 연구소에 있던마빈 민스키와시모어 페퍼트는 마이크로월드 연구로 불리는, 인위적인 간단한 상황에 초점을 맞춘 AI 연구를 제안했다. 그들은 성공적인 과학자들이 자주 쉬운 이해를 위해 '마찰면'이라든지 '강체(물리학에서 결코 형태가 변하지 않는 물체)'같은 간단한 모델을 사용한다는 것에 집중했다. 이런 연구의 대부분이 평평한 평면 위의 다양한 형태와 색깔의 블록으로 이루어진 '블록 단위의 세계'에 초점을 맞추는 형식이었다. 제럴드 서스먼(Gerald Sussman)을 필두로 아돌포 구스만(Adolfo Guzman), 데이비드 월츠(David Waltz) 그리고 패트릭 윈스턴(Patrick Winston)이 마이크로월드 패러다임으로 기계 비전의 혁신을 이끌었다. 같은 시간에, 민스키와 페퍼는 블록을 쌓을 수 있는 로봇 팔을 제작했다. 마이크로월드의 영광스러운 성취는 테리 위노가드(Terry Winograd)의 SHRDLU이며, 이것은 보통의 일반 문장으로 소통해 작업을 계획하고 이를 실행할 수 있었다. AI 연구의 첫 번째 세대는 그들의 연구 결과에 대해 다음과 같이 예측했다. 1958년, 사이먼(H. A. Simon)과 뉴얼(Allen Newell): ""10년 내에 디지털 컴퓨터가 체스 세계 챔피언을 이길 것이다"", 덧붙여 ""10년 내에 디지털 컴퓨터는 중요한 새로운 수학적 정리를 발견하고 증명할 것이다""라고 말했다.",11-2,데이비드 월츠(David Waltz)의 정의를 설명해주세요.,"제럴드 서스먼(Gerald Sussman)을 필두로 아돌포 구스만(Adolfo Guzman), 데이비드 월츠(David Waltz) 그리고 패트릭 윈스턴(Patrick Winston)이 마이크로월드 패러다임으로 기계 비전의 혁신을 이끌었다.",definition
48,https://ko.wikipedia.org/wiki/%EC%9D%B8%EA%B3%B5%EC%A7%80%EB%8A%A5,"인공지능 - 위키백과, 우리 모두의 백과사전",황금기(1956~1974년),"1960년대 후반에, MIT의 AI 연구소에 있던마빈 민스키와시모어 페퍼트는 마이크로월드 연구로 불리는, 인위적인 간단한 상황에 초점을 맞춘 AI 연구를 제안했다. 그들은 성공적인 과학자들이 자주 쉬운 이해를 위해 '마찰면'이라든지 '강체(물리학에서 결코 형태가 변하지 않는 물체)'같은 간단한 모델을 사용한다는 것에 집중했다. 이런 연구의 대부분이 평평한 평면 위의 다양한 형태와 색깔의 블록으로 이루어진 '블록 단위의 세계'에 초점을 맞추는 형식이었다. 제럴드 서스먼(Gerald Sussman)을 필두로 아돌포 구스만(Adolfo Guzman), 데이비드 월츠(David Waltz) 그리고 패트릭 윈스턴(Patrick Winston)이 마이크로월드 패러다임으로 기계 비전의 혁신을 이끌었다. 같은 시간에, 민스키와 페퍼는 블록을 쌓을 수 있는 로봇 팔을 제작했다. 마이크로월드의 영광스러운 성취는 테리 위노가드(Terry Winograd)의 SHRDLU이며, 이것은 보통의 일반 문장으로 소통해 작업을 계획하고 이를 실행할 수 있었다. AI 연구의 첫 번째 세대는 그들의 연구 결과에 대해 다음과 같이 예측했다. 1958년, 사이먼(H. A. Simon)과 뉴얼(Allen Newell): ""10년 내에 디지털 컴퓨터가 체스 세계 챔피언을 이길 것이다"", 덧붙여 ""10년 내에 디지털 컴퓨터는 중요한 새로운 수학적 정리를 발견하고 증명할 것이다""라고 말했다.",11-2,1960년에 인공지능 분야에서 어떤 일이 있었나요?,"1960년대 후반에, MIT의 AI 연구소에 있던마빈 민스키와시모어 페퍼트는 마이크로월드 연구로 불리는, 인위적인 간단한 상황에 초점을 맞춘 AI 연구를 제안했다.",temporal
49,https://ko.wikipedia.org/wiki/%EC%9D%B8%EA%B3%B5%EC%A7%80%EB%8A%A5,"인공지능 - 위키백과, 우리 모두의 백과사전",황금기(1956~1974년),"1965년, 사이먼: ""20년 내에 기계가 사람이 할 수 있는 모든 일을 할 것이다.""
1967년, 마빈 민스키: ""이번 세기에 AI를 만드는 문제는 거의 해결 될 것이다.""
1970년, 마빈 민스키: (Life 잡지를 통해서) ""3~8년안에 우리는 평균정도의 인간 지능을 가지는 기계를 가지게 될 것입니다.""
1963년 6월, MIT는 220만 달러를 고등 연구 계획국(Advanced Research Projects Agency - 후에 DARPA로 알려짐)에게 제공받았다. 자금은 민스키와 매카시가 5년전 설립한 ""AI 그룹""이 포섭한 프로젝트 MAC에서 사용되었다. DARPA는 계속해서 매년 300만 달러를 70년대까지 제공했다.DARPA는 또한 유사한 자금을 뉴얼과 사이먼의 CMU 프로그램과 스탠포드 AI 프로젝트에 제공했다.또다른 중요한 AI 연구소는 1965년도널드 미키가에든버러 대학교에 세웠다.이 4개의 시설은 계속해서 많은 연도에 걸쳐 학계의 주요한 AI연구소, 그리고 자금처로 존재할 것이다.자금은 몇가지 단서와 함께 제공됐다: ARPA의 기획자 리클리더(J. C. R. Licklider)는 그의 조직은 ""프로젝트가 아니라, 사람에게 투자""해야 한다고 믿었고, 연구자들이 어떤 방향이든 그들의 관심있는 쪽을 연구하도록 허용했다.이것은 MIT에 자유분방한 분위기를 생성했고 해킹 문화를 탄생시키기도 했다. 그러나 이렇게 손을 떼고 지켜보는 형식의 지원은 얼마 지속되지 못했다.",11-3,1965년에 인공지능 분야에서 어떤 일이 있었나요?,"1965년, 사이먼: ""20년 내에 기계가 사람이 할 수 있는 모든 일을 할 것이다.",temporal
50,https://ko.wikipedia.org/wiki/%EC%9D%B8%EA%B3%B5%EC%A7%80%EB%8A%A5,"인공지능 - 위키백과, 우리 모두의 백과사전",황금기(1956~1974년),"1965년, 사이먼: ""20년 내에 기계가 사람이 할 수 있는 모든 일을 할 것이다.""
1967년, 마빈 민스키: ""이번 세기에 AI를 만드는 문제는 거의 해결 될 것이다.""
1970년, 마빈 민스키: (Life 잡지를 통해서) ""3~8년안에 우리는 평균정도의 인간 지능을 가지는 기계를 가지게 될 것입니다.""
1963년 6월, MIT는 220만 달러를 고등 연구 계획국(Advanced Research Projects Agency - 후에 DARPA로 알려짐)에게 제공받았다. 자금은 민스키와 매카시가 5년전 설립한 ""AI 그룹""이 포섭한 프로젝트 MAC에서 사용되었다. DARPA는 계속해서 매년 300만 달러를 70년대까지 제공했다.DARPA는 또한 유사한 자금을 뉴얼과 사이먼의 CMU 프로그램과 스탠포드 AI 프로젝트에 제공했다.또다른 중요한 AI 연구소는 1965년도널드 미키가에든버러 대학교에 세웠다.이 4개의 시설은 계속해서 많은 연도에 걸쳐 학계의 주요한 AI연구소, 그리고 자금처로 존재할 것이다.자금은 몇가지 단서와 함께 제공됐다: ARPA의 기획자 리클리더(J. C. R. Licklider)는 그의 조직은 ""프로젝트가 아니라, 사람에게 투자""해야 한다고 믿었고, 연구자들이 어떤 방향이든 그들의 관심있는 쪽을 연구하도록 허용했다.이것은 MIT에 자유분방한 분위기를 생성했고 해킹 문화를 탄생시키기도 했다. 그러나 이렇게 손을 떼고 지켜보는 형식의 지원은 얼마 지속되지 못했다.",11-3,1967년에 인공지능 분야에서 어떤 일이 있었나요?,"1967년, 마빈 민스키: ""이번 세기에 AI를 만드는 문제는 거의 해결 될 것이다.",temporal
51,https://ko.wikipedia.org/wiki/%EC%9D%B8%EA%B3%B5%EC%A7%80%EB%8A%A5,"인공지능 - 위키백과, 우리 모두의 백과사전",AI의 첫번째 암흑기(1974-1980),"70년대에 이르자, AI는 비판의 대상이 되었고 재정적 위기가 닥쳤다. AI 연구가들은 그들의 눈앞에 있는 복잡한 문제를 해결하는데 실패했다. 연구가들의 엄청난 낙관론은 연구에 대한 기대를 매우 높여놓았고, 그들이 약속했던 결과를 보여주지 못하자, AI에 대한 자금 투자는 사라져버렸다. 동시에, Connectionism 또는 뉴럴망은 지난 10년동안 마빈 민스키의 퍼셉트론(시각과 뇌의 기능을 모델화한 학습 기계)에 대한 파괴적인 비판에 의해 완전히 중지되었다.그러나 70년대 후반의 AI에 대한 좋지 않은 대중의 인식에도 불구하고, 논리 프로그래밍, 상징 추론과 많은 여러 영역에서의 새로운 아이디어가 나타났다. 1970년대 초, AI 프로그램의 가능성은 제한적이었다. 모든 문제에 걸쳐서 문제를 푸는 인상 깊은 작품들은 겨우 시험용 버전 정도였고, 어떤 의미에선 '장난감'에 가까웠다.AI 연구는 70년대에 더 이상 극복할 수 없는 몇개의 근본적인 한계를 가지게 됐다.몇개의 한계를 통해 십여년 후에 극복되었고, 다른 몇 개는 오늘날까지 남아있다. 컴퓨터 능력의 한계: 정말 유용한 무언가를 이루기에는 메모리 또는 처리 속도가 충분하지 않았다. 예를 들어 로스 퀼리언(Ross Quillian)의 자연어 처리에서 성공적인 완수는 오직 20개의 단어 위에서 발휘되었는데, 이것은 메모리가 꽉 찼기 때문이었다.++한스 모라벡은 1976년에 컴퓨터가 지능을 가지기엔 여전히 수백만 배 약하다고 논증했다. 그는 비유를 들었는데, AI가 컴퓨터 능력을 필요로 하는 것은 항공기가 마력을 필요로 하는 것과 같다는 것이었다.",12-0,인공지능에서 'AI의 첫번째 암흑기(1974-1980)'은(는) 무엇을 다루나요?,"70년대에 이르자, AI는 비판의 대상이 되었고 재정적 위기가 닥쳤다. AI 연구가들은 그들의 눈앞에 있는 복잡한 문제를 해결하는데 실패했다. 연구가들의 엄청난 낙관론은 연구에 대한 기대를 매우 높여놓았고, 그들이 약속했던 결과를 보여주지 못하자, AI에 대한 자금 투자는 사라져버렸다. 동시에, Connectionism 또는 뉴럴망은 지난 10년동안 마빈 민스키의 퍼셉트론(시각과 뇌의 기능을 모델화한 학습 기계)에 대한 파괴적인 비판에 의해 완전히 중지되었다.그러나 70년대 후반의 AI에 대한 좋지 않은 대중의 인식에도 불구하고, 논리 프로그래밍, 상징 추론과 많은 여러 영역에서의 새로운 아이디어가 나타났다. 1970년대 초, AI 프로그램의 가능성은 제한적이었다. 모든 문제에 걸쳐서 문제를 푸는 인상 깊은 작품들은 겨우 시험용 버전 정도였고, 어떤 의미에선 '장난감'에 가까웠다.AI 연구는 70년대에 더 이상 극복할 수 없는 몇개의 근본적인 한계를 가지게 됐다.몇개의 한계를 통해",summarization
52,https://ko.wikipedia.org/wiki/%EC%9D%B8%EA%B3%B5%EC%A7%80%EB%8A%A5,"인공지능 - 위키백과, 우리 모두의 백과사전",AI의 첫번째 암흑기(1974-1980),"70년대에 이르자, AI는 비판의 대상이 되었고 재정적 위기가 닥쳤다. AI 연구가들은 그들의 눈앞에 있는 복잡한 문제를 해결하는데 실패했다. 연구가들의 엄청난 낙관론은 연구에 대한 기대를 매우 높여놓았고, 그들이 약속했던 결과를 보여주지 못하자, AI에 대한 자금 투자는 사라져버렸다. 동시에, Connectionism 또는 뉴럴망은 지난 10년동안 마빈 민스키의 퍼셉트론(시각과 뇌의 기능을 모델화한 학습 기계)에 대한 파괴적인 비판에 의해 완전히 중지되었다.그러나 70년대 후반의 AI에 대한 좋지 않은 대중의 인식에도 불구하고, 논리 프로그래밍, 상징 추론과 많은 여러 영역에서의 새로운 아이디어가 나타났다. 1970년대 초, AI 프로그램의 가능성은 제한적이었다. 모든 문제에 걸쳐서 문제를 푸는 인상 깊은 작품들은 겨우 시험용 버전 정도였고, 어떤 의미에선 '장난감'에 가까웠다.AI 연구는 70년대에 더 이상 극복할 수 없는 몇개의 근본적인 한계를 가지게 됐다.몇개의 한계를 통해 십여년 후에 극복되었고, 다른 몇 개는 오늘날까지 남아있다. 컴퓨터 능력의 한계: 정말 유용한 무언가를 이루기에는 메모리 또는 처리 속도가 충분하지 않았다. 예를 들어 로스 퀼리언(Ross Quillian)의 자연어 처리에서 성공적인 완수는 오직 20개의 단어 위에서 발휘되었는데, 이것은 메모리가 꽉 찼기 때문이었다.++한스 모라벡은 1976년에 컴퓨터가 지능을 가지기엔 여전히 수백만 배 약하다고 논증했다. 그는 비유를 들었는데, AI가 컴퓨터 능력을 필요로 하는 것은 항공기가 마력을 필요로 하는 것과 같다는 것이었다.",12-0,예를 들어 로스 퀼리언(Ross Quillian)의 정의를 설명해주세요.,"예를 들어 로스 퀼리언(Ross Quillian)의 자연어 처리에서 성공적인 완수는 오직 20개의 단어 위에서 발휘되었는데, 이것은 메모리가 꽉 찼기 때문이었다.",definition
53,https://ko.wikipedia.org/wiki/%EC%9D%B8%EA%B3%B5%EC%A7%80%EB%8A%A5,"인공지능 - 위키백과, 우리 모두의 백과사전",AI의 첫번째 암흑기(1974-1980),"70년대에 이르자, AI는 비판의 대상이 되었고 재정적 위기가 닥쳤다. AI 연구가들은 그들의 눈앞에 있는 복잡한 문제를 해결하는데 실패했다. 연구가들의 엄청난 낙관론은 연구에 대한 기대를 매우 높여놓았고, 그들이 약속했던 결과를 보여주지 못하자, AI에 대한 자금 투자는 사라져버렸다. 동시에, Connectionism 또는 뉴럴망은 지난 10년동안 마빈 민스키의 퍼셉트론(시각과 뇌의 기능을 모델화한 학습 기계)에 대한 파괴적인 비판에 의해 완전히 중지되었다.그러나 70년대 후반의 AI에 대한 좋지 않은 대중의 인식에도 불구하고, 논리 프로그래밍, 상징 추론과 많은 여러 영역에서의 새로운 아이디어가 나타났다. 1970년대 초, AI 프로그램의 가능성은 제한적이었다. 모든 문제에 걸쳐서 문제를 푸는 인상 깊은 작품들은 겨우 시험용 버전 정도였고, 어떤 의미에선 '장난감'에 가까웠다.AI 연구는 70년대에 더 이상 극복할 수 없는 몇개의 근본적인 한계를 가지게 됐다.몇개의 한계를 통해 십여년 후에 극복되었고, 다른 몇 개는 오늘날까지 남아있다. 컴퓨터 능력의 한계: 정말 유용한 무언가를 이루기에는 메모리 또는 처리 속도가 충분하지 않았다. 예를 들어 로스 퀼리언(Ross Quillian)의 자연어 처리에서 성공적인 완수는 오직 20개의 단어 위에서 발휘되었는데, 이것은 메모리가 꽉 찼기 때문이었다.++한스 모라벡은 1976년에 컴퓨터가 지능을 가지기엔 여전히 수백만 배 약하다고 논증했다. 그는 비유를 들었는데, AI가 컴퓨터 능력을 필요로 하는 것은 항공기가 마력을 필요로 하는 것과 같다는 것이었다.",12-0,1970년에 인공지능 분야에서 어떤 일이 있었나요?,"1970년대 초, AI 프로그램의 가능성은 제한적이었다.",temporal
54,https://ko.wikipedia.org/wiki/%EC%9D%B8%EA%B3%B5%EC%A7%80%EB%8A%A5,"인공지능 - 위키백과, 우리 모두의 백과사전",AI의 첫번째 암흑기(1974-1980),"70년대에 이르자, AI는 비판의 대상이 되었고 재정적 위기가 닥쳤다. AI 연구가들은 그들의 눈앞에 있는 복잡한 문제를 해결하는데 실패했다. 연구가들의 엄청난 낙관론은 연구에 대한 기대를 매우 높여놓았고, 그들이 약속했던 결과를 보여주지 못하자, AI에 대한 자금 투자는 사라져버렸다. 동시에, Connectionism 또는 뉴럴망은 지난 10년동안 마빈 민스키의 퍼셉트론(시각과 뇌의 기능을 모델화한 학습 기계)에 대한 파괴적인 비판에 의해 완전히 중지되었다.그러나 70년대 후반의 AI에 대한 좋지 않은 대중의 인식에도 불구하고, 논리 프로그래밍, 상징 추론과 많은 여러 영역에서의 새로운 아이디어가 나타났다. 1970년대 초, AI 프로그램의 가능성은 제한적이었다. 모든 문제에 걸쳐서 문제를 푸는 인상 깊은 작품들은 겨우 시험용 버전 정도였고, 어떤 의미에선 '장난감'에 가까웠다.AI 연구는 70년대에 더 이상 극복할 수 없는 몇개의 근본적인 한계를 가지게 됐다.몇개의 한계를 통해 십여년 후에 극복되었고, 다른 몇 개는 오늘날까지 남아있다. 컴퓨터 능력의 한계: 정말 유용한 무언가를 이루기에는 메모리 또는 처리 속도가 충분하지 않았다. 예를 들어 로스 퀼리언(Ross Quillian)의 자연어 처리에서 성공적인 완수는 오직 20개의 단어 위에서 발휘되었는데, 이것은 메모리가 꽉 찼기 때문이었다.++한스 모라벡은 1976년에 컴퓨터가 지능을 가지기엔 여전히 수백만 배 약하다고 논증했다. 그는 비유를 들었는데, AI가 컴퓨터 능력을 필요로 하는 것은 항공기가 마력을 필요로 하는 것과 같다는 것이었다.",12-0,1976년에 인공지능 분야에서 어떤 일이 있었나요?,++한스 모라벡은 1976년에 컴퓨터가 지능을 가지기엔 여전히 수백만 배 약하다고 논증했다.,temporal
55,https://ko.wikipedia.org/wiki/%EC%9D%B8%EA%B3%B5%EC%A7%80%EB%8A%A5,"인공지능 - 위키백과, 우리 모두의 백과사전",AI의 첫번째 암흑기(1974-1980),"컴퓨터 영상에 대해서, 모라벡은 간단하게 계산하여 실시간으로 사람의 망막을 모션 캡처하려면 범용 컴퓨터가 초당 10^9 명령어(1000MIPS)를 처리해야 할 것이라고 추측했다. 2011년경 실용적인 컴퓨터 영상 프로그램은 10,000~1,000,000 MIPS를 요구한다. 1976년경 5백만에서 8백만 달러사이에 판매되던 가장 빠른 슈퍼컴퓨터인 Cray-1은 오직 80~130 MIPS였고, 당시 전형적인 데스크탑 컴퓨터는 겨우 1 MIPS 남짓이었다. 폭발적인 조합 수와 비용이성: 1972년에 리차트 카프(Hichard Karp)는 문제 해결에 지수적 시간이 요구되는 많은 문제를 보여주었다. 하찮은 문제일지라도 이런 문제의 최적의 해답을 찾는 데 상상할 수도 없는 컴퓨터의 시간이 요구되었다. 즉 지금까지 AI '장난감'에서 사용되었던 방법은 실제적으로 유용한 AI 시스템을 제작하는 데 용이하지 못했다. 상징적 지식과 추론: 영상 처리나 자연어 처리 같은 많은 중요한 AI 프로그램은 실제 세상에 대한 간단하지만 어마어마한 양의 정보를 필요로 한다. 그래야 프로그램이 자신이 보고 있는 것이 무엇인지, 또는 자신이 듣고 있는 것이 무엇인지 아이디어를 찾을 수 있기 때문이다. 이 요구는 아기들의 세상에 대해 알아나가는 것과 유사하다. 연구가들은 곧 요구되는 정보의 양이 엄청나게 광대하다는 것을 발견했다. 1970년대의 누구도 이런 데이터가 포함된 데이터베이스를 만들지 못했고, 누구도 이런 데이터를 프로그램 혼자 터득하는 방법을 알지 못했다.",12-1,년에 리차트 카프(Hichard Karp)의 정의를 설명해주세요.,폭발적인 조합 수와 비용이성: 1972년에 리차트 카프(Hichard Karp)는 문제 해결에 지수적 시간이 요구되는 많은 문제를 보여주었다.,definition
56,https://ko.wikipedia.org/wiki/%EC%9D%B8%EA%B3%B5%EC%A7%80%EB%8A%A5,"인공지능 - 위키백과, 우리 모두의 백과사전",AI의 첫번째 암흑기(1974-1980),"컴퓨터 영상에 대해서, 모라벡은 간단하게 계산하여 실시간으로 사람의 망막을 모션 캡처하려면 범용 컴퓨터가 초당 10^9 명령어(1000MIPS)를 처리해야 할 것이라고 추측했다. 2011년경 실용적인 컴퓨터 영상 프로그램은 10,000~1,000,000 MIPS를 요구한다. 1976년경 5백만에서 8백만 달러사이에 판매되던 가장 빠른 슈퍼컴퓨터인 Cray-1은 오직 80~130 MIPS였고, 당시 전형적인 데스크탑 컴퓨터는 겨우 1 MIPS 남짓이었다. 폭발적인 조합 수와 비용이성: 1972년에 리차트 카프(Hichard Karp)는 문제 해결에 지수적 시간이 요구되는 많은 문제를 보여주었다. 하찮은 문제일지라도 이런 문제의 최적의 해답을 찾는 데 상상할 수도 없는 컴퓨터의 시간이 요구되었다. 즉 지금까지 AI '장난감'에서 사용되었던 방법은 실제적으로 유용한 AI 시스템을 제작하는 데 용이하지 못했다. 상징적 지식과 추론: 영상 처리나 자연어 처리 같은 많은 중요한 AI 프로그램은 실제 세상에 대한 간단하지만 어마어마한 양의 정보를 필요로 한다. 그래야 프로그램이 자신이 보고 있는 것이 무엇인지, 또는 자신이 듣고 있는 것이 무엇인지 아이디어를 찾을 수 있기 때문이다. 이 요구는 아기들의 세상에 대해 알아나가는 것과 유사하다. 연구가들은 곧 요구되는 정보의 양이 엄청나게 광대하다는 것을 발견했다. 1970년대의 누구도 이런 데이터가 포함된 데이터베이스를 만들지 못했고, 누구도 이런 데이터를 프로그램 혼자 터득하는 방법을 알지 못했다.",12-1,2011년에 인공지능 분야에서 어떤 일이 있었나요?,"2011년경 실용적인 컴퓨터 영상 프로그램은 10,000~1,000,000 MIPS를 요구한다.",temporal
57,https://ko.wikipedia.org/wiki/%EC%9D%B8%EA%B3%B5%EC%A7%80%EB%8A%A5,"인공지능 - 위키백과, 우리 모두의 백과사전",AI의 첫번째 암흑기(1974-1980),"컴퓨터 영상에 대해서, 모라벡은 간단하게 계산하여 실시간으로 사람의 망막을 모션 캡처하려면 범용 컴퓨터가 초당 10^9 명령어(1000MIPS)를 처리해야 할 것이라고 추측했다. 2011년경 실용적인 컴퓨터 영상 프로그램은 10,000~1,000,000 MIPS를 요구한다. 1976년경 5백만에서 8백만 달러사이에 판매되던 가장 빠른 슈퍼컴퓨터인 Cray-1은 오직 80~130 MIPS였고, 당시 전형적인 데스크탑 컴퓨터는 겨우 1 MIPS 남짓이었다. 폭발적인 조합 수와 비용이성: 1972년에 리차트 카프(Hichard Karp)는 문제 해결에 지수적 시간이 요구되는 많은 문제를 보여주었다. 하찮은 문제일지라도 이런 문제의 최적의 해답을 찾는 데 상상할 수도 없는 컴퓨터의 시간이 요구되었다. 즉 지금까지 AI '장난감'에서 사용되었던 방법은 실제적으로 유용한 AI 시스템을 제작하는 데 용이하지 못했다. 상징적 지식과 추론: 영상 처리나 자연어 처리 같은 많은 중요한 AI 프로그램은 실제 세상에 대한 간단하지만 어마어마한 양의 정보를 필요로 한다. 그래야 프로그램이 자신이 보고 있는 것이 무엇인지, 또는 자신이 듣고 있는 것이 무엇인지 아이디어를 찾을 수 있기 때문이다. 이 요구는 아기들의 세상에 대해 알아나가는 것과 유사하다. 연구가들은 곧 요구되는 정보의 양이 엄청나게 광대하다는 것을 발견했다. 1970년대의 누구도 이런 데이터가 포함된 데이터베이스를 만들지 못했고, 누구도 이런 데이터를 프로그램 혼자 터득하는 방법을 알지 못했다.",12-1,1976년에 인공지능 분야에서 어떤 일이 있었나요?,"1976년경 5백만에서 8백만 달러사이에 판매되던 가장 빠른 슈퍼컴퓨터인 Cray-1은 오직 80~130 MIPS였고, 당시 전형적인 데스크탑 컴퓨터는 겨우 1 MIPS 남짓이었다.",temporal
58,https://ko.wikipedia.org/wiki/%EC%9D%B8%EA%B3%B5%EC%A7%80%EB%8A%A5,"인공지능 - 위키백과, 우리 모두의 백과사전",AI의 첫번째 암흑기(1974-1980),"모라벡의 패러독스: 이론을 제작하고 기하학적 문제를 해결하는 것은 컴퓨터에게 비교적 쉽지만, 얼굴을 인식하거나 장애물을 피해 방을 가로지르는 것은 엄청나게 어렵다. 이 설명은 왜 연구가들이 1970년대에 영상처리나 로봇에 대해 조금밖에 진전을 보이지 못했는지 아는 데 도움이 된다. 프레임 문제, 자격 문제: 존 맥캐시와 같은 연구가들은 규칙이 규칙 스스로의 구조를 변경하지 못하면 관련 계획 또는 기본 추론 일반 공제를 나타낼 수 없다는 것을 발견했다.",12-2,1970년에 인공지능 분야에서 어떤 일이 있었나요?,이 설명은 왜 연구가들이 1970년대에 영상처리나 로봇에 대해 조금밖에 진전을 보이지 못했는지 아는 데 도움이 된다.,temporal
59,https://ko.wikipedia.org/wiki/%EC%9D%B8%EA%B3%B5%EC%A7%80%EB%8A%A5,"인공지능 - 위키백과, 우리 모두의 백과사전",자금 지원의 중단,"영국 정보나 DARPA, NRC같은 AI 연구자들에게 자금을 주던 기관들은 연구 진행의 부진에 실망했고 결국 AI에 관한 방향성을 가진 자금 지원을 끊었다. 1966년 기계를 이용한 번역을 비판하는 보고서가 ALPAC에 제출되었을 때부터 이런 흐름이 시작되었다. 총 2천만 달러를 지원한 NRC도 지원을 멈췄다.1973년 라이트힐 보고서는 ""장대한 목표(grandios objectives)""를 성취하는 데 실패한 영국의 AI 연구의 상태에 대해 비난했고 결국 영국의 AI 연구소는 해체되었다(보고서는 특히 AI 연구의 실패의 원인이 폭발적인 조합의 수라고 언급했다).DARPA는 CMU의 음성을 이해하는 연구의 연구자들에게 심하게 실망했고 연간 3백만 달러의 지원을 취소했다.1974년에 이르자 AI 연구에대한 투자는 찾기 어려워졌다. 한스 모라벡은 그의 동료의 비현실적인 예측에 의한 위기를 비난했다. ""많은 연구가들이 많은 연구자는 과장을 증가시키는 웹에 휘말렸다.""그러나 여기엔 다른 이슈가 있다: 1969년 맨스필드의 수정안의 통과이후, DARPA는 자금 지원에 대해 ""비직접적인 기초 연구보다, 임무 완수에 직결된 연구""를 수행하라는 증가하는 압력을 받고 있었다. 창조성 높은 지원, 자유분방한 연구는 1960년대와 함께 떠났고 DARPA에서 다시 오지 않을 것이다. 대신, 자금은 자동조정 탱크나 전투 관리 시스템과 같은 분명한 프로젝트와 명확한 목표를 향할 것이다.",13-0,인공지능에서 '자금 지원의 중단'은(는) 무엇을 다루나요?,"영국 정보나 DARPA, NRC같은 AI 연구자들에게 자금을 주던 기관들은 연구 진행의 부진에 실망했고 결국 AI에 관한 방향성을 가진 자금 지원을 끊었다. 1966년 기계를 이용한 번역을 비판하는 보고서가 ALPAC에 제출되었을 때부터 이런 흐름이 시작되었다. 총 2천만 달러를 지원한 NRC도 지원을 멈췄다.1973년 라이트힐 보고서는 ""장대한 목표(grandios objectives)""를 성취하는 데 실패한 영국의 AI 연구의 상태에 대해 비난했고 결국 영국의 AI 연구소는 해체되었다(보고서는 특히 AI 연구의 실패의 원인이 폭발적인 조합의 수라고 언급했다).DARPA는 CMU의 음성을 이해하는 연구의 연구자들에게 심하게 실망했고 연간 3백만 달러의 지원을 취소했다.1974년에 이르자 AI 연구에대한 투자는 찾기 어려워졌다. 한스 모라벡은 그의 동료의 비현실적인 예측에 의한 위기를 비난했다. ""많은 연구가들이 많은 연구자는 과장을 증가시키는 웹에 휘말렸다.""그러나 여기엔 다른 이",summarization
60,https://ko.wikipedia.org/wiki/%EC%9D%B8%EA%B3%B5%EC%A7%80%EB%8A%A5,"인공지능 - 위키백과, 우리 모두의 백과사전",자금 지원의 중단,"영국 정보나 DARPA, NRC같은 AI 연구자들에게 자금을 주던 기관들은 연구 진행의 부진에 실망했고 결국 AI에 관한 방향성을 가진 자금 지원을 끊었다. 1966년 기계를 이용한 번역을 비판하는 보고서가 ALPAC에 제출되었을 때부터 이런 흐름이 시작되었다. 총 2천만 달러를 지원한 NRC도 지원을 멈췄다.1973년 라이트힐 보고서는 ""장대한 목표(grandios objectives)""를 성취하는 데 실패한 영국의 AI 연구의 상태에 대해 비난했고 결국 영국의 AI 연구소는 해체되었다(보고서는 특히 AI 연구의 실패의 원인이 폭발적인 조합의 수라고 언급했다).DARPA는 CMU의 음성을 이해하는 연구의 연구자들에게 심하게 실망했고 연간 3백만 달러의 지원을 취소했다.1974년에 이르자 AI 연구에대한 투자는 찾기 어려워졌다. 한스 모라벡은 그의 동료의 비현실적인 예측에 의한 위기를 비난했다. ""많은 연구가들이 많은 연구자는 과장을 증가시키는 웹에 휘말렸다.""그러나 여기엔 다른 이슈가 있다: 1969년 맨스필드의 수정안의 통과이후, DARPA는 자금 지원에 대해 ""비직접적인 기초 연구보다, 임무 완수에 직결된 연구""를 수행하라는 증가하는 압력을 받고 있었다. 창조성 높은 지원, 자유분방한 연구는 1960년대와 함께 떠났고 DARPA에서 다시 오지 않을 것이다. 대신, 자금은 자동조정 탱크나 전투 관리 시스템과 같은 분명한 프로젝트와 명확한 목표를 향할 것이다.",13-0,장대한 목표(grandios objectives)의 정의를 설명해주세요.,"1973년 라이트힐 보고서는 ""장대한 목표(grandios objectives)""를 성취하는 데 실패한 영국의 AI 연구의 상태에 대해 비난했고 결국 영국의 AI 연구소는 해체되었다(보고서는 특히 AI 연구의 실패의 원인이 폭발적인 조합의 수라고 언급했다).",definition
61,https://ko.wikipedia.org/wiki/%EC%9D%B8%EA%B3%B5%EC%A7%80%EB%8A%A5,"인공지능 - 위키백과, 우리 모두의 백과사전",자금 지원의 중단,"영국 정보나 DARPA, NRC같은 AI 연구자들에게 자금을 주던 기관들은 연구 진행의 부진에 실망했고 결국 AI에 관한 방향성을 가진 자금 지원을 끊었다. 1966년 기계를 이용한 번역을 비판하는 보고서가 ALPAC에 제출되었을 때부터 이런 흐름이 시작되었다. 총 2천만 달러를 지원한 NRC도 지원을 멈췄다.1973년 라이트힐 보고서는 ""장대한 목표(grandios objectives)""를 성취하는 데 실패한 영국의 AI 연구의 상태에 대해 비난했고 결국 영국의 AI 연구소는 해체되었다(보고서는 특히 AI 연구의 실패의 원인이 폭발적인 조합의 수라고 언급했다).DARPA는 CMU의 음성을 이해하는 연구의 연구자들에게 심하게 실망했고 연간 3백만 달러의 지원을 취소했다.1974년에 이르자 AI 연구에대한 투자는 찾기 어려워졌다. 한스 모라벡은 그의 동료의 비현실적인 예측에 의한 위기를 비난했다. ""많은 연구가들이 많은 연구자는 과장을 증가시키는 웹에 휘말렸다.""그러나 여기엔 다른 이슈가 있다: 1969년 맨스필드의 수정안의 통과이후, DARPA는 자금 지원에 대해 ""비직접적인 기초 연구보다, 임무 완수에 직결된 연구""를 수행하라는 증가하는 압력을 받고 있었다. 창조성 높은 지원, 자유분방한 연구는 1960년대와 함께 떠났고 DARPA에서 다시 오지 않을 것이다. 대신, 자금은 자동조정 탱크나 전투 관리 시스템과 같은 분명한 프로젝트와 명확한 목표를 향할 것이다.",13-0,1966년에 인공지능 분야에서 어떤 일이 있었나요?,1966년 기계를 이용한 번역을 비판하는 보고서가 ALPAC에 제출되었을 때부터 이런 흐름이 시작되었다.,temporal
62,https://ko.wikipedia.org/wiki/%EC%9D%B8%EA%B3%B5%EC%A7%80%EB%8A%A5,"인공지능 - 위키백과, 우리 모두의 백과사전",자금 지원의 중단,"영국 정보나 DARPA, NRC같은 AI 연구자들에게 자금을 주던 기관들은 연구 진행의 부진에 실망했고 결국 AI에 관한 방향성을 가진 자금 지원을 끊었다. 1966년 기계를 이용한 번역을 비판하는 보고서가 ALPAC에 제출되었을 때부터 이런 흐름이 시작되었다. 총 2천만 달러를 지원한 NRC도 지원을 멈췄다.1973년 라이트힐 보고서는 ""장대한 목표(grandios objectives)""를 성취하는 데 실패한 영국의 AI 연구의 상태에 대해 비난했고 결국 영국의 AI 연구소는 해체되었다(보고서는 특히 AI 연구의 실패의 원인이 폭발적인 조합의 수라고 언급했다).DARPA는 CMU의 음성을 이해하는 연구의 연구자들에게 심하게 실망했고 연간 3백만 달러의 지원을 취소했다.1974년에 이르자 AI 연구에대한 투자는 찾기 어려워졌다. 한스 모라벡은 그의 동료의 비현실적인 예측에 의한 위기를 비난했다. ""많은 연구가들이 많은 연구자는 과장을 증가시키는 웹에 휘말렸다.""그러나 여기엔 다른 이슈가 있다: 1969년 맨스필드의 수정안의 통과이후, DARPA는 자금 지원에 대해 ""비직접적인 기초 연구보다, 임무 완수에 직결된 연구""를 수행하라는 증가하는 압력을 받고 있었다. 창조성 높은 지원, 자유분방한 연구는 1960년대와 함께 떠났고 DARPA에서 다시 오지 않을 것이다. 대신, 자금은 자동조정 탱크나 전투 관리 시스템과 같은 분명한 프로젝트와 명확한 목표를 향할 것이다.",13-0,1974년에 인공지능 분야에서 어떤 일이 있었나요?,1974년에 이르자 AI 연구에대한 투자는 찾기 어려워졌다.,temporal
63,https://ko.wikipedia.org/wiki/%EC%9D%B8%EA%B3%B5%EC%A7%80%EB%8A%A5,"인공지능 - 위키백과, 우리 모두의 백과사전",캠퍼스 전역의 비판들,"몇 철학자들은 AI 연구가들에게 강력한 반대를 표했다. 초기 반대자들 중 괴델의 불완전성의 원리에 의해 컴퓨터 프로그램같은 시스템이 실제적으로 정확하게 사람과 같이 행할 수 없다고 주장한 사람은 존 루커스(John Lucas)이다.휴버트 드라이퍼스는 60년대의 깨어진 약속을 조롱했고 AI의 가정을 비판했으며, 인간의 추론이 실제적으론 ""상징적 진행""이 매우 적게 포함되어 있고 구현적, 본능적, 무의식적인 노하우에 의해 처리된다고 주장했다.존 설의 1980년대 제시된 중국인 방 문제는, 실제로 프로그램이 상징들을 '이해'할 수 없고 사용할 수 없음을 보여주려고 시도했다. 설은 만약 상징이 기계에게 아무 의미가 못된다면, 기계는 생각하는 것이 아니라고 주장했다.이 비난은 AI 연구가들에게 심각하게 작용하지 못했다. 비용이성과 상식적 지식에 관한 문제가 훨씬 더 즉각적이고 심각한 듯이 보였다. '노하우'와 '지향성'이 실제 프로그램을 만드는데 어떻게 다른지가 불분명했다. 민스키는 드라이퍼스와 설을 향해 ""그들은 오해했고, 무시될 것이다""라고 했다. MIT에서 가르쳤던 드라이퍼스는 냉대받았다: 그는 나중에 AI 연구가들에게 ""나와 점심 식사할 용기도 없다""라고 평했다. ELIZA의 제작자 조셉 웨이즌바움(Joseph Weizenbaum)은 그의 동료인 드라이퍼스가 전문적이지 않고 유치한 대우를 한다고 느꼈다. 웨이즌바움은 케네스 콜비(Kenneth Colby)가 쓴 DOCTOR와 임상치료 채팅봇에 대해서 심각하게 의심하기 시작했다. 웨이즌바움은 콜비가 그의 무심한 프로그램을 진지한 치료 도구로 여기는 걸 방해했다.",14-0,인공지능에서 '캠퍼스 전역의 비판들'은(는) 무엇을 다루나요?,"몇 철학자들은 AI 연구가들에게 강력한 반대를 표했다. 초기 반대자들 중 괴델의 불완전성의 원리에 의해 컴퓨터 프로그램같은 시스템이 실제적으로 정확하게 사람과 같이 행할 수 없다고 주장한 사람은 존 루커스(John Lucas)이다.휴버트 드라이퍼스는 60년대의 깨어진 약속을 조롱했고 AI의 가정을 비판했으며, 인간의 추론이 실제적으론 ""상징적 진행""이 매우 적게 포함되어 있고 구현적, 본능적, 무의식적인 노하우에 의해 처리된다고 주장했다.존 설의 1980년대 제시된 중국인 방 문제는, 실제로 프로그램이 상징들을 '이해'할 수 없고 사용할 수 없음을 보여주려고 시도했다. 설은 만약 상징이 기계에게 아무 의미가 못된다면, 기계는 생각하는 것이 아니라고 주장했다.이 비난은 AI 연구가들에게 심각하게 작용하지 못했다. 비용이성과 상식적 지식에 관한 문제가 훨씬 더 즉각적이고 심각한 듯이 보였다. '노하우'와 '지향성'이 실제 프로그램을 만드는데 어떻게 다른지가 불분명했다. 민스키는 드라이퍼",summarization
64,https://ko.wikipedia.org/wiki/%EC%9D%B8%EA%B3%B5%EC%A7%80%EB%8A%A5,"인공지능 - 위키백과, 우리 모두의 백과사전",캠퍼스 전역의 비판들,"몇 철학자들은 AI 연구가들에게 강력한 반대를 표했다. 초기 반대자들 중 괴델의 불완전성의 원리에 의해 컴퓨터 프로그램같은 시스템이 실제적으로 정확하게 사람과 같이 행할 수 없다고 주장한 사람은 존 루커스(John Lucas)이다.휴버트 드라이퍼스는 60년대의 깨어진 약속을 조롱했고 AI의 가정을 비판했으며, 인간의 추론이 실제적으론 ""상징적 진행""이 매우 적게 포함되어 있고 구현적, 본능적, 무의식적인 노하우에 의해 처리된다고 주장했다.존 설의 1980년대 제시된 중국인 방 문제는, 실제로 프로그램이 상징들을 '이해'할 수 없고 사용할 수 없음을 보여주려고 시도했다. 설은 만약 상징이 기계에게 아무 의미가 못된다면, 기계는 생각하는 것이 아니라고 주장했다.이 비난은 AI 연구가들에게 심각하게 작용하지 못했다. 비용이성과 상식적 지식에 관한 문제가 훨씬 더 즉각적이고 심각한 듯이 보였다. '노하우'와 '지향성'이 실제 프로그램을 만드는데 어떻게 다른지가 불분명했다. 민스키는 드라이퍼스와 설을 향해 ""그들은 오해했고, 무시될 것이다""라고 했다. MIT에서 가르쳤던 드라이퍼스는 냉대받았다: 그는 나중에 AI 연구가들에게 ""나와 점심 식사할 용기도 없다""라고 평했다. ELIZA의 제작자 조셉 웨이즌바움(Joseph Weizenbaum)은 그의 동료인 드라이퍼스가 전문적이지 않고 유치한 대우를 한다고 느꼈다. 웨이즌바움은 케네스 콜비(Kenneth Colby)가 쓴 DOCTOR와 임상치료 채팅봇에 대해서 심각하게 의심하기 시작했다. 웨이즌바움은 콜비가 그의 무심한 프로그램을 진지한 치료 도구로 여기는 걸 방해했다.",14-0,수 없다고 주장한 사람은 존 루커스(John Lucas)의 정의를 설명해주세요.,초기 반대자들 중 괴델의 불완전성의 원리에 의해 컴퓨터 프로그램같은 시스템이 실제적으로 정확하게 사람과 같이 행할 수 없다고 주장한 사람은 존 루커스(John Lucas)이다.,definition
65,https://ko.wikipedia.org/wiki/%EC%9D%B8%EA%B3%B5%EC%A7%80%EB%8A%A5,"인공지능 - 위키백과, 우리 모두의 백과사전",캠퍼스 전역의 비판들,"몇 철학자들은 AI 연구가들에게 강력한 반대를 표했다. 초기 반대자들 중 괴델의 불완전성의 원리에 의해 컴퓨터 프로그램같은 시스템이 실제적으로 정확하게 사람과 같이 행할 수 없다고 주장한 사람은 존 루커스(John Lucas)이다.휴버트 드라이퍼스는 60년대의 깨어진 약속을 조롱했고 AI의 가정을 비판했으며, 인간의 추론이 실제적으론 ""상징적 진행""이 매우 적게 포함되어 있고 구현적, 본능적, 무의식적인 노하우에 의해 처리된다고 주장했다.존 설의 1980년대 제시된 중국인 방 문제는, 실제로 프로그램이 상징들을 '이해'할 수 없고 사용할 수 없음을 보여주려고 시도했다. 설은 만약 상징이 기계에게 아무 의미가 못된다면, 기계는 생각하는 것이 아니라고 주장했다.이 비난은 AI 연구가들에게 심각하게 작용하지 못했다. 비용이성과 상식적 지식에 관한 문제가 훨씬 더 즉각적이고 심각한 듯이 보였다. '노하우'와 '지향성'이 실제 프로그램을 만드는데 어떻게 다른지가 불분명했다. 민스키는 드라이퍼스와 설을 향해 ""그들은 오해했고, 무시될 것이다""라고 했다. MIT에서 가르쳤던 드라이퍼스는 냉대받았다: 그는 나중에 AI 연구가들에게 ""나와 점심 식사할 용기도 없다""라고 평했다. ELIZA의 제작자 조셉 웨이즌바움(Joseph Weizenbaum)은 그의 동료인 드라이퍼스가 전문적이지 않고 유치한 대우를 한다고 느꼈다. 웨이즌바움은 케네스 콜비(Kenneth Colby)가 쓴 DOCTOR와 임상치료 채팅봇에 대해서 심각하게 의심하기 시작했다. 웨이즌바움은 콜비가 그의 무심한 프로그램을 진지한 치료 도구로 여기는 걸 방해했다.",14-0,의 제작자 조셉 웨이즌바움(Joseph Weizenbaum)의 정의를 설명해주세요.,ELIZA의 제작자 조셉 웨이즌바움(Joseph Weizenbaum)은 그의 동료인 드라이퍼스가 전문적이지 않고 유치한 대우를 한다고 느꼈다.,definition
66,https://ko.wikipedia.org/wiki/%EC%9D%B8%EA%B3%B5%EC%A7%80%EB%8A%A5,"인공지능 - 위키백과, 우리 모두의 백과사전",캠퍼스 전역의 비판들,"몇 철학자들은 AI 연구가들에게 강력한 반대를 표했다. 초기 반대자들 중 괴델의 불완전성의 원리에 의해 컴퓨터 프로그램같은 시스템이 실제적으로 정확하게 사람과 같이 행할 수 없다고 주장한 사람은 존 루커스(John Lucas)이다.휴버트 드라이퍼스는 60년대의 깨어진 약속을 조롱했고 AI의 가정을 비판했으며, 인간의 추론이 실제적으론 ""상징적 진행""이 매우 적게 포함되어 있고 구현적, 본능적, 무의식적인 노하우에 의해 처리된다고 주장했다.존 설의 1980년대 제시된 중국인 방 문제는, 실제로 프로그램이 상징들을 '이해'할 수 없고 사용할 수 없음을 보여주려고 시도했다. 설은 만약 상징이 기계에게 아무 의미가 못된다면, 기계는 생각하는 것이 아니라고 주장했다.이 비난은 AI 연구가들에게 심각하게 작용하지 못했다. 비용이성과 상식적 지식에 관한 문제가 훨씬 더 즉각적이고 심각한 듯이 보였다. '노하우'와 '지향성'이 실제 프로그램을 만드는데 어떻게 다른지가 불분명했다. 민스키는 드라이퍼스와 설을 향해 ""그들은 오해했고, 무시될 것이다""라고 했다. MIT에서 가르쳤던 드라이퍼스는 냉대받았다: 그는 나중에 AI 연구가들에게 ""나와 점심 식사할 용기도 없다""라고 평했다. ELIZA의 제작자 조셉 웨이즌바움(Joseph Weizenbaum)은 그의 동료인 드라이퍼스가 전문적이지 않고 유치한 대우를 한다고 느꼈다. 웨이즌바움은 케네스 콜비(Kenneth Colby)가 쓴 DOCTOR와 임상치료 채팅봇에 대해서 심각하게 의심하기 시작했다. 웨이즌바움은 콜비가 그의 무심한 프로그램을 진지한 치료 도구로 여기는 걸 방해했다.",14-0,웨이즌바움은 케네스 콜비(Kenneth Colby)의 정의를 설명해주세요.,웨이즌바움은 케네스 콜비(Kenneth Colby)가 쓴 DOCTOR와 임상치료 채팅봇에 대해서 심각하게 의심하기 시작했다.,definition
67,https://ko.wikipedia.org/wiki/%EC%9D%B8%EA%B3%B5%EC%A7%80%EB%8A%A5,"인공지능 - 위키백과, 우리 모두의 백과사전",캠퍼스 전역의 비판들,"몇 철학자들은 AI 연구가들에게 강력한 반대를 표했다. 초기 반대자들 중 괴델의 불완전성의 원리에 의해 컴퓨터 프로그램같은 시스템이 실제적으로 정확하게 사람과 같이 행할 수 없다고 주장한 사람은 존 루커스(John Lucas)이다.휴버트 드라이퍼스는 60년대의 깨어진 약속을 조롱했고 AI의 가정을 비판했으며, 인간의 추론이 실제적으론 ""상징적 진행""이 매우 적게 포함되어 있고 구현적, 본능적, 무의식적인 노하우에 의해 처리된다고 주장했다.존 설의 1980년대 제시된 중국인 방 문제는, 실제로 프로그램이 상징들을 '이해'할 수 없고 사용할 수 없음을 보여주려고 시도했다. 설은 만약 상징이 기계에게 아무 의미가 못된다면, 기계는 생각하는 것이 아니라고 주장했다.이 비난은 AI 연구가들에게 심각하게 작용하지 못했다. 비용이성과 상식적 지식에 관한 문제가 훨씬 더 즉각적이고 심각한 듯이 보였다. '노하우'와 '지향성'이 실제 프로그램을 만드는데 어떻게 다른지가 불분명했다. 민스키는 드라이퍼스와 설을 향해 ""그들은 오해했고, 무시될 것이다""라고 했다. MIT에서 가르쳤던 드라이퍼스는 냉대받았다: 그는 나중에 AI 연구가들에게 ""나와 점심 식사할 용기도 없다""라고 평했다. ELIZA의 제작자 조셉 웨이즌바움(Joseph Weizenbaum)은 그의 동료인 드라이퍼스가 전문적이지 않고 유치한 대우를 한다고 느꼈다. 웨이즌바움은 케네스 콜비(Kenneth Colby)가 쓴 DOCTOR와 임상치료 채팅봇에 대해서 심각하게 의심하기 시작했다. 웨이즌바움은 콜비가 그의 무심한 프로그램을 진지한 치료 도구로 여기는 걸 방해했다.",14-0,1980년에 인공지능 분야에서 어떤 일이 있었나요?,"존 설의 1980년대 제시된 중국인 방 문제는, 실제로 프로그램이 상징들을 '이해'할 수 없고 사용할 수 없음을 보여주려고 시도했다.",temporal
68,https://ko.wikipedia.org/wiki/%EC%9D%B8%EA%B3%B5%EC%A7%80%EB%8A%A5,"인공지능 - 위키백과, 우리 모두의 백과사전",캠퍼스 전역의 비판들,"이 불화가 시작되고, 이 상황은 콜비가 웨이즌바움을 프로그램에 대한 공로로 인정하지 않았을 때 도움이 되지 않았다. 1976년에 웨이즌바움은 컴퓨터 능력과 인간 추론(Computer Power and Human Reason)을 출판하며
인공 지능의 오용이 인간의 삶을 평가 절하시킬 수도 있다고 주장했다.",14-1,웨이즌바움은 컴퓨터 능력과 인간 추론(Computer Power and Human Reason)의 정의를 설명해주세요.,1976년에 웨이즌바움은 컴퓨터 능력과 인간 추론(Computer Power and Human Reason)을 출판하며,definition
69,https://ko.wikipedia.org/wiki/%EC%9D%B8%EA%B3%B5%EC%A7%80%EB%8A%A5,"인공지능 - 위키백과, 우리 모두의 백과사전",퍼셉트론과 연결망의 어두운 시대,"뉴럴 네트워크 형태의 퍼셉트론이 1958년 마빈 민스키의 고등학교 시절 친구였던 프랭크 로센블랫(Frank Rosenblatt)에 의해 도입되었다. 다른 AI 연구가들이 그러하듯, 그는 낙관론을 펼쳤고, ""퍼셉트론은 결국 학습을 하고, 의사 결정을 하고, 언어 번역을 할 것이다""라고 예견했다. 60년대를 이끌던 패러다임 속의 연구 프로그램의 수행은 1969년 민스키와 페퍼의 책 퍼셉트론의 출판과 함께 갑자기 중지되었다. 이것은 퍼셉트론이할 수 있는 일에 몇가지 심각한 제한이 있음을, 또 프랭크의 예견은 심하게 과장되어있음을 알렸다. 이 책의 파급력은 압도적이었다: 향후 10년 동안 뉴럴 네트워크에 대한 거의 모든 연구가 중지되었다. 결국, 뉴럴 네트워크 영역을 회복할 연구원의 새로운 세대가 그 후에 인공지능의 중요하고 유용한 부분을 내놓았다. 로센블랫은 이 책을 보지 못했는데, 그는 문제의 책이 출판 되고 곧바로 보트 사고와 함께 사망했기 때문이다.",15-0,인공지능에서 '퍼셉트론과 연결망의 어두운 시대'은(는) 무엇을 다루나요?,"뉴럴 네트워크 형태의 퍼셉트론이 1958년 마빈 민스키의 고등학교 시절 친구였던 프랭크 로센블랫(Frank Rosenblatt)에 의해 도입되었다. 다른 AI 연구가들이 그러하듯, 그는 낙관론을 펼쳤고, ""퍼셉트론은 결국 학습을 하고, 의사 결정을 하고, 언어 번역을 할 것이다""라고 예견했다. 60년대를 이끌던 패러다임 속의 연구 프로그램의 수행은 1969년 민스키와 페퍼의 책 퍼셉트론의 출판과 함께 갑자기 중지되었다. 이것은 퍼셉트론이할 수 있는 일에 몇가지 심각한 제한이 있음을, 또 프랭크의 예견은 심하게 과장되어있음을 알렸다. 이 책의 파급력은 압도적이었다: 향후 10년 동안 뉴럴 네트워크에 대한 거의 모든 연구가 중지되었다. 결국, 뉴럴 네트워크 영역을 회복할 연구원의 새로운 세대가 그 후에 인공지능의 중요하고 유용한 부분을 내놓았다. 로센블랫은 이 책을 보지 못했는데, 그는 문제의 책이 출판 되고 곧바로 보트 사고와 함께 사망했기 때문이다.",summarization
70,https://ko.wikipedia.org/wiki/%EC%9D%B8%EA%B3%B5%EC%A7%80%EB%8A%A5,"인공지능 - 위키백과, 우리 모두의 백과사전",퍼셉트론과 연결망의 어두운 시대,"뉴럴 네트워크 형태의 퍼셉트론이 1958년 마빈 민스키의 고등학교 시절 친구였던 프랭크 로센블랫(Frank Rosenblatt)에 의해 도입되었다. 다른 AI 연구가들이 그러하듯, 그는 낙관론을 펼쳤고, ""퍼셉트론은 결국 학습을 하고, 의사 결정을 하고, 언어 번역을 할 것이다""라고 예견했다. 60년대를 이끌던 패러다임 속의 연구 프로그램의 수행은 1969년 민스키와 페퍼의 책 퍼셉트론의 출판과 함께 갑자기 중지되었다. 이것은 퍼셉트론이할 수 있는 일에 몇가지 심각한 제한이 있음을, 또 프랭크의 예견은 심하게 과장되어있음을 알렸다. 이 책의 파급력은 압도적이었다: 향후 10년 동안 뉴럴 네트워크에 대한 거의 모든 연구가 중지되었다. 결국, 뉴럴 네트워크 영역을 회복할 연구원의 새로운 세대가 그 후에 인공지능의 중요하고 유용한 부분을 내놓았다. 로센블랫은 이 책을 보지 못했는데, 그는 문제의 책이 출판 되고 곧바로 보트 사고와 함께 사망했기 때문이다.",15-0,등학교 시절 친구였던 프랭크 로센블랫(Frank Rosenblatt)의 정의를 설명해주세요.,뉴럴 네트워크 형태의 퍼셉트론이 1958년 마빈 민스키의 고등학교 시절 친구였던 프랭크 로센블랫(Frank Rosenblatt)에 의해 도입되었다.,definition
71,https://ko.wikipedia.org/wiki/%EC%9D%B8%EA%B3%B5%EC%A7%80%EB%8A%A5,"인공지능 - 위키백과, 우리 모두의 백과사전",퍼셉트론과 연결망의 어두운 시대,"뉴럴 네트워크 형태의 퍼셉트론이 1958년 마빈 민스키의 고등학교 시절 친구였던 프랭크 로센블랫(Frank Rosenblatt)에 의해 도입되었다. 다른 AI 연구가들이 그러하듯, 그는 낙관론을 펼쳤고, ""퍼셉트론은 결국 학습을 하고, 의사 결정을 하고, 언어 번역을 할 것이다""라고 예견했다. 60년대를 이끌던 패러다임 속의 연구 프로그램의 수행은 1969년 민스키와 페퍼의 책 퍼셉트론의 출판과 함께 갑자기 중지되었다. 이것은 퍼셉트론이할 수 있는 일에 몇가지 심각한 제한이 있음을, 또 프랭크의 예견은 심하게 과장되어있음을 알렸다. 이 책의 파급력은 압도적이었다: 향후 10년 동안 뉴럴 네트워크에 대한 거의 모든 연구가 중지되었다. 결국, 뉴럴 네트워크 영역을 회복할 연구원의 새로운 세대가 그 후에 인공지능의 중요하고 유용한 부분을 내놓았다. 로센블랫은 이 책을 보지 못했는데, 그는 문제의 책이 출판 되고 곧바로 보트 사고와 함께 사망했기 때문이다.",15-0,1958년에 인공지능 분야에서 어떤 일이 있었나요?,뉴럴 네트워크 형태의 퍼셉트론이 1958년 마빈 민스키의 고등학교 시절 친구였던 프랭크 로센블랫(Frank Rosenblatt)에 의해 도입되었다.,temporal
72,https://ko.wikipedia.org/wiki/%EC%9D%B8%EA%B3%B5%EC%A7%80%EB%8A%A5,"인공지능 - 위키백과, 우리 모두의 백과사전",퍼셉트론과 연결망의 어두운 시대,"뉴럴 네트워크 형태의 퍼셉트론이 1958년 마빈 민스키의 고등학교 시절 친구였던 프랭크 로센블랫(Frank Rosenblatt)에 의해 도입되었다. 다른 AI 연구가들이 그러하듯, 그는 낙관론을 펼쳤고, ""퍼셉트론은 결국 학습을 하고, 의사 결정을 하고, 언어 번역을 할 것이다""라고 예견했다. 60년대를 이끌던 패러다임 속의 연구 프로그램의 수행은 1969년 민스키와 페퍼의 책 퍼셉트론의 출판과 함께 갑자기 중지되었다. 이것은 퍼셉트론이할 수 있는 일에 몇가지 심각한 제한이 있음을, 또 프랭크의 예견은 심하게 과장되어있음을 알렸다. 이 책의 파급력은 압도적이었다: 향후 10년 동안 뉴럴 네트워크에 대한 거의 모든 연구가 중지되었다. 결국, 뉴럴 네트워크 영역을 회복할 연구원의 새로운 세대가 그 후에 인공지능의 중요하고 유용한 부분을 내놓았다. 로센블랫은 이 책을 보지 못했는데, 그는 문제의 책이 출판 되고 곧바로 보트 사고와 함께 사망했기 때문이다.",15-0,1969년에 인공지능 분야에서 어떤 일이 있었나요?,60년대를 이끌던 패러다임 속의 연구 프로그램의 수행은 1969년 민스키와 페퍼의 책 퍼셉트론의 출판과 함께 갑자기 중지되었다.,temporal
73,https://ko.wikipedia.org/wiki/%EC%9D%B8%EA%B3%B5%EC%A7%80%EB%8A%A5,"인공지능 - 위키백과, 우리 모두의 백과사전","깔끔이: 논리, 프롤로그와 전문가 시스템","논리적 추론은 1958년 초에 AI 연구에서 존 매카시가 제안하여 도입되었다.1963년 알렌 로빈슨(J. Alan Robinson)은 간단하게 추론을 컴퓨터에 구현시키는 분해와 통일 알고리즘을 발견했다. 그러나 매카시와 그의 학생들이 60년대 후반에 했던 것과 같은 복잡하지 않은 구현은 본질적으로 다루기 힘들었는데, 간단한 정리를 증명하기 위해 천문학적 단계가 필요했다.더 성공적인 결실을 맺는 논리적 접근은 70년대 에딘벌 대학의 로버트 코왈스키(Robert Kowalski)가 개발했고 곧 프랑스의 연구가인 알라인 콜메루엘(Alain Colmerauer)과 성공적인 논리 프로그래밍 언어인 프롤로그를 만든 필립 오우셀(Philippe Roussel)과의 협업을 이끌어냈다.프롤로그는 다루기 쉬운 계산을 허용하는 논리의 부분을 사용한다. 규칙은 계속적으로 영향을 미쳤고, 에드워트 페이젠바움(Edward Feigenbaum)이 기대하던 시스템 기초를 제공했으며 알렌 뉴엘과 허버트가 계속 연구하도록 만들었다. 사이먼은 Soar과 인식에서의 통일 이론을 이끌었다.논리적으로의 접근을 비판하는 지적은, 드라이퍼스가 했던대로, 사람이 문제를 해결할 때 논리를 거의 사용하지 않는다는 것이었다. 피터 왓슨(Peter Waon),,아모스 트버스키,대니얼 카너먼을 비롯한 심리학자들이 이를 증명했다.매카시는 이에 대해서 이 증명이 무관하다고 답했다. 그는 정말 필요한 기계란 사람처럼 생각하는 것이 아니라 문제를 해결할 줄 아는 기계라고 일축했다.",16-0,"인공지능에서 '깔끔이: 논리, 프롤로그와 전문가 시스템'은(는) 무엇을 다루나요?","논리적 추론은 1958년 초에 AI 연구에서 존 매카시가 제안하여 도입되었다.1963년 알렌 로빈슨(J. Alan Robinson)은 간단하게 추론을 컴퓨터에 구현시키는 분해와 통일 알고리즘을 발견했다. 그러나 매카시와 그의 학생들이 60년대 후반에 했던 것과 같은 복잡하지 않은 구현은 본질적으로 다루기 힘들었는데, 간단한 정리를 증명하기 위해 천문학적 단계가 필요했다.더 성공적인 결실을 맺는 논리적 접근은 70년대 에딘벌 대학의 로버트 코왈스키(Robert Kowalski)가 개발했고 곧 프랑스의 연구가인 알라인 콜메루엘(Alain Colmerauer)과 성공적인 논리 프로그래밍 언어인 프롤로그를 만든 필립 오우셀(Philippe Roussel)과의 협업을 이끌어냈다.프롤로그는 다루기 쉬운 계산을 허용하는 논리의 부분을 사용한다. 규칙은 계속적으로 영향을 미쳤고, 에드워트 페이젠바움(Edward Feigenbaum)이 기대하던 시스템 기초를 제공했으며 알렌 뉴엘과 허버트가 계속 연",summarization
74,https://ko.wikipedia.org/wiki/%EC%9D%B8%EA%B3%B5%EC%A7%80%EB%8A%A5,"인공지능 - 위키백과, 우리 모두의 백과사전","깔끔이: 논리, 프롤로그와 전문가 시스템","논리적 추론은 1958년 초에 AI 연구에서 존 매카시가 제안하여 도입되었다.1963년 알렌 로빈슨(J. Alan Robinson)은 간단하게 추론을 컴퓨터에 구현시키는 분해와 통일 알고리즘을 발견했다. 그러나 매카시와 그의 학생들이 60년대 후반에 했던 것과 같은 복잡하지 않은 구현은 본질적으로 다루기 힘들었는데, 간단한 정리를 증명하기 위해 천문학적 단계가 필요했다.더 성공적인 결실을 맺는 논리적 접근은 70년대 에딘벌 대학의 로버트 코왈스키(Robert Kowalski)가 개발했고 곧 프랑스의 연구가인 알라인 콜메루엘(Alain Colmerauer)과 성공적인 논리 프로그래밍 언어인 프롤로그를 만든 필립 오우셀(Philippe Roussel)과의 협업을 이끌어냈다.프롤로그는 다루기 쉬운 계산을 허용하는 논리의 부분을 사용한다. 규칙은 계속적으로 영향을 미쳤고, 에드워트 페이젠바움(Edward Feigenbaum)이 기대하던 시스템 기초를 제공했으며 알렌 뉴엘과 허버트가 계속 연구하도록 만들었다. 사이먼은 Soar과 인식에서의 통일 이론을 이끌었다.논리적으로의 접근을 비판하는 지적은, 드라이퍼스가 했던대로, 사람이 문제를 해결할 때 논리를 거의 사용하지 않는다는 것이었다. 피터 왓슨(Peter Waon),,아모스 트버스키,대니얼 카너먼을 비롯한 심리학자들이 이를 증명했다.매카시는 이에 대해서 이 증명이 무관하다고 답했다. 그는 정말 필요한 기계란 사람처럼 생각하는 것이 아니라 문제를 해결할 줄 아는 기계라고 일축했다.",16-0,년대 에딘벌 대학의 로버트 코왈스키(Robert Kowalski)의 정의를 설명해주세요.,더 성공적인 결실을 맺는 논리적 접근은 70년대 에딘벌 대학의 로버트 코왈스키(Robert Kowalski)가 개발했고 곧 프랑스의 연구가인 알라인 콜메루엘(Alain Colmerauer)과 성공적인 논리 프로그래밍 언어인 프롤로그를 만든 필립 오우셀(Philippe Roussel)과의 협업을 이끌어냈다.,definition
75,https://ko.wikipedia.org/wiki/%EC%9D%B8%EA%B3%B5%EC%A7%80%EB%8A%A5,"인공지능 - 위키백과, 우리 모두의 백과사전","깔끔이: 논리, 프롤로그와 전문가 시스템","논리적 추론은 1958년 초에 AI 연구에서 존 매카시가 제안하여 도입되었다.1963년 알렌 로빈슨(J. Alan Robinson)은 간단하게 추론을 컴퓨터에 구현시키는 분해와 통일 알고리즘을 발견했다. 그러나 매카시와 그의 학생들이 60년대 후반에 했던 것과 같은 복잡하지 않은 구현은 본질적으로 다루기 힘들었는데, 간단한 정리를 증명하기 위해 천문학적 단계가 필요했다.더 성공적인 결실을 맺는 논리적 접근은 70년대 에딘벌 대학의 로버트 코왈스키(Robert Kowalski)가 개발했고 곧 프랑스의 연구가인 알라인 콜메루엘(Alain Colmerauer)과 성공적인 논리 프로그래밍 언어인 프롤로그를 만든 필립 오우셀(Philippe Roussel)과의 협업을 이끌어냈다.프롤로그는 다루기 쉬운 계산을 허용하는 논리의 부분을 사용한다. 규칙은 계속적으로 영향을 미쳤고, 에드워트 페이젠바움(Edward Feigenbaum)이 기대하던 시스템 기초를 제공했으며 알렌 뉴엘과 허버트가 계속 연구하도록 만들었다. 사이먼은 Soar과 인식에서의 통일 이론을 이끌었다.논리적으로의 접근을 비판하는 지적은, 드라이퍼스가 했던대로, 사람이 문제를 해결할 때 논리를 거의 사용하지 않는다는 것이었다. 피터 왓슨(Peter Waon),,아모스 트버스키,대니얼 카너먼을 비롯한 심리학자들이 이를 증명했다.매카시는 이에 대해서 이 증명이 무관하다고 답했다. 그는 정말 필요한 기계란 사람처럼 생각하는 것이 아니라 문제를 해결할 줄 아는 기계라고 일축했다.",16-0,곧 프랑스의 연구가인 알라인 콜메루엘(Alain Colmerauer)의 정의를 설명해주세요.,더 성공적인 결실을 맺는 논리적 접근은 70년대 에딘벌 대학의 로버트 코왈스키(Robert Kowalski)가 개발했고 곧 프랑스의 연구가인 알라인 콜메루엘(Alain Colmerauer)과 성공적인 논리 프로그래밍 언어인 프롤로그를 만든 필립 오우셀(Philippe Roussel)과의 협업을 이끌어냈다.,definition
76,https://ko.wikipedia.org/wiki/%EC%9D%B8%EA%B3%B5%EC%A7%80%EB%8A%A5,"인공지능 - 위키백과, 우리 모두의 백과사전","깔끔이: 논리, 프롤로그와 전문가 시스템","논리적 추론은 1958년 초에 AI 연구에서 존 매카시가 제안하여 도입되었다.1963년 알렌 로빈슨(J. Alan Robinson)은 간단하게 추론을 컴퓨터에 구현시키는 분해와 통일 알고리즘을 발견했다. 그러나 매카시와 그의 학생들이 60년대 후반에 했던 것과 같은 복잡하지 않은 구현은 본질적으로 다루기 힘들었는데, 간단한 정리를 증명하기 위해 천문학적 단계가 필요했다.더 성공적인 결실을 맺는 논리적 접근은 70년대 에딘벌 대학의 로버트 코왈스키(Robert Kowalski)가 개발했고 곧 프랑스의 연구가인 알라인 콜메루엘(Alain Colmerauer)과 성공적인 논리 프로그래밍 언어인 프롤로그를 만든 필립 오우셀(Philippe Roussel)과의 협업을 이끌어냈다.프롤로그는 다루기 쉬운 계산을 허용하는 논리의 부분을 사용한다. 규칙은 계속적으로 영향을 미쳤고, 에드워트 페이젠바움(Edward Feigenbaum)이 기대하던 시스템 기초를 제공했으며 알렌 뉴엘과 허버트가 계속 연구하도록 만들었다. 사이먼은 Soar과 인식에서의 통일 이론을 이끌었다.논리적으로의 접근을 비판하는 지적은, 드라이퍼스가 했던대로, 사람이 문제를 해결할 때 논리를 거의 사용하지 않는다는 것이었다. 피터 왓슨(Peter Waon),,아모스 트버스키,대니얼 카너먼을 비롯한 심리학자들이 이를 증명했다.매카시는 이에 대해서 이 증명이 무관하다고 답했다. 그는 정말 필요한 기계란 사람처럼 생각하는 것이 아니라 문제를 해결할 줄 아는 기계라고 일축했다.",16-0,언어인 프롤로그를 만든 필립 오우셀(Philippe Roussel)의 정의를 설명해주세요.,더 성공적인 결실을 맺는 논리적 접근은 70년대 에딘벌 대학의 로버트 코왈스키(Robert Kowalski)가 개발했고 곧 프랑스의 연구가인 알라인 콜메루엘(Alain Colmerauer)과 성공적인 논리 프로그래밍 언어인 프롤로그를 만든 필립 오우셀(Philippe Roussel)과의 협업을 이끌어냈다.,definition
77,https://ko.wikipedia.org/wiki/%EC%9D%B8%EA%B3%B5%EC%A7%80%EB%8A%A5,"인공지능 - 위키백과, 우리 모두의 백과사전","깔끔이: 논리, 프롤로그와 전문가 시스템","논리적 추론은 1958년 초에 AI 연구에서 존 매카시가 제안하여 도입되었다.1963년 알렌 로빈슨(J. Alan Robinson)은 간단하게 추론을 컴퓨터에 구현시키는 분해와 통일 알고리즘을 발견했다. 그러나 매카시와 그의 학생들이 60년대 후반에 했던 것과 같은 복잡하지 않은 구현은 본질적으로 다루기 힘들었는데, 간단한 정리를 증명하기 위해 천문학적 단계가 필요했다.더 성공적인 결실을 맺는 논리적 접근은 70년대 에딘벌 대학의 로버트 코왈스키(Robert Kowalski)가 개발했고 곧 프랑스의 연구가인 알라인 콜메루엘(Alain Colmerauer)과 성공적인 논리 프로그래밍 언어인 프롤로그를 만든 필립 오우셀(Philippe Roussel)과의 협업을 이끌어냈다.프롤로그는 다루기 쉬운 계산을 허용하는 논리의 부분을 사용한다. 규칙은 계속적으로 영향을 미쳤고, 에드워트 페이젠바움(Edward Feigenbaum)이 기대하던 시스템 기초를 제공했으며 알렌 뉴엘과 허버트가 계속 연구하도록 만들었다. 사이먼은 Soar과 인식에서의 통일 이론을 이끌었다.논리적으로의 접근을 비판하는 지적은, 드라이퍼스가 했던대로, 사람이 문제를 해결할 때 논리를 거의 사용하지 않는다는 것이었다. 피터 왓슨(Peter Waon),,아모스 트버스키,대니얼 카너먼을 비롯한 심리학자들이 이를 증명했다.매카시는 이에 대해서 이 증명이 무관하다고 답했다. 그는 정말 필요한 기계란 사람처럼 생각하는 것이 아니라 문제를 해결할 줄 아는 기계라고 일축했다.",16-0,1958년에 인공지능 분야에서 어떤 일이 있었나요?,논리적 추론은 1958년 초에 AI 연구에서 존 매카시가 제안하여 도입되었다.,temporal
78,https://ko.wikipedia.org/wiki/%EC%9D%B8%EA%B3%B5%EC%A7%80%EB%8A%A5,"인공지능 - 위키백과, 우리 모두의 백과사전",지저분이: 프레임과 스크립트,"매카시의 접근에 대한 비평가들의 대다수가 그의 동료인 MIT 소속이었다. 마빈 민스키와 사무엘 페퍼와 로저 샹크는 기계를 사람처럼 느껴지도록 만드는 ""이야기 이해""와 ""물체 인식""의 문제를 해결하려고 노력했다. ""의자""나 ""음식점"" 같은 일반적인 개념을 사용할 때 사람들은 모두 비논리적으로, 사람들이 통용하는 범용적 가정을 함께 했다. 불행하게도 이런 부정확한 가정들은 논리적 절차로 대표하기가 힘들었다. 제럴드 서스먼(Gerald Sussman)은 ""본질적으로 부정확한 개념을 설명하기위 해 정확한 언어를 사용하는 순간 그들은 더 이상 부정확하다고 말할 수 없다""라고 표했다. 또한 섕크는 이에 대해 ""비논리적"" 접근 즉 ""지저분이""가 매카시, 코와스키, 페이젠바움의 ""깔끔이"" 패러다임과 반대에 있다고 평했다.
1975년 세미나 보고서에서, 민스키는 ""지저분한"" 많은 그의 동료 연구자들이 무언가에 대한 우리의 모든 상식적 가정을 포착하는 프레임워크를 도구로 사용했다고 적었다. 예를 들어 우리가 새라는 개념을 생각할때, 즉시 '난다', '벌레를 먹는다'와 같은 다양한 사실들 또한 떠올린다. 떠올린 것들이 항상 사실은 아니고 또 ""논리적""으로 이것들이 공제가 되지는 않는다. 그러나 이런 가정들의 구조는 우리가 말하고 생각하는 문장의 부분을 차지한다. 그는 이 구조를 ""프레임""이라 칭했다. 섕크는 프레임의 설명에 대해서 영어로된 짧은 스토리에 대한 답변을 성공적으로 하기 위한 ""스크립트""라 불렀다.수년 후 객체지향 프로그래밍에서 AI 연구에서 쓰였던 프레임에서 나온 '상속'이라는 개념을 채택하게 된다.",17-0,인공지능에서 '지저분이: 프레임과 스크립트'은(는) 무엇을 다루나요?,"매카시의 접근에 대한 비평가들의 대다수가 그의 동료인 MIT 소속이었다. 마빈 민스키와 사무엘 페퍼와 로저 샹크는 기계를 사람처럼 느껴지도록 만드는 ""이야기 이해""와 ""물체 인식""의 문제를 해결하려고 노력했다. ""의자""나 ""음식점"" 같은 일반적인 개념을 사용할 때 사람들은 모두 비논리적으로, 사람들이 통용하는 범용적 가정을 함께 했다. 불행하게도 이런 부정확한 가정들은 논리적 절차로 대표하기가 힘들었다. 제럴드 서스먼(Gerald Sussman)은 ""본질적으로 부정확한 개념을 설명하기위 해 정확한 언어를 사용하는 순간 그들은 더 이상 부정확하다고 말할 수 없다""라고 표했다. 또한 섕크는 이에 대해 ""비논리적"" 접근 즉 ""지저분이""가 매카시, 코와스키, 페이젠바움의 ""깔끔이"" 패러다임과 반대에 있다고 평했다.
1975년 세미나 보고서에서, 민스키는 ""지저분한"" 많은 그의 동료 연구자들이 무언가에 대한 우리의 모든 상식적 가정을 포착하는 프레임워크를 도구로 사용했다고 적었다. 예를 들어",summarization
79,https://ko.wikipedia.org/wiki/%EC%9D%B8%EA%B3%B5%EC%A7%80%EB%8A%A5,"인공지능 - 위키백과, 우리 모두의 백과사전",지저분이: 프레임과 스크립트,"매카시의 접근에 대한 비평가들의 대다수가 그의 동료인 MIT 소속이었다. 마빈 민스키와 사무엘 페퍼와 로저 샹크는 기계를 사람처럼 느껴지도록 만드는 ""이야기 이해""와 ""물체 인식""의 문제를 해결하려고 노력했다. ""의자""나 ""음식점"" 같은 일반적인 개념을 사용할 때 사람들은 모두 비논리적으로, 사람들이 통용하는 범용적 가정을 함께 했다. 불행하게도 이런 부정확한 가정들은 논리적 절차로 대표하기가 힘들었다. 제럴드 서스먼(Gerald Sussman)은 ""본질적으로 부정확한 개념을 설명하기위 해 정확한 언어를 사용하는 순간 그들은 더 이상 부정확하다고 말할 수 없다""라고 표했다. 또한 섕크는 이에 대해 ""비논리적"" 접근 즉 ""지저분이""가 매카시, 코와스키, 페이젠바움의 ""깔끔이"" 패러다임과 반대에 있다고 평했다.
1975년 세미나 보고서에서, 민스키는 ""지저분한"" 많은 그의 동료 연구자들이 무언가에 대한 우리의 모든 상식적 가정을 포착하는 프레임워크를 도구로 사용했다고 적었다. 예를 들어 우리가 새라는 개념을 생각할때, 즉시 '난다', '벌레를 먹는다'와 같은 다양한 사실들 또한 떠올린다. 떠올린 것들이 항상 사실은 아니고 또 ""논리적""으로 이것들이 공제가 되지는 않는다. 그러나 이런 가정들의 구조는 우리가 말하고 생각하는 문장의 부분을 차지한다. 그는 이 구조를 ""프레임""이라 칭했다. 섕크는 프레임의 설명에 대해서 영어로된 짧은 스토리에 대한 답변을 성공적으로 하기 위한 ""스크립트""라 불렀다.수년 후 객체지향 프로그래밍에서 AI 연구에서 쓰였던 프레임에서 나온 '상속'이라는 개념을 채택하게 된다.",17-0,제럴드 서스먼(Gerald Sussman)의 정의를 설명해주세요.,"제럴드 서스먼(Gerald Sussman)은 ""본질적으로 부정확한 개념을 설명하기위 해 정확한 언어를 사용하는 순간 그들은 더 이상 부정확하다고 말할 수 없다""라고 표했다.",definition
80,https://ko.wikipedia.org/wiki/%EC%9D%B8%EA%B3%B5%EC%A7%80%EB%8A%A5,"인공지능 - 위키백과, 우리 모두의 백과사전",지저분이: 프레임과 스크립트,"매카시의 접근에 대한 비평가들의 대다수가 그의 동료인 MIT 소속이었다. 마빈 민스키와 사무엘 페퍼와 로저 샹크는 기계를 사람처럼 느껴지도록 만드는 ""이야기 이해""와 ""물체 인식""의 문제를 해결하려고 노력했다. ""의자""나 ""음식점"" 같은 일반적인 개념을 사용할 때 사람들은 모두 비논리적으로, 사람들이 통용하는 범용적 가정을 함께 했다. 불행하게도 이런 부정확한 가정들은 논리적 절차로 대표하기가 힘들었다. 제럴드 서스먼(Gerald Sussman)은 ""본질적으로 부정확한 개념을 설명하기위 해 정확한 언어를 사용하는 순간 그들은 더 이상 부정확하다고 말할 수 없다""라고 표했다. 또한 섕크는 이에 대해 ""비논리적"" 접근 즉 ""지저분이""가 매카시, 코와스키, 페이젠바움의 ""깔끔이"" 패러다임과 반대에 있다고 평했다.
1975년 세미나 보고서에서, 민스키는 ""지저분한"" 많은 그의 동료 연구자들이 무언가에 대한 우리의 모든 상식적 가정을 포착하는 프레임워크를 도구로 사용했다고 적었다. 예를 들어 우리가 새라는 개념을 생각할때, 즉시 '난다', '벌레를 먹는다'와 같은 다양한 사실들 또한 떠올린다. 떠올린 것들이 항상 사실은 아니고 또 ""논리적""으로 이것들이 공제가 되지는 않는다. 그러나 이런 가정들의 구조는 우리가 말하고 생각하는 문장의 부분을 차지한다. 그는 이 구조를 ""프레임""이라 칭했다. 섕크는 프레임의 설명에 대해서 영어로된 짧은 스토리에 대한 답변을 성공적으로 하기 위한 ""스크립트""라 불렀다.수년 후 객체지향 프로그래밍에서 AI 연구에서 쓰였던 프레임에서 나온 '상속'이라는 개념을 채택하게 된다.",17-0,1975년에 인공지능 분야에서 어떤 일이 있었나요?,"1975년 세미나 보고서에서, 민스키는 ""지저분한"" 많은 그의 동료 연구자들이 무언가에 대한 우리의 모든 상식적 가정을 포착하는 프레임워크를 도구로 사용했다고 적었다.",temporal
81,https://ko.wikipedia.org/wiki/%EC%9D%B8%EA%B3%B5%EC%A7%80%EB%8A%A5,"인공지능 - 위키백과, 우리 모두의 백과사전",AI붐 (1980-1987),1980년대에는 전 세계적으로 사용된 ‘전문가 시스템’이라고 일컫는 인공지능 프로그램의 형태였고 인공지능 검색에 초점이 맞춰졌다. 같은 시기에 일본 정부는 자신들의 5세대 컴퓨터 프로젝트와 인공지능에 적극적으로 투자하였다. 1980년대에 존 홉필드와 데이비드 루멜하트의 신경망 이론의 복원이라는 또 다른 사건이 있었다.,18-0,인공지능에서 'AI붐 (1980-1987)'은(는) 무엇을 다루나요?,1980년대에는 전 세계적으로 사용된 ‘전문가 시스템’이라고 일컫는 인공지능 프로그램의 형태였고 인공지능 검색에 초점이 맞춰졌다. 같은 시기에 일본 정부는 자신들의 5세대 컴퓨터 프로젝트와 인공지능에 적극적으로 투자하였다. 1980년대에 존 홉필드와 데이비드 루멜하트의 신경망 이론의 복원이라는 또 다른 사건이 있었다.,summarization
82,https://ko.wikipedia.org/wiki/%EC%9D%B8%EA%B3%B5%EC%A7%80%EB%8A%A5,"인공지능 - 위키백과, 우리 모두의 백과사전",AI붐 (1980-1987),1980년대에는 전 세계적으로 사용된 ‘전문가 시스템’이라고 일컫는 인공지능 프로그램의 형태였고 인공지능 검색에 초점이 맞춰졌다. 같은 시기에 일본 정부는 자신들의 5세대 컴퓨터 프로젝트와 인공지능에 적극적으로 투자하였다. 1980년대에 존 홉필드와 데이비드 루멜하트의 신경망 이론의 복원이라는 또 다른 사건이 있었다.,18-0,1980년에 인공지능 분야에서 어떤 일이 있었나요?,1980년대에는 전 세계적으로 사용된 ‘전문가 시스템’이라고 일컫는 인공지능 프로그램의 형태였고 인공지능 검색에 초점이 맞춰졌다.,temporal
83,https://ko.wikipedia.org/wiki/%EC%9D%B8%EA%B3%B5%EC%A7%80%EB%8A%A5,"인공지능 - 위키백과, 우리 모두의 백과사전",전문가 시스템의 발전,"전문가 시스템은 특정 지식의 범위에 대해 문제를 해결해주거나 질문에 대답해주는 프로그램이며 전문가의 지식에서 파생된 논리적 법칙을 사용하였다. 최초의 실험은 1965년 Edward Feigenbaum과레더버그에 의해Dendral이 시작하였고 이것은 분광계로부터 화합물을 식별하는 실험이었다. MYCIN은 1972년에 개발되었고 전염되는 혈액 질환을 진단하였다. 이러한 접근법(실험)은 타당성이 입증되었다. 전문가 시스템은 소규모의 지식 영역에 대해서는 스스로 제한을 둠으로써 상식 문제를 피하였다. 그리고 그들의 단순한 디자인은 프로그램을 만드는 것을 상대적으로 쉽게 하였다. 모든 프로그램은 유용성이 입증되어야 하지만 AI는 이 점을 달성할 수 없었다. 1980년, XCON이라 불리는 전문가 시스템은 디지털 장비 회사인 CMU에서 완성되었다. 이 시스템은 매년 4천만 달러를 절약시켜주며 매우 큰 성과를 나타냈다.전 세계의 회사들은 1985년에 1억 달러 이상을 AI에 사용하여 이를 개발하고 전문가 시스템을 배포하였다. Symbolics, Lisp Machines과 같은 하드웨어 회사와 IntelliCorp, Aion 등의 소프트웨어 회사들이 이를 지원하면서 같이 성장하였다. 전문가 지식들을 포함하면서 전문가 시스템의 힘은 두각을 나타내었다. 이것은 1970년대 내내 연구하였던 AI 연구 기법의 새로운 방향 중 일부분이었다.",19-0,인공지능에서 '전문가 시스템의 발전'은(는) 무엇을 다루나요?,"전문가 시스템은 특정 지식의 범위에 대해 문제를 해결해주거나 질문에 대답해주는 프로그램이며 전문가의 지식에서 파생된 논리적 법칙을 사용하였다. 최초의 실험은 1965년 Edward Feigenbaum과레더버그에 의해Dendral이 시작하였고 이것은 분광계로부터 화합물을 식별하는 실험이었다. MYCIN은 1972년에 개발되었고 전염되는 혈액 질환을 진단하였다. 이러한 접근법(실험)은 타당성이 입증되었다. 전문가 시스템은 소규모의 지식 영역에 대해서는 스스로 제한을 둠으로써 상식 문제를 피하였다. 그리고 그들의 단순한 디자인은 프로그램을 만드는 것을 상대적으로 쉽게 하였다. 모든 프로그램은 유용성이 입증되어야 하지만 AI는 이 점을 달성할 수 없었다. 1980년, XCON이라 불리는 전문가 시스템은 디지털 장비 회사인 CMU에서 완성되었다. 이 시스템은 매년 4천만 달러를 절약시켜주며 매우 큰 성과를 나타냈다.전 세계의 회사들은 1985년에 1억 달러 이상을 AI에 사용하여 이를 개발하",summarization
84,https://ko.wikipedia.org/wiki/%EC%9D%B8%EA%B3%B5%EC%A7%80%EB%8A%A5,"인공지능 - 위키백과, 우리 모두의 백과사전",전문가 시스템의 발전,"전문가 시스템은 특정 지식의 범위에 대해 문제를 해결해주거나 질문에 대답해주는 프로그램이며 전문가의 지식에서 파생된 논리적 법칙을 사용하였다. 최초의 실험은 1965년 Edward Feigenbaum과레더버그에 의해Dendral이 시작하였고 이것은 분광계로부터 화합물을 식별하는 실험이었다. MYCIN은 1972년에 개발되었고 전염되는 혈액 질환을 진단하였다. 이러한 접근법(실험)은 타당성이 입증되었다. 전문가 시스템은 소규모의 지식 영역에 대해서는 스스로 제한을 둠으로써 상식 문제를 피하였다. 그리고 그들의 단순한 디자인은 프로그램을 만드는 것을 상대적으로 쉽게 하였다. 모든 프로그램은 유용성이 입증되어야 하지만 AI는 이 점을 달성할 수 없었다. 1980년, XCON이라 불리는 전문가 시스템은 디지털 장비 회사인 CMU에서 완성되었다. 이 시스템은 매년 4천만 달러를 절약시켜주며 매우 큰 성과를 나타냈다.전 세계의 회사들은 1985년에 1억 달러 이상을 AI에 사용하여 이를 개발하고 전문가 시스템을 배포하였다. Symbolics, Lisp Machines과 같은 하드웨어 회사와 IntelliCorp, Aion 등의 소프트웨어 회사들이 이를 지원하면서 같이 성장하였다. 전문가 지식들을 포함하면서 전문가 시스템의 힘은 두각을 나타내었다. 이것은 1970년대 내내 연구하였던 AI 연구 기법의 새로운 방향 중 일부분이었다.",19-0,1965년에 인공지능 분야에서 어떤 일이 있었나요?,최초의 실험은 1965년 Edward Feigenbaum과레더버그에 의해Dendral이 시작하였고 이것은 분광계로부터 화합물을 식별하는 실험이었다.,temporal
85,https://ko.wikipedia.org/wiki/%EC%9D%B8%EA%B3%B5%EC%A7%80%EB%8A%A5,"인공지능 - 위키백과, 우리 모두의 백과사전",전문가 시스템의 발전,"전문가 시스템은 특정 지식의 범위에 대해 문제를 해결해주거나 질문에 대답해주는 프로그램이며 전문가의 지식에서 파생된 논리적 법칙을 사용하였다. 최초의 실험은 1965년 Edward Feigenbaum과레더버그에 의해Dendral이 시작하였고 이것은 분광계로부터 화합물을 식별하는 실험이었다. MYCIN은 1972년에 개발되었고 전염되는 혈액 질환을 진단하였다. 이러한 접근법(실험)은 타당성이 입증되었다. 전문가 시스템은 소규모의 지식 영역에 대해서는 스스로 제한을 둠으로써 상식 문제를 피하였다. 그리고 그들의 단순한 디자인은 프로그램을 만드는 것을 상대적으로 쉽게 하였다. 모든 프로그램은 유용성이 입증되어야 하지만 AI는 이 점을 달성할 수 없었다. 1980년, XCON이라 불리는 전문가 시스템은 디지털 장비 회사인 CMU에서 완성되었다. 이 시스템은 매년 4천만 달러를 절약시켜주며 매우 큰 성과를 나타냈다.전 세계의 회사들은 1985년에 1억 달러 이상을 AI에 사용하여 이를 개발하고 전문가 시스템을 배포하였다. Symbolics, Lisp Machines과 같은 하드웨어 회사와 IntelliCorp, Aion 등의 소프트웨어 회사들이 이를 지원하면서 같이 성장하였다. 전문가 지식들을 포함하면서 전문가 시스템의 힘은 두각을 나타내었다. 이것은 1970년대 내내 연구하였던 AI 연구 기법의 새로운 방향 중 일부분이었다.",19-0,1972년에 인공지능 분야에서 어떤 일이 있었나요?,MYCIN은 1972년에 개발되었고 전염되는 혈액 질환을 진단하였다.,temporal
86,https://ko.wikipedia.org/wiki/%EC%9D%B8%EA%B3%B5%EC%A7%80%EB%8A%A5,"인공지능 - 위키백과, 우리 모두의 백과사전",전문가 시스템의 발전,“AI 과학자들은 지능이란 것이 다른 방법들로 많은 양의 다양한 지식들을 사용하는 능력에 기반한 것이라고 의심하기 시작했다.”지식 기반 시스템과 지식 엔지니어링은 1980년대 AI 연구자들의 메인 포커스가 되었다. 또한 1980년대에는 일반인들이 모두 알 만한 일상적인 사실들을 모두 포함한 아주 거대한 데이터베이스를 만들어 상식 문제에 대한 직접적 해결을 시도한 Cyc의 탄생을 볼 수 있었다. 이 프로젝트를 이끈 Douglas Lenat는 지름길은 없다고 말했다. - 기계가 인간의 개념을 알게 하기 위한 단 한 가지 길은 그들을 가르치는 것이다. 이 프로젝트는 수 십 년 동안 완료될 것이라 생각되지 않았다.,19-1,1980년에 인공지능 분야에서 어떤 일이 있었나요?,”지식 기반 시스템과 지식 엔지니어링은 1980년대 AI 연구자들의 메인 포커스가 되었다.,temporal
87,https://ko.wikipedia.org/wiki/%EC%9D%B8%EA%B3%B5%EC%A7%80%EB%8A%A5,"인공지능 - 위키백과, 우리 모두의 백과사전",돈은 되돌아온다: 5세대 프로젝트,"1981년, 일본의 국제 무역과 산업 부서는 5세대 컴퓨터 프로젝트를 위해 8억 5천만 달러를 확보해 두었다. 그들의 목적은 기계가 사람처럼 프로그램을 작성하고 대화를 수행할 수 있는 시스템과 언어를 번역하거나 그림을 해석하는 것이었다. 그들은 프로젝트를 위해 기본 컴퓨터 언어로 Prolog를 선택하였다.
다른 나라들은 그들만의 고유한 프로그램을 개발하였다. UK는 3억 5천만 달러를 들여 Alvey 프로젝트를 시작했다. 미국 회사들의 컨소시엄은 정보기술과 AI안의 거대한 프로젝트를 투자받기 위해 마이크로 전자공학과 컴퓨터 기술 협력이라는 형태를 취했다.또한 1984에서 1988년 사이에 DARPA는 전략적 컴퓨팅 계획을 설립하고 AI에 대한 투자를 세배로 늘렸다.",20-0,인공지능에서 '돈은 되돌아온다: 5세대 프로젝트'은(는) 무엇을 다루나요?,"1981년, 일본의 국제 무역과 산업 부서는 5세대 컴퓨터 프로젝트를 위해 8억 5천만 달러를 확보해 두었다. 그들의 목적은 기계가 사람처럼 프로그램을 작성하고 대화를 수행할 수 있는 시스템과 언어를 번역하거나 그림을 해석하는 것이었다. 그들은 프로젝트를 위해 기본 컴퓨터 언어로 Prolog를 선택하였다.
다른 나라들은 그들만의 고유한 프로그램을 개발하였다. UK는 3억 5천만 달러를 들여 Alvey 프로젝트를 시작했다. 미국 회사들의 컨소시엄은 정보기술과 AI안의 거대한 프로젝트를 투자받기 위해 마이크로 전자공학과 컴퓨터 기술 협력이라는 형태를 취했다.또한 1984에서 1988년 사이에 DARPA는 전략적 컴퓨팅 계획을 설립하고 AI에 대한 투자를 세배로 늘렸다.",summarization
88,https://ko.wikipedia.org/wiki/%EC%9D%B8%EA%B3%B5%EC%A7%80%EB%8A%A5,"인공지능 - 위키백과, 우리 모두의 백과사전",돈은 되돌아온다: 5세대 프로젝트,"1981년, 일본의 국제 무역과 산업 부서는 5세대 컴퓨터 프로젝트를 위해 8억 5천만 달러를 확보해 두었다. 그들의 목적은 기계가 사람처럼 프로그램을 작성하고 대화를 수행할 수 있는 시스템과 언어를 번역하거나 그림을 해석하는 것이었다. 그들은 프로젝트를 위해 기본 컴퓨터 언어로 Prolog를 선택하였다.
다른 나라들은 그들만의 고유한 프로그램을 개발하였다. UK는 3억 5천만 달러를 들여 Alvey 프로젝트를 시작했다. 미국 회사들의 컨소시엄은 정보기술과 AI안의 거대한 프로젝트를 투자받기 위해 마이크로 전자공학과 컴퓨터 기술 협력이라는 형태를 취했다.또한 1984에서 1988년 사이에 DARPA는 전략적 컴퓨팅 계획을 설립하고 AI에 대한 투자를 세배로 늘렸다.",20-0,1981년에 인공지능 분야에서 어떤 일이 있었나요?,"1981년, 일본의 국제 무역과 산업 부서는 5세대 컴퓨터 프로젝트를 위해 8억 5천만 달러를 확보해 두었다.",temporal
89,https://ko.wikipedia.org/wiki/%EC%9D%B8%EA%B3%B5%EC%A7%80%EB%8A%A5,"인공지능 - 위키백과, 우리 모두의 백과사전",돈은 되돌아온다: 5세대 프로젝트,"1981년, 일본의 국제 무역과 산업 부서는 5세대 컴퓨터 프로젝트를 위해 8억 5천만 달러를 확보해 두었다. 그들의 목적은 기계가 사람처럼 프로그램을 작성하고 대화를 수행할 수 있는 시스템과 언어를 번역하거나 그림을 해석하는 것이었다. 그들은 프로젝트를 위해 기본 컴퓨터 언어로 Prolog를 선택하였다.
다른 나라들은 그들만의 고유한 프로그램을 개발하였다. UK는 3억 5천만 달러를 들여 Alvey 프로젝트를 시작했다. 미국 회사들의 컨소시엄은 정보기술과 AI안의 거대한 프로젝트를 투자받기 위해 마이크로 전자공학과 컴퓨터 기술 협력이라는 형태를 취했다.또한 1984에서 1988년 사이에 DARPA는 전략적 컴퓨팅 계획을 설립하고 AI에 대한 투자를 세배로 늘렸다.",20-0,1988년에 인공지능 분야에서 어떤 일이 있었나요?,또한 1984에서 1988년 사이에 DARPA는 전략적 컴퓨팅 계획을 설립하고 AI에 대한 투자를 세배로 늘렸다.,temporal
90,https://ko.wikipedia.org/wiki/%EC%9D%B8%EA%B3%B5%EC%A7%80%EB%8A%A5,"인공지능 - 위키백과, 우리 모두의 백과사전",신경망 이론의 복귀,"1982년, 물리학자 John Hopfield는 (현재 ‘Hopfield net’이라고 불리는) 완벽한 새로운 길에서 정보를 프로세스하고 배울 수 있는 신경망의 형태를 증명해냈다. 이 시기에, David Rumelhart는 (Paul Werbos에 의해 발견된) “역전파”라고 불리는 신경망을 개선하기 위한 새로운 방법을 알리고 있었다. 이러한 두 가지 발견은 1970년 이후 버려진 신경망 이론이라는 분야를 복구시켰다.새로운 분야는 1986년 분산 병렬처리의 형태로부터 영감을 받았고 이와 같은 형태로 통일되었다. 2권 분량의 논문 집합은 Rumelhart와 물리학자인 James McClelland에 의해 편집되었다. 신경망은 1990년대에 광학 문자 인식 및 음성 인식과 같은 프로그램의 구동 엔진으로 사용되며 상업적으로 성공했다.",21-0,인공지능에서 '신경망 이론의 복귀'은(는) 무엇을 다루나요?,"1982년, 물리학자 John Hopfield는 (현재 ‘Hopfield net’이라고 불리는) 완벽한 새로운 길에서 정보를 프로세스하고 배울 수 있는 신경망의 형태를 증명해냈다. 이 시기에, David Rumelhart는 (Paul Werbos에 의해 발견된) “역전파”라고 불리는 신경망을 개선하기 위한 새로운 방법을 알리고 있었다. 이러한 두 가지 발견은 1970년 이후 버려진 신경망 이론이라는 분야를 복구시켰다.새로운 분야는 1986년 분산 병렬처리의 형태로부터 영감을 받았고 이와 같은 형태로 통일되었다. 2권 분량의 논문 집합은 Rumelhart와 물리학자인 James McClelland에 의해 편집되었다. 신경망은 1990년대에 광학 문자 인식 및 음성 인식과 같은 프로그램의 구동 엔진으로 사용되며 상업적으로 성공했다.",summarization
91,https://ko.wikipedia.org/wiki/%EC%9D%B8%EA%B3%B5%EC%A7%80%EB%8A%A5,"인공지능 - 위키백과, 우리 모두의 백과사전",신경망 이론의 복귀,"1982년, 물리학자 John Hopfield는 (현재 ‘Hopfield net’이라고 불리는) 완벽한 새로운 길에서 정보를 프로세스하고 배울 수 있는 신경망의 형태를 증명해냈다. 이 시기에, David Rumelhart는 (Paul Werbos에 의해 발견된) “역전파”라고 불리는 신경망을 개선하기 위한 새로운 방법을 알리고 있었다. 이러한 두 가지 발견은 1970년 이후 버려진 신경망 이론이라는 분야를 복구시켰다.새로운 분야는 1986년 분산 병렬처리의 형태로부터 영감을 받았고 이와 같은 형태로 통일되었다. 2권 분량의 논문 집합은 Rumelhart와 물리학자인 James McClelland에 의해 편집되었다. 신경망은 1990년대에 광학 문자 인식 및 음성 인식과 같은 프로그램의 구동 엔진으로 사용되며 상업적으로 성공했다.",21-0,1982년에 인공지능 분야에서 어떤 일이 있었나요?,"1982년, 물리학자 John Hopfield는 (현재 ‘Hopfield net’이라고 불리는) 완벽한 새로운 길에서 정보를 프로세스하고 배울 수 있는 신경망의 형태를 증명해냈다.",temporal
92,https://ko.wikipedia.org/wiki/%EC%9D%B8%EA%B3%B5%EC%A7%80%EB%8A%A5,"인공지능 - 위키백과, 우리 모두의 백과사전",신경망 이론의 복귀,"1982년, 물리학자 John Hopfield는 (현재 ‘Hopfield net’이라고 불리는) 완벽한 새로운 길에서 정보를 프로세스하고 배울 수 있는 신경망의 형태를 증명해냈다. 이 시기에, David Rumelhart는 (Paul Werbos에 의해 발견된) “역전파”라고 불리는 신경망을 개선하기 위한 새로운 방법을 알리고 있었다. 이러한 두 가지 발견은 1970년 이후 버려진 신경망 이론이라는 분야를 복구시켰다.새로운 분야는 1986년 분산 병렬처리의 형태로부터 영감을 받았고 이와 같은 형태로 통일되었다. 2권 분량의 논문 집합은 Rumelhart와 물리학자인 James McClelland에 의해 편집되었다. 신경망은 1990년대에 광학 문자 인식 및 음성 인식과 같은 프로그램의 구동 엔진으로 사용되며 상업적으로 성공했다.",21-0,1970년에 인공지능 분야에서 어떤 일이 있었나요?,이러한 두 가지 발견은 1970년 이후 버려진 신경망 이론이라는 분야를 복구시켰다.,temporal
93,https://ko.wikipedia.org/wiki/%EC%9D%B8%EA%B3%B5%EC%A7%80%EB%8A%A5,"인공지능 - 위키백과, 우리 모두의 백과사전",AI의 두번째 암흑기 1987-1993,AI와 비즈니스 커뮤니티의 매력은 상실했고 경제 거품이라는 고전적 형태의 1980년대에 빠졌다. 붕괴는 정부기관과 투자자들의 ‘해당 분야는 계속해서 비판에도 불구하고 진보해왔다.’는 인식에 비롯된 것이었다. 로봇 공학 분야에 관련 된 연구원인 Rodney Brooks 와 Hans Moravec는 인공지능에 대한 완전히 새로운 접근 방식을 주장하였다.,22-0,인공지능에서 'AI의 두번째 암흑기 1987-1993'은(는) 무엇을 다루나요?,AI와 비즈니스 커뮤니티의 매력은 상실했고 경제 거품이라는 고전적 형태의 1980년대에 빠졌다. 붕괴는 정부기관과 투자자들의 ‘해당 분야는 계속해서 비판에도 불구하고 진보해왔다.’는 인식에 비롯된 것이었다. 로봇 공학 분야에 관련 된 연구원인 Rodney Brooks 와 Hans Moravec는 인공지능에 대한 완전히 새로운 접근 방식을 주장하였다.,summarization
94,https://ko.wikipedia.org/wiki/%EC%9D%B8%EA%B3%B5%EC%A7%80%EB%8A%A5,"인공지능 - 위키백과, 우리 모두의 백과사전",AI의 두번째 암흑기 1987-1993,AI와 비즈니스 커뮤니티의 매력은 상실했고 경제 거품이라는 고전적 형태의 1980년대에 빠졌다. 붕괴는 정부기관과 투자자들의 ‘해당 분야는 계속해서 비판에도 불구하고 진보해왔다.’는 인식에 비롯된 것이었다. 로봇 공학 분야에 관련 된 연구원인 Rodney Brooks 와 Hans Moravec는 인공지능에 대한 완전히 새로운 접근 방식을 주장하였다.,22-0,1980년에 인공지능 분야에서 어떤 일이 있었나요?,AI와 비즈니스 커뮤니티의 매력은 상실했고 경제 거품이라는 고전적 형태의 1980년대에 빠졌다.,temporal
95,https://ko.wikipedia.org/wiki/%EC%9D%B8%EA%B3%B5%EC%A7%80%EB%8A%A5,"인공지능 - 위키백과, 우리 모두의 백과사전",인공지능의 겨울,"1974년에 전문가 시스템에 대한 열정이 통제할 수 없을 정도로 퍼져나가고 이에 대한 실망이 확실히 따라올 것이라는 걱정이 있었고 이 때 투자가 끊기고 살아남은 연구원들에 의해서 “AI winter”이라는 단어가 만들어졌다.그들의 두려움은 AI에 대해 일련의 재정적 차질이 있었던 1980년 말에서 1990년대 초반에 잘 나타난다. 이 AI winter 기간의 첫 번째 사건은 1987년에 특성화된 AI 하드웨어 시장이 갑자기 무너진 것이다. 1987년에 애플이나 IBM의 데스크탑 컴퓨터들은 급격히 빨라지고 성능이 좋아졌다. 또한 Symblics과 기타 회사들이 만든 데스크탑 컴퓨터 보다 더 비싼 Lisp 기기들보다도 더욱 좋은 성능을 나타냈다. 즉, 더 이상 Lisp 기기들을 살 이유가 사라진 것이다. 전체산업 1억 달러의 절반의 가치가 하룻밤에 사라졌다.결국 최초의 성공한 전문가 시스템인 XCON은 유지하기에 너무 비싸다는 것이 증명되었다. 업데이트하기에도 너무 어려웠고 학습도 되지 않았다. 이 전문가 시스템은 또한 일반적이지 않은 질문을 했을 때 괴상한 행동을 하는 일명 ""brittle"" 이었고 그들은 일찍이 발견된 이러한 문제들에 의해 결국 희생되었다. 전문가 시스템은 특별한 경우에서만 유용할 뿐이었다.1980년대 후반, Strategic Computing initiative는 AI의 투자를 자르는 데 공이 컸다.",23-0,인공지능에서 '인공지능의 겨울'은(는) 무엇을 다루나요?,"1974년에 전문가 시스템에 대한 열정이 통제할 수 없을 정도로 퍼져나가고 이에 대한 실망이 확실히 따라올 것이라는 걱정이 있었고 이 때 투자가 끊기고 살아남은 연구원들에 의해서 “AI winter”이라는 단어가 만들어졌다.그들의 두려움은 AI에 대해 일련의 재정적 차질이 있었던 1980년 말에서 1990년대 초반에 잘 나타난다. 이 AI winter 기간의 첫 번째 사건은 1987년에 특성화된 AI 하드웨어 시장이 갑자기 무너진 것이다. 1987년에 애플이나 IBM의 데스크탑 컴퓨터들은 급격히 빨라지고 성능이 좋아졌다. 또한 Symblics과 기타 회사들이 만든 데스크탑 컴퓨터 보다 더 비싼 Lisp 기기들보다도 더욱 좋은 성능을 나타냈다. 즉, 더 이상 Lisp 기기들을 살 이유가 사라진 것이다. 전체산업 1억 달러의 절반의 가치가 하룻밤에 사라졌다.결국 최초의 성공한 전문가 시스템인 XCON은 유지하기에 너무 비싸다는 것이 증명되었다. 업데이트하기에도 너무 어려웠고 학습도 되지",summarization
96,https://ko.wikipedia.org/wiki/%EC%9D%B8%EA%B3%B5%EC%A7%80%EB%8A%A5,"인공지능 - 위키백과, 우리 모두의 백과사전",인공지능의 겨울,"1974년에 전문가 시스템에 대한 열정이 통제할 수 없을 정도로 퍼져나가고 이에 대한 실망이 확실히 따라올 것이라는 걱정이 있었고 이 때 투자가 끊기고 살아남은 연구원들에 의해서 “AI winter”이라는 단어가 만들어졌다.그들의 두려움은 AI에 대해 일련의 재정적 차질이 있었던 1980년 말에서 1990년대 초반에 잘 나타난다. 이 AI winter 기간의 첫 번째 사건은 1987년에 특성화된 AI 하드웨어 시장이 갑자기 무너진 것이다. 1987년에 애플이나 IBM의 데스크탑 컴퓨터들은 급격히 빨라지고 성능이 좋아졌다. 또한 Symblics과 기타 회사들이 만든 데스크탑 컴퓨터 보다 더 비싼 Lisp 기기들보다도 더욱 좋은 성능을 나타냈다. 즉, 더 이상 Lisp 기기들을 살 이유가 사라진 것이다. 전체산업 1억 달러의 절반의 가치가 하룻밤에 사라졌다.결국 최초의 성공한 전문가 시스템인 XCON은 유지하기에 너무 비싸다는 것이 증명되었다. 업데이트하기에도 너무 어려웠고 학습도 되지 않았다. 이 전문가 시스템은 또한 일반적이지 않은 질문을 했을 때 괴상한 행동을 하는 일명 ""brittle"" 이었고 그들은 일찍이 발견된 이러한 문제들에 의해 결국 희생되었다. 전문가 시스템은 특별한 경우에서만 유용할 뿐이었다.1980년대 후반, Strategic Computing initiative는 AI의 투자를 자르는 데 공이 컸다.",23-0,1974년에 인공지능 분야에서 어떤 일이 있었나요?,1974년에 전문가 시스템에 대한 열정이 통제할 수 없을 정도로 퍼져나가고 이에 대한 실망이 확실히 따라올 것이라는 걱정이 있었고 이 때 투자가 끊기고 살아남은 연구원들에 의해서 “AI winter”이라는 단어가 만들어졌다.,temporal
97,https://ko.wikipedia.org/wiki/%EC%9D%B8%EA%B3%B5%EC%A7%80%EB%8A%A5,"인공지능 - 위키백과, 우리 모두의 백과사전",인공지능의 겨울,"1974년에 전문가 시스템에 대한 열정이 통제할 수 없을 정도로 퍼져나가고 이에 대한 실망이 확실히 따라올 것이라는 걱정이 있었고 이 때 투자가 끊기고 살아남은 연구원들에 의해서 “AI winter”이라는 단어가 만들어졌다.그들의 두려움은 AI에 대해 일련의 재정적 차질이 있었던 1980년 말에서 1990년대 초반에 잘 나타난다. 이 AI winter 기간의 첫 번째 사건은 1987년에 특성화된 AI 하드웨어 시장이 갑자기 무너진 것이다. 1987년에 애플이나 IBM의 데스크탑 컴퓨터들은 급격히 빨라지고 성능이 좋아졌다. 또한 Symblics과 기타 회사들이 만든 데스크탑 컴퓨터 보다 더 비싼 Lisp 기기들보다도 더욱 좋은 성능을 나타냈다. 즉, 더 이상 Lisp 기기들을 살 이유가 사라진 것이다. 전체산업 1억 달러의 절반의 가치가 하룻밤에 사라졌다.결국 최초의 성공한 전문가 시스템인 XCON은 유지하기에 너무 비싸다는 것이 증명되었다. 업데이트하기에도 너무 어려웠고 학습도 되지 않았다. 이 전문가 시스템은 또한 일반적이지 않은 질문을 했을 때 괴상한 행동을 하는 일명 ""brittle"" 이었고 그들은 일찍이 발견된 이러한 문제들에 의해 결국 희생되었다. 전문가 시스템은 특별한 경우에서만 유용할 뿐이었다.1980년대 후반, Strategic Computing initiative는 AI의 투자를 자르는 데 공이 컸다.",23-0,1980년에 인공지능 분야에서 어떤 일이 있었나요?,그들의 두려움은 AI에 대해 일련의 재정적 차질이 있었던 1980년 말에서 1990년대 초반에 잘 나타난다.,temporal
98,https://ko.wikipedia.org/wiki/%EC%9D%B8%EA%B3%B5%EC%A7%80%EB%8A%A5,"인공지능 - 위키백과, 우리 모두의 백과사전",인공지능의 겨울,"DARPA의 새로운 리더쉽은 AI는 이 다음의 파도가 아니라고 결정했고 즉각적인 결과를 나타낼 수 있는 것으로 보이는 프로젝트에 직접적인 투자를 하는 방향으로 결정했다.1991년에는 1981년에 일본에서 5세대 프로젝트의 목표 리스트에 적은 것만큼 성과가 나오지 않았다. 실제로 대화를 계속 이어나가는 것과 같은 어떤 것들은 2010년까지 달성되지 않았다. 다른 인공 지능 프로젝트와 마찬가지로, 실제 가능했던 것보다 기대가 훨씬 컸다.",23-1,1991년에 인공지능 분야에서 어떤 일이 있었나요?,1991년에는 1981년에 일본에서 5세대 프로젝트의 목표 리스트에 적은 것만큼 성과가 나오지 않았다.,temporal
99,https://ko.wikipedia.org/wiki/%EC%9D%B8%EA%B3%B5%EC%A7%80%EB%8A%A5,"인공지능 - 위키백과, 우리 모두의 백과사전",인공지능의 겨울,"DARPA의 새로운 리더쉽은 AI는 이 다음의 파도가 아니라고 결정했고 즉각적인 결과를 나타낼 수 있는 것으로 보이는 프로젝트에 직접적인 투자를 하는 방향으로 결정했다.1991년에는 1981년에 일본에서 5세대 프로젝트의 목표 리스트에 적은 것만큼 성과가 나오지 않았다. 실제로 대화를 계속 이어나가는 것과 같은 어떤 것들은 2010년까지 달성되지 않았다. 다른 인공 지능 프로젝트와 마찬가지로, 실제 가능했던 것보다 기대가 훨씬 컸다.",23-1,2010년에 인공지능 분야에서 어떤 일이 있었나요?,실제로 대화를 계속 이어나가는 것과 같은 어떤 것들은 2010년까지 달성되지 않았다.,temporal
100,https://ko.wikipedia.org/wiki/%EC%9D%B8%EA%B3%B5%EC%A7%80%EB%8A%A5,"인공지능 - 위키백과, 우리 모두의 백과사전",몸통을 갖는 것의 중요성: Nouvellle AI and embodied reason,"1980년대 후반 , 몇몇 연구원들이 로봇 공학을 기반으로 인공 지능에 완전히 새로운 접근법에 대해 찬성하였다.그들은 실제 지능을 보여주려면 기계에도 몸통이 필요하다고 믿었다. - 기계 또한 이 세상에서 인식하고, 이동하고, 살아남고 거래할 줄 알 필요가 있다. 그들은 이런 감각 운동 기술은 상식적인 추론과 같은 더 높은 단계의 기술이 필요하다고 말했고 실제로 추상적인 추론은 인간의 가장 흥미롭거나 중요한 기술이다. 그들은 지능을 바닥에서부터 지어야 한다고 내세웠다.인공 두뇌와 제어 이론에서부터 얻은 접근법은 1960년대까지 인기가 없었다. 또 다른 선구자인 David Marr는 신경 과학 이론으로 한 그룹의 비전을 이끌어 성공적인 배경으로 1970년대에 MIT에 들어왔다. 그는 모든 상식적인 접근법(McCarthy's logic and Minsky's frames)을 거절했고 AI는 시각에 대한 육체적인 기계장치를 심볼릭 프로세싱 하기 전에 가장 바닥에서부터 위로 이해할 필요가 있다고 말했다. 1990년에 Elephants Don't Play Chess 논문에서, 로봇 공학 연구자인 Rodney Brooks는 직접적으로 물리적 심볼 시스템 가설에 초점을 맞추었고 심볼들은 항상 필요한 것은 아니라고 말했다. “세계는 그 자체만으로 가장 훌륭한 모델이다. 이것은 항상 최신이며 모든 세부사항이 존재한다.",24-0,인공지능에서 '몸통을 갖는 것의 중요성: Nouvellle AI and embodied reason'은(는) 무엇을 다루나요?,"1980년대 후반 , 몇몇 연구원들이 로봇 공학을 기반으로 인공 지능에 완전히 새로운 접근법에 대해 찬성하였다.그들은 실제 지능을 보여주려면 기계에도 몸통이 필요하다고 믿었다. - 기계 또한 이 세상에서 인식하고, 이동하고, 살아남고 거래할 줄 알 필요가 있다. 그들은 이런 감각 운동 기술은 상식적인 추론과 같은 더 높은 단계의 기술이 필요하다고 말했고 실제로 추상적인 추론은 인간의 가장 흥미롭거나 중요한 기술이다. 그들은 지능을 바닥에서부터 지어야 한다고 내세웠다.인공 두뇌와 제어 이론에서부터 얻은 접근법은 1960년대까지 인기가 없었다. 또 다른 선구자인 David Marr는 신경 과학 이론으로 한 그룹의 비전을 이끌어 성공적인 배경으로 1970년대에 MIT에 들어왔다. 그는 모든 상식적인 접근법(McCarthy's logic and Minsky's frames)을 거절했고 AI는 시각에 대한 육체적인 기계장치를 심볼릭 프로세싱 하기 전에 가장 바닥에서부터 위로 이해할 필요가 있",summarization
101,https://ko.wikipedia.org/wiki/%EC%9D%B8%EA%B3%B5%EC%A7%80%EB%8A%A5,"인공지능 - 위키백과, 우리 모두의 백과사전",몸통을 갖는 것의 중요성: Nouvellle AI and embodied reason,"1980년대 후반 , 몇몇 연구원들이 로봇 공학을 기반으로 인공 지능에 완전히 새로운 접근법에 대해 찬성하였다.그들은 실제 지능을 보여주려면 기계에도 몸통이 필요하다고 믿었다. - 기계 또한 이 세상에서 인식하고, 이동하고, 살아남고 거래할 줄 알 필요가 있다. 그들은 이런 감각 운동 기술은 상식적인 추론과 같은 더 높은 단계의 기술이 필요하다고 말했고 실제로 추상적인 추론은 인간의 가장 흥미롭거나 중요한 기술이다. 그들은 지능을 바닥에서부터 지어야 한다고 내세웠다.인공 두뇌와 제어 이론에서부터 얻은 접근법은 1960년대까지 인기가 없었다. 또 다른 선구자인 David Marr는 신경 과학 이론으로 한 그룹의 비전을 이끌어 성공적인 배경으로 1970년대에 MIT에 들어왔다. 그는 모든 상식적인 접근법(McCarthy's logic and Minsky's frames)을 거절했고 AI는 시각에 대한 육체적인 기계장치를 심볼릭 프로세싱 하기 전에 가장 바닥에서부터 위로 이해할 필요가 있다고 말했다. 1990년에 Elephants Don't Play Chess 논문에서, 로봇 공학 연구자인 Rodney Brooks는 직접적으로 물리적 심볼 시스템 가설에 초점을 맞추었고 심볼들은 항상 필요한 것은 아니라고 말했다. “세계는 그 자체만으로 가장 훌륭한 모델이다. 이것은 항상 최신이며 모든 세부사항이 존재한다.",24-0,1980년에 인공지능 분야에서 어떤 일이 있었나요?,"1980년대 후반 , 몇몇 연구원들이 로봇 공학을 기반으로 인공 지능에 완전히 새로운 접근법에 대해 찬성하였다.",temporal
102,https://ko.wikipedia.org/wiki/%EC%9D%B8%EA%B3%B5%EC%A7%80%EB%8A%A5,"인공지능 - 위키백과, 우리 모두의 백과사전",몸통을 갖는 것의 중요성: Nouvellle AI and embodied reason,"1980년대 후반 , 몇몇 연구원들이 로봇 공학을 기반으로 인공 지능에 완전히 새로운 접근법에 대해 찬성하였다.그들은 실제 지능을 보여주려면 기계에도 몸통이 필요하다고 믿었다. - 기계 또한 이 세상에서 인식하고, 이동하고, 살아남고 거래할 줄 알 필요가 있다. 그들은 이런 감각 운동 기술은 상식적인 추론과 같은 더 높은 단계의 기술이 필요하다고 말했고 실제로 추상적인 추론은 인간의 가장 흥미롭거나 중요한 기술이다. 그들은 지능을 바닥에서부터 지어야 한다고 내세웠다.인공 두뇌와 제어 이론에서부터 얻은 접근법은 1960년대까지 인기가 없었다. 또 다른 선구자인 David Marr는 신경 과학 이론으로 한 그룹의 비전을 이끌어 성공적인 배경으로 1970년대에 MIT에 들어왔다. 그는 모든 상식적인 접근법(McCarthy's logic and Minsky's frames)을 거절했고 AI는 시각에 대한 육체적인 기계장치를 심볼릭 프로세싱 하기 전에 가장 바닥에서부터 위로 이해할 필요가 있다고 말했다. 1990년에 Elephants Don't Play Chess 논문에서, 로봇 공학 연구자인 Rodney Brooks는 직접적으로 물리적 심볼 시스템 가설에 초점을 맞추었고 심볼들은 항상 필요한 것은 아니라고 말했다. “세계는 그 자체만으로 가장 훌륭한 모델이다. 이것은 항상 최신이며 모든 세부사항이 존재한다.",24-0,1960년에 인공지능 분야에서 어떤 일이 있었나요?,인공 두뇌와 제어 이론에서부터 얻은 접근법은 1960년대까지 인기가 없었다.,temporal
103,https://ko.wikipedia.org/wiki/%EC%9D%B8%EA%B3%B5%EC%A7%80%EB%8A%A5,"인공지능 - 위키백과, 우리 모두의 백과사전",몸통을 갖는 것의 중요성: Nouvellle AI and embodied reason,비결은 적절히 그리고 충분히 자주 감지하는 것이다.80년대와 90년대에 많은 cognitive 과학자들은 또한 사고방식의 심볼 처리 모델을 거절하고 추론에 몸통은 필수적이라고 말했고 이러한 이론을 embodied mind 이론이라고 불렀다.,24-1,인공지능의 '몸통을 갖는 것의 중요성: Nouvellle AI and embodied reason'에서 다루는 핵심 내용은 무엇인가요?,비결은 적절히 그리고 충분히 자주 감지하는 것이다.80년대와 90년대에 많은 cognitive 과학자들은 또한 사고방식의 심볼 처리 모델을 거절하고 추론에 몸통은 필수적이라고 말했고 이러한 이론을 embodied mind 이론이라고 불렀다.,comprehension
104,https://ko.wikipedia.org/wiki/%EC%9D%B8%EA%B3%B5%EC%A7%80%EB%8A%A5,"인공지능 - 위키백과, 우리 모두의 백과사전",AI 1993~현재,"지금보다 반세기는 더 오래된 AI의 분야는 마침내 가장 오래된 목표 중 몇 가지를 달성했다. 이것은 비록 뒷받침해주는 역할이었지만 기술 산업에 걸쳐 성공적으로 사용되었다. 몇 가지 성공은 컴퓨터의 성능이 증가했기 때문이고 또 다른 몇 가지는 고립된 문제들에 대해 집중하였고 높은 과학적 의무감으로 해 나갔기 때문에 해결되었다. 적어도 비즈니스 분야에서의 AI의 평판은 여전히 처음 같지 않다. 이 분야 내에서는 1960년대 세계의 상상이던 인간 수준의 지능의 꿈을 실현하는 것이 실패로 돌아갔다는 이유로 몇 가지 합의를 하였다. 하위 파트에서 AI의 일부분을 도와주던 모든 요소들은 특정 문제나 접근 방식에 초점이 맞추어졌다.그 후, AI는 여태 해왔던 것보다 더욱 신중해졌고 더욱 성공적이였다. 또한 보안이 중요한 이슈로 떠올랐다. 인공지능의 보안이슈로는 학습된 인공지능을 속일 수 있는 공격형태인 Poisoning Attack, Evasion Attack, 인공지능 모델 자체를 탈취할 수 있는 Model Extraction Attack, 학습된 모델에서 데이터를 추출해내는 Inversion Attack 등이 있다.",25-0,인공지능에서 'AI 1993~현재'은(는) 무엇을 다루나요?,"지금보다 반세기는 더 오래된 AI의 분야는 마침내 가장 오래된 목표 중 몇 가지를 달성했다. 이것은 비록 뒷받침해주는 역할이었지만 기술 산업에 걸쳐 성공적으로 사용되었다. 몇 가지 성공은 컴퓨터의 성능이 증가했기 때문이고 또 다른 몇 가지는 고립된 문제들에 대해 집중하였고 높은 과학적 의무감으로 해 나갔기 때문에 해결되었다. 적어도 비즈니스 분야에서의 AI의 평판은 여전히 처음 같지 않다. 이 분야 내에서는 1960년대 세계의 상상이던 인간 수준의 지능의 꿈을 실현하는 것이 실패로 돌아갔다는 이유로 몇 가지 합의를 하였다. 하위 파트에서 AI의 일부분을 도와주던 모든 요소들은 특정 문제나 접근 방식에 초점이 맞추어졌다.그 후, AI는 여태 해왔던 것보다 더욱 신중해졌고 더욱 성공적이였다. 또한 보안이 중요한 이슈로 떠올랐다. 인공지능의 보안이슈로는 학습된 인공지능을 속일 수 있는 공격형태인 Poisoning Attack, Evasion Attack, 인공지능 모델 자체를 탈취할 수",summarization
105,https://ko.wikipedia.org/wiki/%EC%9D%B8%EA%B3%B5%EC%A7%80%EB%8A%A5,"인공지능 - 위키백과, 우리 모두의 백과사전",AI 1993~현재,"지금보다 반세기는 더 오래된 AI의 분야는 마침내 가장 오래된 목표 중 몇 가지를 달성했다. 이것은 비록 뒷받침해주는 역할이었지만 기술 산업에 걸쳐 성공적으로 사용되었다. 몇 가지 성공은 컴퓨터의 성능이 증가했기 때문이고 또 다른 몇 가지는 고립된 문제들에 대해 집중하였고 높은 과학적 의무감으로 해 나갔기 때문에 해결되었다. 적어도 비즈니스 분야에서의 AI의 평판은 여전히 처음 같지 않다. 이 분야 내에서는 1960년대 세계의 상상이던 인간 수준의 지능의 꿈을 실현하는 것이 실패로 돌아갔다는 이유로 몇 가지 합의를 하였다. 하위 파트에서 AI의 일부분을 도와주던 모든 요소들은 특정 문제나 접근 방식에 초점이 맞추어졌다.그 후, AI는 여태 해왔던 것보다 더욱 신중해졌고 더욱 성공적이였다. 또한 보안이 중요한 이슈로 떠올랐다. 인공지능의 보안이슈로는 학습된 인공지능을 속일 수 있는 공격형태인 Poisoning Attack, Evasion Attack, 인공지능 모델 자체를 탈취할 수 있는 Model Extraction Attack, 학습된 모델에서 데이터를 추출해내는 Inversion Attack 등이 있다.",25-0,1960년에 인공지능 분야에서 어떤 일이 있었나요?,이 분야 내에서는 1960년대 세계의 상상이던 인간 수준의 지능의 꿈을 실현하는 것이 실패로 돌아갔다는 이유로 몇 가지 합의를 하였다.,temporal
106,https://ko.wikipedia.org/wiki/%EC%9D%B8%EA%B3%B5%EC%A7%80%EB%8A%A5,"인공지능 - 위키백과, 우리 모두의 백과사전",성공 사례와 무어의 법칙,"1997년 5월 11일,딥 블루는 당시체스세계 챔피언이던가리 카스파로프를 이긴 최초의 체스 플레이 컴퓨터가 되었다.2005년 스탠퍼드의 로봇은 DARPA 그랜드 챌린지에서 연습해 보지 않은 사막 도로 131마일을 자동으로 운전하여 우승하였다.2년 뒤, CMU의 한 팀은 DARPA 도시 챌린지에서 모든 교통 법규를 지키고 교통 혼잡 속에서 자동으로 55 마일의 길을 찾았다.2011년 2월, 퀴즈 쇼Jeopardy!에 출전한 IBM의 응답 시스템 왓슨은 상당히 여유롭게 두 챔피언을 이겼다.
이러한 성공은 혁신적인 새로운 패러다임 때문이 아니라 번거로운 엔지니어 스킬과 매우 뛰어난 성능을 가진 오늘날의 컴퓨터에서 비롯된 것이다.실제로, Deep Blue의 컴퓨터는 1951년 Christopher가 체스 하는 법을 가르친 마크 1보다 1천만 배 빨랐다.이 엄청난 증가는무어의 법칙에 의해 측정되는데 이것은 2년마다 컴퓨터의 메모리 속도와 양은 두 배씩 늘어난다는 이론이다. 최초 컴퓨터 성능의 근본적인 문제는 느리지만 서서히 극복되고 있었다.",26-0,인공지능에서 '성공 사례와 무어의 법칙'은(는) 무엇을 다루나요?,"1997년 5월 11일,딥 블루는 당시체스세계 챔피언이던가리 카스파로프를 이긴 최초의 체스 플레이 컴퓨터가 되었다.2005년 스탠퍼드의 로봇은 DARPA 그랜드 챌린지에서 연습해 보지 않은 사막 도로 131마일을 자동으로 운전하여 우승하였다.2년 뒤, CMU의 한 팀은 DARPA 도시 챌린지에서 모든 교통 법규를 지키고 교통 혼잡 속에서 자동으로 55 마일의 길을 찾았다.2011년 2월, 퀴즈 쇼Jeopardy!에 출전한 IBM의 응답 시스템 왓슨은 상당히 여유롭게 두 챔피언을 이겼다.
이러한 성공은 혁신적인 새로운 패러다임 때문이 아니라 번거로운 엔지니어 스킬과 매우 뛰어난 성능을 가진 오늘날의 컴퓨터에서 비롯된 것이다.실제로, Deep Blue의 컴퓨터는 1951년 Christopher가 체스 하는 법을 가르친 마크 1보다 1천만 배 빨랐다.이 엄청난 증가는무어의 법칙에 의해 측정되는데 이것은 2년마다 컴퓨터의 메모리 속도와 양은 두 배씩 늘어난다는 이론이다. 최초 컴퓨터 성능의",summarization
107,https://ko.wikipedia.org/wiki/%EC%9D%B8%EA%B3%B5%EC%A7%80%EB%8A%A5,"인공지능 - 위키백과, 우리 모두의 백과사전",성공 사례와 무어의 법칙,"1997년 5월 11일,딥 블루는 당시체스세계 챔피언이던가리 카스파로프를 이긴 최초의 체스 플레이 컴퓨터가 되었다.2005년 스탠퍼드의 로봇은 DARPA 그랜드 챌린지에서 연습해 보지 않은 사막 도로 131마일을 자동으로 운전하여 우승하였다.2년 뒤, CMU의 한 팀은 DARPA 도시 챌린지에서 모든 교통 법규를 지키고 교통 혼잡 속에서 자동으로 55 마일의 길을 찾았다.2011년 2월, 퀴즈 쇼Jeopardy!에 출전한 IBM의 응답 시스템 왓슨은 상당히 여유롭게 두 챔피언을 이겼다.
이러한 성공은 혁신적인 새로운 패러다임 때문이 아니라 번거로운 엔지니어 스킬과 매우 뛰어난 성능을 가진 오늘날의 컴퓨터에서 비롯된 것이다.실제로, Deep Blue의 컴퓨터는 1951년 Christopher가 체스 하는 법을 가르친 마크 1보다 1천만 배 빨랐다.이 엄청난 증가는무어의 법칙에 의해 측정되는데 이것은 2년마다 컴퓨터의 메모리 속도와 양은 두 배씩 늘어난다는 이론이다. 최초 컴퓨터 성능의 근본적인 문제는 느리지만 서서히 극복되고 있었다.",26-0,1997년에 인공지능 분야에서 어떤 일이 있었나요?,"1997년 5월 11일,딥 블루는 당시체스세계 챔피언이던가리 카스파로프를 이긴 최초의 체스 플레이 컴퓨터가 되었다.",temporal
108,https://ko.wikipedia.org/wiki/%EC%9D%B8%EA%B3%B5%EC%A7%80%EB%8A%A5,"인공지능 - 위키백과, 우리 모두의 백과사전",성공 사례와 무어의 법칙,"1997년 5월 11일,딥 블루는 당시체스세계 챔피언이던가리 카스파로프를 이긴 최초의 체스 플레이 컴퓨터가 되었다.2005년 스탠퍼드의 로봇은 DARPA 그랜드 챌린지에서 연습해 보지 않은 사막 도로 131마일을 자동으로 운전하여 우승하였다.2년 뒤, CMU의 한 팀은 DARPA 도시 챌린지에서 모든 교통 법규를 지키고 교통 혼잡 속에서 자동으로 55 마일의 길을 찾았다.2011년 2월, 퀴즈 쇼Jeopardy!에 출전한 IBM의 응답 시스템 왓슨은 상당히 여유롭게 두 챔피언을 이겼다.
이러한 성공은 혁신적인 새로운 패러다임 때문이 아니라 번거로운 엔지니어 스킬과 매우 뛰어난 성능을 가진 오늘날의 컴퓨터에서 비롯된 것이다.실제로, Deep Blue의 컴퓨터는 1951년 Christopher가 체스 하는 법을 가르친 마크 1보다 1천만 배 빨랐다.이 엄청난 증가는무어의 법칙에 의해 측정되는데 이것은 2년마다 컴퓨터의 메모리 속도와 양은 두 배씩 늘어난다는 이론이다. 최초 컴퓨터 성능의 근본적인 문제는 느리지만 서서히 극복되고 있었다.",26-0,2005년에 인공지능 분야에서 어떤 일이 있었나요?,2005년 스탠퍼드의 로봇은 DARPA 그랜드 챌린지에서 연습해 보지 않은 사막 도로 131마일을 자동으로 운전하여 우승하였다.,temporal
109,https://ko.wikipedia.org/wiki/%EC%9D%B8%EA%B3%B5%EC%A7%80%EB%8A%A5,"인공지능 - 위키백과, 우리 모두의 백과사전",지능형 에이전트,"1990년대 동안에는 ‘지능형 에이전트’라고 불리는 새로운 패러다임이 다 방면에서 수용되고 있었다.비록 이전의 연구자들은 'divide and conquer' 모듈러를 제안하고 AI에 접근하였지만지능형 에이전트는 Judea Pearl, Allen Newell 등 다른 이들이 AI를 연구하는데 있어서 결정론과 경제성이라는 개념을 가져오기 전까지 현대식 형태를 갖추지 못했다.경제학자들의 합리적 에이전트라는 정의와 컴퓨터 과학자들의 객체 혹은 모듈러 정의가 합쳐졌을 때 지능형 에이전트의 패러다임이 완성되었다.
지능형 에이전트 시스템은 환경을 인식하고 성공을 가장 극대화할 수 있는 행동을 취한다. 이러한 정의에 의하면 인간과 인간의 조직처럼, 예를 들어 회사처럼 특정 문제를 해결하는 간단한 프로그램을 지능형 에이전트라고 한다. 지능형 에이전트는 AI 연구자를 “the study of intelligent agents""로 정의한다. 이것은 AI의 정의의 일부를 일반화한 것이다. 이것은 인간의 지능을 넘어 모든 종류의 지능의 연구를 추구한다.
이러한 패러다임은 당시 연구자들이 고립 문제에 대해 연구하고 다양하고 유용한 해결법을 찾도록 해주었다. 또한 서로서로 문제와 해결책을 공통의 언어로 표현하였고 추상적 에이전트를 사용한 경제학이나 제어 이론 등과 같은 다른 개념에도 사용되었다. 어떤 연구자들은 지능형 에이전트의 상호 작용에서 더 다양하고 지능적인 시스템을 만들기로 하였고 완전한 에이전트 아키텍처가 되기를 바랐다.이것이 21세기의 보편적인 교과서들이 인공 지능을 정의하는 방식이다.",27-0,인공지능에서 '지능형 에이전트'은(는) 무엇을 다루나요?,"1990년대 동안에는 ‘지능형 에이전트’라고 불리는 새로운 패러다임이 다 방면에서 수용되고 있었다.비록 이전의 연구자들은 'divide and conquer' 모듈러를 제안하고 AI에 접근하였지만지능형 에이전트는 Judea Pearl, Allen Newell 등 다른 이들이 AI를 연구하는데 있어서 결정론과 경제성이라는 개념을 가져오기 전까지 현대식 형태를 갖추지 못했다.경제학자들의 합리적 에이전트라는 정의와 컴퓨터 과학자들의 객체 혹은 모듈러 정의가 합쳐졌을 때 지능형 에이전트의 패러다임이 완성되었다.
지능형 에이전트 시스템은 환경을 인식하고 성공을 가장 극대화할 수 있는 행동을 취한다. 이러한 정의에 의하면 인간과 인간의 조직처럼, 예를 들어 회사처럼 특정 문제를 해결하는 간단한 프로그램을 지능형 에이전트라고 한다. 지능형 에이전트는 AI 연구자를 “the study of intelligent agents""로 정의한다. 이것은 AI의 정의의 일부를 일반화한 것이다. 이것은 인간의",summarization
110,https://ko.wikipedia.org/wiki/%EC%9D%B8%EA%B3%B5%EC%A7%80%EB%8A%A5,"인공지능 - 위키백과, 우리 모두의 백과사전",지능형 에이전트,"1990년대 동안에는 ‘지능형 에이전트’라고 불리는 새로운 패러다임이 다 방면에서 수용되고 있었다.비록 이전의 연구자들은 'divide and conquer' 모듈러를 제안하고 AI에 접근하였지만지능형 에이전트는 Judea Pearl, Allen Newell 등 다른 이들이 AI를 연구하는데 있어서 결정론과 경제성이라는 개념을 가져오기 전까지 현대식 형태를 갖추지 못했다.경제학자들의 합리적 에이전트라는 정의와 컴퓨터 과학자들의 객체 혹은 모듈러 정의가 합쳐졌을 때 지능형 에이전트의 패러다임이 완성되었다.
지능형 에이전트 시스템은 환경을 인식하고 성공을 가장 극대화할 수 있는 행동을 취한다. 이러한 정의에 의하면 인간과 인간의 조직처럼, 예를 들어 회사처럼 특정 문제를 해결하는 간단한 프로그램을 지능형 에이전트라고 한다. 지능형 에이전트는 AI 연구자를 “the study of intelligent agents""로 정의한다. 이것은 AI의 정의의 일부를 일반화한 것이다. 이것은 인간의 지능을 넘어 모든 종류의 지능의 연구를 추구한다.
이러한 패러다임은 당시 연구자들이 고립 문제에 대해 연구하고 다양하고 유용한 해결법을 찾도록 해주었다. 또한 서로서로 문제와 해결책을 공통의 언어로 표현하였고 추상적 에이전트를 사용한 경제학이나 제어 이론 등과 같은 다른 개념에도 사용되었다. 어떤 연구자들은 지능형 에이전트의 상호 작용에서 더 다양하고 지능적인 시스템을 만들기로 하였고 완전한 에이전트 아키텍처가 되기를 바랐다.이것이 21세기의 보편적인 교과서들이 인공 지능을 정의하는 방식이다.",27-0,1990년에 인공지능 분야에서 어떤 일이 있었나요?,1990년대 동안에는 ‘지능형 에이전트’라고 불리는 새로운 패러다임이 다 방면에서 수용되고 있었다.,temporal
111,https://ko.wikipedia.org/wiki/%EC%9D%B8%EA%B3%B5%EC%A7%80%EB%8A%A5,"인공지능 - 위키백과, 우리 모두의 백과사전",깔끔함의 승리,"AI 연구자는 과거에 사용했던 것보다 더욱 정교한 수학적 도구를 사용하여 개발하기 시작했다.해결하는 데 AI가 필요한 수많은 문제들이 존재하고 있다는 인식은 수학, 경제학 또는 오퍼레이션 연구 등의 분야에서 이미 연구자들이 AI를 사용하여 실현하고 있었다. 공유된 수학적 언어는 높은 수준의 협력, 좋은 평판, 여러 분야를 성공적으로 이끌고 측정과 증명이 된 결과들의 성취를 가능하게 하였다. AI는 더 엄격한 과학 학문이 되었다.
이는 혁명 그 자체였으며 ""깔끔함""의 승리였다.Judea Pearl의 매우 영향이 큰 1988년 책은 AI에 결정론과 확률을 대입시켰다.사용 중인 많은 새로운 도구(Bayesian networks, hidden Markov models, information theory, stochastic modeling)와 기존의 고전적이 방법들이 최적화되었다. 더 정밀한 수학적 모형이 신경망 네트워크와 진화 알고리즘과 같은 연산 지능적 패러다임을 위해 개발되었다.",28-0,인공지능에서 '깔끔함의 승리'은(는) 무엇을 다루나요?,"AI 연구자는 과거에 사용했던 것보다 더욱 정교한 수학적 도구를 사용하여 개발하기 시작했다.해결하는 데 AI가 필요한 수많은 문제들이 존재하고 있다는 인식은 수학, 경제학 또는 오퍼레이션 연구 등의 분야에서 이미 연구자들이 AI를 사용하여 실현하고 있었다. 공유된 수학적 언어는 높은 수준의 협력, 좋은 평판, 여러 분야를 성공적으로 이끌고 측정과 증명이 된 결과들의 성취를 가능하게 하였다. AI는 더 엄격한 과학 학문이 되었다.
이는 혁명 그 자체였으며 ""깔끔함""의 승리였다.Judea Pearl의 매우 영향이 큰 1988년 책은 AI에 결정론과 확률을 대입시켰다.사용 중인 많은 새로운 도구(Bayesian networks, hidden Markov models, information theory, stochastic modeling)와 기존의 고전적이 방법들이 최적화되었다. 더 정밀한 수학적 모형이 신경망 네트워크와 진화 알고리즘과 같은 연산 지능적 패러다임을 위해 개발되었다.",summarization
112,https://ko.wikipedia.org/wiki/%EC%9D%B8%EA%B3%B5%EC%A7%80%EB%8A%A5,"인공지능 - 위키백과, 우리 모두의 백과사전",깔끔함의 승리,"AI 연구자는 과거에 사용했던 것보다 더욱 정교한 수학적 도구를 사용하여 개발하기 시작했다.해결하는 데 AI가 필요한 수많은 문제들이 존재하고 있다는 인식은 수학, 경제학 또는 오퍼레이션 연구 등의 분야에서 이미 연구자들이 AI를 사용하여 실현하고 있었다. 공유된 수학적 언어는 높은 수준의 협력, 좋은 평판, 여러 분야를 성공적으로 이끌고 측정과 증명이 된 결과들의 성취를 가능하게 하였다. AI는 더 엄격한 과학 학문이 되었다.
이는 혁명 그 자체였으며 ""깔끔함""의 승리였다.Judea Pearl의 매우 영향이 큰 1988년 책은 AI에 결정론과 확률을 대입시켰다.사용 중인 많은 새로운 도구(Bayesian networks, hidden Markov models, information theory, stochastic modeling)와 기존의 고전적이 방법들이 최적화되었다. 더 정밀한 수학적 모형이 신경망 네트워크와 진화 알고리즘과 같은 연산 지능적 패러다임을 위해 개발되었다.",28-0,"사용 중인 많은 새로운 도구(Bayesian networks, hidden Markov models, information theory, stochastic modeling)의 정의를 설명해주세요.","사용 중인 많은 새로운 도구(Bayesian networks, hidden Markov models, information theory, stochastic modeling)와 기존의 고전적이 방법들이 최적화되었다.",definition
113,https://ko.wikipedia.org/wiki/%EC%9D%B8%EA%B3%B5%EC%A7%80%EB%8A%A5,"인공지능 - 위키백과, 우리 모두의 백과사전",깔끔함의 승리,"AI 연구자는 과거에 사용했던 것보다 더욱 정교한 수학적 도구를 사용하여 개발하기 시작했다.해결하는 데 AI가 필요한 수많은 문제들이 존재하고 있다는 인식은 수학, 경제학 또는 오퍼레이션 연구 등의 분야에서 이미 연구자들이 AI를 사용하여 실현하고 있었다. 공유된 수학적 언어는 높은 수준의 협력, 좋은 평판, 여러 분야를 성공적으로 이끌고 측정과 증명이 된 결과들의 성취를 가능하게 하였다. AI는 더 엄격한 과학 학문이 되었다.
이는 혁명 그 자체였으며 ""깔끔함""의 승리였다.Judea Pearl의 매우 영향이 큰 1988년 책은 AI에 결정론과 확률을 대입시켰다.사용 중인 많은 새로운 도구(Bayesian networks, hidden Markov models, information theory, stochastic modeling)와 기존의 고전적이 방법들이 최적화되었다. 더 정밀한 수학적 모형이 신경망 네트워크와 진화 알고리즘과 같은 연산 지능적 패러다임을 위해 개발되었다.",28-0,1988년에 인공지능 분야에서 어떤 일이 있었나요?,Judea Pearl의 매우 영향이 큰 1988년 책은 AI에 결정론과 확률을 대입시켰다.,temporal
114,https://ko.wikipedia.org/wiki/%EC%9D%B8%EA%B3%B5%EC%A7%80%EB%8A%A5,"인공지능 - 위키백과, 우리 모두의 백과사전",조용한 발전,"AI 연구자들에 의해 최초로 개발된 알고리즘은 거대한 시스템의 일부로 나타나기 시작했다. AI는 매우 어려운 문제들을 해결했고 데이터 마이닝, 산업 로봇공학, 논리학, 음성 인식, 은행 소프트웨어,의학적 진단, 구글 검색 엔진등 여러 기술들은 기술 산업에 매우 유용하다는 것이 증명되었다.
AI 분야는 이러한 성공에 대해 매우 낮은 신뢰를 받았다. AI의 훌륭한 혁신 중 대부분은 컴퓨터 과학의 도구에서 또 다른 기능으로 세분화되었다.닉 보스트롬은 ""많은 최첨단 AI가 일반 응용 부문으로 필터링되었으며, AI라고 불리지 않는 경우가 많다. 일단 무언가가 충분히 유용하고 일반적이게 되면 더 이상 AI라는 라벨이 붙지 않기 때문이다.""라고 말했다.1990년대 AI 분야의 많은 연구자들이 고의로 자신의 프로젝트를 다른 이름으로 불렀다. 일부 이러한 현상은 그들의 분야가 AI와 근본적으로 다르다고 여겼기 때문이거나 또는 새로운 이름이 투자받기 쉬웠기 때문일 것이라고 한다. 적어도 상업 분야에서는 연구자에 대해AI 겨울에 있었던 실패했던 계약이 꼬리표처럼 따라다녔고 2005년에 뉴욕 타임즈에서는 “컴퓨터과학과 소프트웨어 엔지니어들은 광기에 싸인 몽상가처럼 보일 두려움 때문에 인공 지능이란 용어를 피했다.” 라고 소개되었다.",29-0,인공지능에서 '조용한 발전'은(는) 무엇을 다루나요?,"AI 연구자들에 의해 최초로 개발된 알고리즘은 거대한 시스템의 일부로 나타나기 시작했다. AI는 매우 어려운 문제들을 해결했고 데이터 마이닝, 산업 로봇공학, 논리학, 음성 인식, 은행 소프트웨어,의학적 진단, 구글 검색 엔진등 여러 기술들은 기술 산업에 매우 유용하다는 것이 증명되었다.
AI 분야는 이러한 성공에 대해 매우 낮은 신뢰를 받았다. AI의 훌륭한 혁신 중 대부분은 컴퓨터 과학의 도구에서 또 다른 기능으로 세분화되었다.닉 보스트롬은 ""많은 최첨단 AI가 일반 응용 부문으로 필터링되었으며, AI라고 불리지 않는 경우가 많다. 일단 무언가가 충분히 유용하고 일반적이게 되면 더 이상 AI라는 라벨이 붙지 않기 때문이다.""라고 말했다.1990년대 AI 분야의 많은 연구자들이 고의로 자신의 프로젝트를 다른 이름으로 불렀다. 일부 이러한 현상은 그들의 분야가 AI와 근본적으로 다르다고 여겼기 때문이거나 또는 새로운 이름이 투자받기 쉬웠기 때문일 것이라고 한다. 적어도 상업 분야에서",summarization
115,https://ko.wikipedia.org/wiki/%EC%9D%B8%EA%B3%B5%EC%A7%80%EB%8A%A5,"인공지능 - 위키백과, 우리 모두의 백과사전",조용한 발전,"AI 연구자들에 의해 최초로 개발된 알고리즘은 거대한 시스템의 일부로 나타나기 시작했다. AI는 매우 어려운 문제들을 해결했고 데이터 마이닝, 산업 로봇공학, 논리학, 음성 인식, 은행 소프트웨어,의학적 진단, 구글 검색 엔진등 여러 기술들은 기술 산업에 매우 유용하다는 것이 증명되었다.
AI 분야는 이러한 성공에 대해 매우 낮은 신뢰를 받았다. AI의 훌륭한 혁신 중 대부분은 컴퓨터 과학의 도구에서 또 다른 기능으로 세분화되었다.닉 보스트롬은 ""많은 최첨단 AI가 일반 응용 부문으로 필터링되었으며, AI라고 불리지 않는 경우가 많다. 일단 무언가가 충분히 유용하고 일반적이게 되면 더 이상 AI라는 라벨이 붙지 않기 때문이다.""라고 말했다.1990년대 AI 분야의 많은 연구자들이 고의로 자신의 프로젝트를 다른 이름으로 불렀다. 일부 이러한 현상은 그들의 분야가 AI와 근본적으로 다르다고 여겼기 때문이거나 또는 새로운 이름이 투자받기 쉬웠기 때문일 것이라고 한다. 적어도 상업 분야에서는 연구자에 대해AI 겨울에 있었던 실패했던 계약이 꼬리표처럼 따라다녔고 2005년에 뉴욕 타임즈에서는 “컴퓨터과학과 소프트웨어 엔지니어들은 광기에 싸인 몽상가처럼 보일 두려움 때문에 인공 지능이란 용어를 피했다.” 라고 소개되었다.",29-0,1990년에 인공지능 분야에서 어떤 일이 있었나요?,1990년대 AI 분야의 많은 연구자들이 고의로 자신의 프로젝트를 다른 이름으로 불렀다.,temporal
116,https://ko.wikipedia.org/wiki/%EC%9D%B8%EA%B3%B5%EC%A7%80%EB%8A%A5,"인공지능 - 위키백과, 우리 모두의 백과사전",조용한 발전,"AI 연구자들에 의해 최초로 개발된 알고리즘은 거대한 시스템의 일부로 나타나기 시작했다. AI는 매우 어려운 문제들을 해결했고 데이터 마이닝, 산업 로봇공학, 논리학, 음성 인식, 은행 소프트웨어,의학적 진단, 구글 검색 엔진등 여러 기술들은 기술 산업에 매우 유용하다는 것이 증명되었다.
AI 분야는 이러한 성공에 대해 매우 낮은 신뢰를 받았다. AI의 훌륭한 혁신 중 대부분은 컴퓨터 과학의 도구에서 또 다른 기능으로 세분화되었다.닉 보스트롬은 ""많은 최첨단 AI가 일반 응용 부문으로 필터링되었으며, AI라고 불리지 않는 경우가 많다. 일단 무언가가 충분히 유용하고 일반적이게 되면 더 이상 AI라는 라벨이 붙지 않기 때문이다.""라고 말했다.1990년대 AI 분야의 많은 연구자들이 고의로 자신의 프로젝트를 다른 이름으로 불렀다. 일부 이러한 현상은 그들의 분야가 AI와 근본적으로 다르다고 여겼기 때문이거나 또는 새로운 이름이 투자받기 쉬웠기 때문일 것이라고 한다. 적어도 상업 분야에서는 연구자에 대해AI 겨울에 있었던 실패했던 계약이 꼬리표처럼 따라다녔고 2005년에 뉴욕 타임즈에서는 “컴퓨터과학과 소프트웨어 엔지니어들은 광기에 싸인 몽상가처럼 보일 두려움 때문에 인공 지능이란 용어를 피했다.” 라고 소개되었다.",29-0,2005년에 인공지능 분야에서 어떤 일이 있었나요?,적어도 상업 분야에서는 연구자에 대해AI 겨울에 있었던 실패했던 계약이 꼬리표처럼 따라다녔고 2005년에 뉴욕 타임즈에서는 “컴퓨터과학과 소프트웨어 엔지니어들은 광기에 싸인 몽상가처럼 보일 두려움 때문에 인공 지능이란 용어를 피했다.,temporal
117,https://ko.wikipedia.org/wiki/%EC%9D%B8%EA%B3%B5%EC%A7%80%EB%8A%A5,"인공지능 - 위키백과, 우리 모두의 백과사전",HAL 9000은 어디에 있는가?,"1968년아서 C. 클라크와스탠리 큐브릭은 2001년에는 기계가 인간과 유사하거나 또는 인간의 용량을 뛰어넘는 지능을 가진 존재가 되었을 것이라고 상상하며 《2001: 스페이스 오디세이》라는 SF 작품을 완성했다. 여기에 등장하는HAL 9000이라는 캐릭터는 2001년에 이러한 기계가 존재할 거라고 믿는 많은 AI 연구자들의 공유된 믿음을 기반으로 만들어졌다.
훗날마빈 민스키는 “그래서 왜 우린 2001년에 HAL을 얻지 못했나?”라는 질문을 하였다.대부분의 연구자들이 신경망이나 유전자 알고리즘의 상업적 용도의 프로그램을 추구했던 반면, 민스키는 해답이 방치된 상식 추론과 같이 매우 중심적인 문제에 있다고 믿었다. 반면에존 매카시는 여전히 자격문제를 비난하였다.레이 커즈와일은 문제는 컴퓨터 성능에 있으며 무어의 법칙을 사용하였을 때 인간 수준의 지능을 가진 기계는 약 2029년에 나올 것이라고 예견하였다.제프 호킨스(Jeff Hawkins)는 신경망 연구자들이 대뇌 피질의 본질적인 성질을 무시하고 간단한 문제들을 성공적으로 해결하는 간단한 모델을 추구했다고 말했다.또한 각각에 대해 많은 설명들이 있으며 이를 대응하는 진행 중인 연구 프로그램들이 있다.",30-0,인공지능에서 'HAL 9000은 어디에 있는가?'은(는) 무엇을 다루나요?,"1968년아서 C. 클라크와스탠리 큐브릭은 2001년에는 기계가 인간과 유사하거나 또는 인간의 용량을 뛰어넘는 지능을 가진 존재가 되었을 것이라고 상상하며 《2001: 스페이스 오디세이》라는 SF 작품을 완성했다. 여기에 등장하는HAL 9000이라는 캐릭터는 2001년에 이러한 기계가 존재할 거라고 믿는 많은 AI 연구자들의 공유된 믿음을 기반으로 만들어졌다.
훗날마빈 민스키는 “그래서 왜 우린 2001년에 HAL을 얻지 못했나?”라는 질문을 하였다.대부분의 연구자들이 신경망이나 유전자 알고리즘의 상업적 용도의 프로그램을 추구했던 반면, 민스키는 해답이 방치된 상식 추론과 같이 매우 중심적인 문제에 있다고 믿었다. 반면에존 매카시는 여전히 자격문제를 비난하였다.레이 커즈와일은 문제는 컴퓨터 성능에 있으며 무어의 법칙을 사용하였을 때 인간 수준의 지능을 가진 기계는 약 2029년에 나올 것이라고 예견하였다.제프 호킨스(Jeff Hawkins)는 신경망 연구자들이 대뇌 피질의 본질적인",summarization
118,https://ko.wikipedia.org/wiki/%EC%9D%B8%EA%B3%B5%EC%A7%80%EB%8A%A5,"인공지능 - 위키백과, 우리 모두의 백과사전",HAL 9000은 어디에 있는가?,"1968년아서 C. 클라크와스탠리 큐브릭은 2001년에는 기계가 인간과 유사하거나 또는 인간의 용량을 뛰어넘는 지능을 가진 존재가 되었을 것이라고 상상하며 《2001: 스페이스 오디세이》라는 SF 작품을 완성했다. 여기에 등장하는HAL 9000이라는 캐릭터는 2001년에 이러한 기계가 존재할 거라고 믿는 많은 AI 연구자들의 공유된 믿음을 기반으로 만들어졌다.
훗날마빈 민스키는 “그래서 왜 우린 2001년에 HAL을 얻지 못했나?”라는 질문을 하였다.대부분의 연구자들이 신경망이나 유전자 알고리즘의 상업적 용도의 프로그램을 추구했던 반면, 민스키는 해답이 방치된 상식 추론과 같이 매우 중심적인 문제에 있다고 믿었다. 반면에존 매카시는 여전히 자격문제를 비난하였다.레이 커즈와일은 문제는 컴퓨터 성능에 있으며 무어의 법칙을 사용하였을 때 인간 수준의 지능을 가진 기계는 약 2029년에 나올 것이라고 예견하였다.제프 호킨스(Jeff Hawkins)는 신경망 연구자들이 대뇌 피질의 본질적인 성질을 무시하고 간단한 문제들을 성공적으로 해결하는 간단한 모델을 추구했다고 말했다.또한 각각에 대해 많은 설명들이 있으며 이를 대응하는 진행 중인 연구 프로그램들이 있다.",30-0,제프 호킨스(Jeff Hawkins)의 정의를 설명해주세요.,제프 호킨스(Jeff Hawkins)는 신경망 연구자들이 대뇌 피질의 본질적인 성질을 무시하고 간단한 문제들을 성공적으로 해결하는 간단한 모델을 추구했다고 말했다.,definition
119,https://ko.wikipedia.org/wiki/%EC%9D%B8%EA%B3%B5%EC%A7%80%EB%8A%A5,"인공지능 - 위키백과, 우리 모두의 백과사전",HAL 9000은 어디에 있는가?,"1968년아서 C. 클라크와스탠리 큐브릭은 2001년에는 기계가 인간과 유사하거나 또는 인간의 용량을 뛰어넘는 지능을 가진 존재가 되었을 것이라고 상상하며 《2001: 스페이스 오디세이》라는 SF 작품을 완성했다. 여기에 등장하는HAL 9000이라는 캐릭터는 2001년에 이러한 기계가 존재할 거라고 믿는 많은 AI 연구자들의 공유된 믿음을 기반으로 만들어졌다.
훗날마빈 민스키는 “그래서 왜 우린 2001년에 HAL을 얻지 못했나?”라는 질문을 하였다.대부분의 연구자들이 신경망이나 유전자 알고리즘의 상업적 용도의 프로그램을 추구했던 반면, 민스키는 해답이 방치된 상식 추론과 같이 매우 중심적인 문제에 있다고 믿었다. 반면에존 매카시는 여전히 자격문제를 비난하였다.레이 커즈와일은 문제는 컴퓨터 성능에 있으며 무어의 법칙을 사용하였을 때 인간 수준의 지능을 가진 기계는 약 2029년에 나올 것이라고 예견하였다.제프 호킨스(Jeff Hawkins)는 신경망 연구자들이 대뇌 피질의 본질적인 성질을 무시하고 간단한 문제들을 성공적으로 해결하는 간단한 모델을 추구했다고 말했다.또한 각각에 대해 많은 설명들이 있으며 이를 대응하는 진행 중인 연구 프로그램들이 있다.",30-0,2001년에 인공지능 분야에서 어떤 일이 있었나요?,여기에 등장하는HAL 9000이라는 캐릭터는 2001년에 이러한 기계가 존재할 거라고 믿는 많은 AI 연구자들의 공유된 믿음을 기반으로 만들어졌다.,temporal
120,https://ko.wikipedia.org/wiki/%EC%9D%B8%EA%B3%B5%EC%A7%80%EB%8A%A5,"인공지능 - 위키백과, 우리 모두의 백과사전",HAL 9000은 어디에 있는가?,"1968년아서 C. 클라크와스탠리 큐브릭은 2001년에는 기계가 인간과 유사하거나 또는 인간의 용량을 뛰어넘는 지능을 가진 존재가 되었을 것이라고 상상하며 《2001: 스페이스 오디세이》라는 SF 작품을 완성했다. 여기에 등장하는HAL 9000이라는 캐릭터는 2001년에 이러한 기계가 존재할 거라고 믿는 많은 AI 연구자들의 공유된 믿음을 기반으로 만들어졌다.
훗날마빈 민스키는 “그래서 왜 우린 2001년에 HAL을 얻지 못했나?”라는 질문을 하였다.대부분의 연구자들이 신경망이나 유전자 알고리즘의 상업적 용도의 프로그램을 추구했던 반면, 민스키는 해답이 방치된 상식 추론과 같이 매우 중심적인 문제에 있다고 믿었다. 반면에존 매카시는 여전히 자격문제를 비난하였다.레이 커즈와일은 문제는 컴퓨터 성능에 있으며 무어의 법칙을 사용하였을 때 인간 수준의 지능을 가진 기계는 약 2029년에 나올 것이라고 예견하였다.제프 호킨스(Jeff Hawkins)는 신경망 연구자들이 대뇌 피질의 본질적인 성질을 무시하고 간단한 문제들을 성공적으로 해결하는 간단한 모델을 추구했다고 말했다.또한 각각에 대해 많은 설명들이 있으며 이를 대응하는 진행 중인 연구 프로그램들이 있다.",30-0,2029년에 인공지능 분야에서 어떤 일이 있었나요?,레이 커즈와일은 문제는 컴퓨터 성능에 있으며 무어의 법칙을 사용하였을 때 인간 수준의 지능을 가진 기계는 약 2029년에 나올 것이라고 예견하였다.,temporal
121,https://ko.wikipedia.org/wiki/%EC%9D%B8%EA%B3%B5%EC%A7%80%EB%8A%A5,"인공지능 - 위키백과, 우리 모두의 백과사전",인공지능과 4차 산업혁명,"세계는 이미 4차 산업혁명에 진입했으며 인공지능은 빠르게 인간을 대체해 나갈 것이다. 또, 널리 퍼져 있지 않을 뿐 미래는 이미 와 있으며 인공지능, IoT, 클라우드 컴퓨팅, 빅데이터 등이 융합되면서 4차 산업혁명이 발생하고 있다. 과거 산업혁명이 ‘기계근육’을 만드는 과정이었다면 4차 혁명에서는 ‘기계두뇌’가 탄생할 것이다.
제1차 산업혁명 발생시, 산업 기계에 의해 일자리를 잃을 것이 두려웠던 노동자들이러다이트(기계파괴운동)를 일으켰다. 이와 유사하게, 인공 지능에 의한 4차 산업혁명으로, 많은 사람들이 미래에 일자리를 잃을 것을 우려하고 있다. 한 온라인 설문조사에 따르면, 응답자의 70.1%가 미래에 인공지능에 의해 인간의 직업이 줄어들 것이라고 예상했다.",31-0,인공지능에서 '인공지능과 4차 산업혁명'은(는) 무엇을 다루나요?,"세계는 이미 4차 산업혁명에 진입했으며 인공지능은 빠르게 인간을 대체해 나갈 것이다. 또, 널리 퍼져 있지 않을 뿐 미래는 이미 와 있으며 인공지능, IoT, 클라우드 컴퓨팅, 빅데이터 등이 융합되면서 4차 산업혁명이 발생하고 있다. 과거 산업혁명이 ‘기계근육’을 만드는 과정이었다면 4차 혁명에서는 ‘기계두뇌’가 탄생할 것이다.
제1차 산업혁명 발생시, 산업 기계에 의해 일자리를 잃을 것이 두려웠던 노동자들이러다이트(기계파괴운동)를 일으켰다. 이와 유사하게, 인공 지능에 의한 4차 산업혁명으로, 많은 사람들이 미래에 일자리를 잃을 것을 우려하고 있다. 한 온라인 설문조사에 따르면, 응답자의 70.1%가 미래에 인공지능에 의해 인간의 직업이 줄어들 것이라고 예상했다.",summarization
122,https://ko.wikipedia.org/wiki/%EC%9D%B8%EA%B3%B5%EC%A7%80%EB%8A%A5,"인공지능 - 위키백과, 우리 모두의 백과사전",실험적인 AI 연구,"인공지능은1959년에MITAI연구소를 설립한 매카시와 마빈 민스키,카네기멜론 대학교에 인공지능 연구소를 만든앨런 뉴웰과허버트 사이먼과 같은 개척자들에 의해 1950년도에 실험 학문으로 시작되었다. 이들 모두는 1956년에 매카시, 민스키,IBM의 나단 로체스터 와 클라우드 샤논에 의해 조직되어 열린, 이미 언급된 다트머스 대학의 여름 AI 콘퍼런스에 참가하였다. 역사적으로, 인공지능 연구는 두 개의 부류 -- 깔끔이(Neats)와 지저분이(Scruffies) -- 로 나눌 수 있다. 깔끔이는 우리가 전통적 혹은 기호적(symbolic) 인공지능 연구라고 부르는 분야로서, 일반적으로 추상적인 개념에 대한 기호적 연산과 전문가 시스템(expert systems)에 사용된 방법론을 가르친다. 이와 상반된 영역을 우리는 지저분이(Scruffies) 또는 연결주의자(connectionist)라 부르는데, 시스템을 구축하여 지능을 구현/진화시키려고 시도하고, 특정 임무를 완수하기 위해 규칙적인 디자인을 하기보다는 자동화된 프로세스에 의해서 지능을 향상시키는 방식이다. 가장 대표적인 예로신경망(neural network)이 있다. 이 두 가지 접근법은 인공지능 역사의 매우 초창기부터 함께 했다. 1960년대와 1970년대를 거치며 scruffy 접근법은 주목받지 못했지만, 1980년대 깔끔이 접근법의 한계가 명확해지면서 다시 주목 받게 되었다. 그러나 현재 두 가지 방식을 사용하는 그 어떤 최신의 인공지능 알고리즘도 확실한 한계가 있다는 것이 명확하다.",32-0,인공지능에서 '실험적인 AI 연구'은(는) 무엇을 다루나요?,"인공지능은1959년에MITAI연구소를 설립한 매카시와 마빈 민스키,카네기멜론 대학교에 인공지능 연구소를 만든앨런 뉴웰과허버트 사이먼과 같은 개척자들에 의해 1950년도에 실험 학문으로 시작되었다. 이들 모두는 1956년에 매카시, 민스키,IBM의 나단 로체스터 와 클라우드 샤논에 의해 조직되어 열린, 이미 언급된 다트머스 대학의 여름 AI 콘퍼런스에 참가하였다. 역사적으로, 인공지능 연구는 두 개의 부류 -- 깔끔이(Neats)와 지저분이(Scruffies) -- 로 나눌 수 있다. 깔끔이는 우리가 전통적 혹은 기호적(symbolic) 인공지능 연구라고 부르는 분야로서, 일반적으로 추상적인 개념에 대한 기호적 연산과 전문가 시스템(expert systems)에 사용된 방법론을 가르친다. 이와 상반된 영역을 우리는 지저분이(Scruffies) 또는 연결주의자(connectionist)라 부르는데, 시스템을 구축하여 지능을 구현/진화시키려고 시도하고, 특정 임무를 완수하기 위해 규칙적인",summarization
123,https://ko.wikipedia.org/wiki/%EC%9D%B8%EA%B3%B5%EC%A7%80%EB%8A%A5,"인공지능 - 위키백과, 우리 모두의 백과사전",실험적인 AI 연구,"인공지능은1959년에MITAI연구소를 설립한 매카시와 마빈 민스키,카네기멜론 대학교에 인공지능 연구소를 만든앨런 뉴웰과허버트 사이먼과 같은 개척자들에 의해 1950년도에 실험 학문으로 시작되었다. 이들 모두는 1956년에 매카시, 민스키,IBM의 나단 로체스터 와 클라우드 샤논에 의해 조직되어 열린, 이미 언급된 다트머스 대학의 여름 AI 콘퍼런스에 참가하였다. 역사적으로, 인공지능 연구는 두 개의 부류 -- 깔끔이(Neats)와 지저분이(Scruffies) -- 로 나눌 수 있다. 깔끔이는 우리가 전통적 혹은 기호적(symbolic) 인공지능 연구라고 부르는 분야로서, 일반적으로 추상적인 개념에 대한 기호적 연산과 전문가 시스템(expert systems)에 사용된 방법론을 가르친다. 이와 상반된 영역을 우리는 지저분이(Scruffies) 또는 연결주의자(connectionist)라 부르는데, 시스템을 구축하여 지능을 구현/진화시키려고 시도하고, 특정 임무를 완수하기 위해 규칙적인 디자인을 하기보다는 자동화된 프로세스에 의해서 지능을 향상시키는 방식이다. 가장 대표적인 예로신경망(neural network)이 있다. 이 두 가지 접근법은 인공지능 역사의 매우 초창기부터 함께 했다. 1960년대와 1970년대를 거치며 scruffy 접근법은 주목받지 못했지만, 1980년대 깔끔이 접근법의 한계가 명확해지면서 다시 주목 받게 되었다. 그러나 현재 두 가지 방식을 사용하는 그 어떤 최신의 인공지능 알고리즘도 확실한 한계가 있다는 것이 명확하다.",32-0,깔끔이(Neats)의 정의를 설명해주세요.,"역사적으로, 인공지능 연구는 두 개의 부류 -- 깔끔이(Neats)와 지저분이(Scruffies) -- 로 나눌 수 있다.",definition
124,https://ko.wikipedia.org/wiki/%EC%9D%B8%EA%B3%B5%EC%A7%80%EB%8A%A5,"인공지능 - 위키백과, 우리 모두의 백과사전",실험적인 AI 연구,"인공지능은1959년에MITAI연구소를 설립한 매카시와 마빈 민스키,카네기멜론 대학교에 인공지능 연구소를 만든앨런 뉴웰과허버트 사이먼과 같은 개척자들에 의해 1950년도에 실험 학문으로 시작되었다. 이들 모두는 1956년에 매카시, 민스키,IBM의 나단 로체스터 와 클라우드 샤논에 의해 조직되어 열린, 이미 언급된 다트머스 대학의 여름 AI 콘퍼런스에 참가하였다. 역사적으로, 인공지능 연구는 두 개의 부류 -- 깔끔이(Neats)와 지저분이(Scruffies) -- 로 나눌 수 있다. 깔끔이는 우리가 전통적 혹은 기호적(symbolic) 인공지능 연구라고 부르는 분야로서, 일반적으로 추상적인 개념에 대한 기호적 연산과 전문가 시스템(expert systems)에 사용된 방법론을 가르친다. 이와 상반된 영역을 우리는 지저분이(Scruffies) 또는 연결주의자(connectionist)라 부르는데, 시스템을 구축하여 지능을 구현/진화시키려고 시도하고, 특정 임무를 완수하기 위해 규칙적인 디자인을 하기보다는 자동화된 프로세스에 의해서 지능을 향상시키는 방식이다. 가장 대표적인 예로신경망(neural network)이 있다. 이 두 가지 접근법은 인공지능 역사의 매우 초창기부터 함께 했다. 1960년대와 1970년대를 거치며 scruffy 접근법은 주목받지 못했지만, 1980년대 깔끔이 접근법의 한계가 명확해지면서 다시 주목 받게 되었다. 그러나 현재 두 가지 방식을 사용하는 그 어떤 최신의 인공지능 알고리즘도 확실한 한계가 있다는 것이 명확하다.",32-0,와 지저분이(Scruffies)의 정의를 설명해주세요.,"역사적으로, 인공지능 연구는 두 개의 부류 -- 깔끔이(Neats)와 지저분이(Scruffies) -- 로 나눌 수 있다.",definition
125,https://ko.wikipedia.org/wiki/%EC%9D%B8%EA%B3%B5%EC%A7%80%EB%8A%A5,"인공지능 - 위키백과, 우리 모두의 백과사전",실험적인 AI 연구,"인공지능은1959년에MITAI연구소를 설립한 매카시와 마빈 민스키,카네기멜론 대학교에 인공지능 연구소를 만든앨런 뉴웰과허버트 사이먼과 같은 개척자들에 의해 1950년도에 실험 학문으로 시작되었다. 이들 모두는 1956년에 매카시, 민스키,IBM의 나단 로체스터 와 클라우드 샤논에 의해 조직되어 열린, 이미 언급된 다트머스 대학의 여름 AI 콘퍼런스에 참가하였다. 역사적으로, 인공지능 연구는 두 개의 부류 -- 깔끔이(Neats)와 지저분이(Scruffies) -- 로 나눌 수 있다. 깔끔이는 우리가 전통적 혹은 기호적(symbolic) 인공지능 연구라고 부르는 분야로서, 일반적으로 추상적인 개념에 대한 기호적 연산과 전문가 시스템(expert systems)에 사용된 방법론을 가르친다. 이와 상반된 영역을 우리는 지저분이(Scruffies) 또는 연결주의자(connectionist)라 부르는데, 시스템을 구축하여 지능을 구현/진화시키려고 시도하고, 특정 임무를 완수하기 위해 규칙적인 디자인을 하기보다는 자동화된 프로세스에 의해서 지능을 향상시키는 방식이다. 가장 대표적인 예로신경망(neural network)이 있다. 이 두 가지 접근법은 인공지능 역사의 매우 초창기부터 함께 했다. 1960년대와 1970년대를 거치며 scruffy 접근법은 주목받지 못했지만, 1980년대 깔끔이 접근법의 한계가 명확해지면서 다시 주목 받게 되었다. 그러나 현재 두 가지 방식을 사용하는 그 어떤 최신의 인공지능 알고리즘도 확실한 한계가 있다는 것이 명확하다.",32-0,깔끔이는 우리가 전통적 혹은 기호적(symbolic)의 정의를 설명해주세요.,"깔끔이는 우리가 전통적 혹은 기호적(symbolic) 인공지능 연구라고 부르는 분야로서, 일반적으로 추상적인 개념에 대한 기호적 연산과 전문가 시스템(expert systems)에 사용된 방법론을 가르친다.",definition
126,https://ko.wikipedia.org/wiki/%EC%9D%B8%EA%B3%B5%EC%A7%80%EB%8A%A5,"인공지능 - 위키백과, 우리 모두의 백과사전",실험적인 AI 연구,"인공지능은1959년에MITAI연구소를 설립한 매카시와 마빈 민스키,카네기멜론 대학교에 인공지능 연구소를 만든앨런 뉴웰과허버트 사이먼과 같은 개척자들에 의해 1950년도에 실험 학문으로 시작되었다. 이들 모두는 1956년에 매카시, 민스키,IBM의 나단 로체스터 와 클라우드 샤논에 의해 조직되어 열린, 이미 언급된 다트머스 대학의 여름 AI 콘퍼런스에 참가하였다. 역사적으로, 인공지능 연구는 두 개의 부류 -- 깔끔이(Neats)와 지저분이(Scruffies) -- 로 나눌 수 있다. 깔끔이는 우리가 전통적 혹은 기호적(symbolic) 인공지능 연구라고 부르는 분야로서, 일반적으로 추상적인 개념에 대한 기호적 연산과 전문가 시스템(expert systems)에 사용된 방법론을 가르친다. 이와 상반된 영역을 우리는 지저분이(Scruffies) 또는 연결주의자(connectionist)라 부르는데, 시스템을 구축하여 지능을 구현/진화시키려고 시도하고, 특정 임무를 완수하기 위해 규칙적인 디자인을 하기보다는 자동화된 프로세스에 의해서 지능을 향상시키는 방식이다. 가장 대표적인 예로신경망(neural network)이 있다. 이 두 가지 접근법은 인공지능 역사의 매우 초창기부터 함께 했다. 1960년대와 1970년대를 거치며 scruffy 접근법은 주목받지 못했지만, 1980년대 깔끔이 접근법의 한계가 명확해지면서 다시 주목 받게 되었다. 그러나 현재 두 가지 방식을 사용하는 그 어떤 최신의 인공지능 알고리즘도 확실한 한계가 있다는 것이 명확하다.",32-0,1959년에 인공지능 분야에서 어떤 일이 있었나요?,"인공지능은1959년에MITAI연구소를 설립한 매카시와 마빈 민스키,카네기멜론 대학교에 인공지능 연구소를 만든앨런 뉴웰과허버트 사이먼과 같은 개척자들에 의해 1950년도에 실험 학문으로 시작되었다.",temporal
127,https://ko.wikipedia.org/wiki/%EC%9D%B8%EA%B3%B5%EC%A7%80%EB%8A%A5,"인공지능 - 위키백과, 우리 모두의 백과사전",실험적인 AI 연구,"인공지능은1959년에MITAI연구소를 설립한 매카시와 마빈 민스키,카네기멜론 대학교에 인공지능 연구소를 만든앨런 뉴웰과허버트 사이먼과 같은 개척자들에 의해 1950년도에 실험 학문으로 시작되었다. 이들 모두는 1956년에 매카시, 민스키,IBM의 나단 로체스터 와 클라우드 샤논에 의해 조직되어 열린, 이미 언급된 다트머스 대학의 여름 AI 콘퍼런스에 참가하였다. 역사적으로, 인공지능 연구는 두 개의 부류 -- 깔끔이(Neats)와 지저분이(Scruffies) -- 로 나눌 수 있다. 깔끔이는 우리가 전통적 혹은 기호적(symbolic) 인공지능 연구라고 부르는 분야로서, 일반적으로 추상적인 개념에 대한 기호적 연산과 전문가 시스템(expert systems)에 사용된 방법론을 가르친다. 이와 상반된 영역을 우리는 지저분이(Scruffies) 또는 연결주의자(connectionist)라 부르는데, 시스템을 구축하여 지능을 구현/진화시키려고 시도하고, 특정 임무를 완수하기 위해 규칙적인 디자인을 하기보다는 자동화된 프로세스에 의해서 지능을 향상시키는 방식이다. 가장 대표적인 예로신경망(neural network)이 있다. 이 두 가지 접근법은 인공지능 역사의 매우 초창기부터 함께 했다. 1960년대와 1970년대를 거치며 scruffy 접근법은 주목받지 못했지만, 1980년대 깔끔이 접근법의 한계가 명확해지면서 다시 주목 받게 되었다. 그러나 현재 두 가지 방식을 사용하는 그 어떤 최신의 인공지능 알고리즘도 확실한 한계가 있다는 것이 명확하다.",32-0,1956년에 인공지능 분야에서 어떤 일이 있었나요?,"이들 모두는 1956년에 매카시, 민스키,IBM의 나단 로체스터 와 클라우드 샤논에 의해 조직되어 열린, 이미 언급된 다트머스 대학의 여름 AI 콘퍼런스에 참가하였다.",temporal
128,https://ko.wikipedia.org/wiki/%EC%9D%B8%EA%B3%B5%EC%A7%80%EB%8A%A5,"인공지능 - 위키백과, 우리 모두의 백과사전",실험적인 AI 연구,"특히 1980년대에 들어서 Back propagation (인공지능 학습방법: Training Method)가 소개되면서 많은 연구가 진행되었음에도, 신경망을 이용한 인공지능은 아직 초보단계이다. 인공신경망 (Artificial Neural Networks)을 이용한 많은 연구가 현재에도 진행되고 있지만, 몇 가지 장애로 인해서 실용화하기엔 아직도 먼 기술이다. 인공신경망을 이용한 인공지능이 어느 정도 실용화되기 위해선 우선 실효성 있는 학습방법 (Training Methods)이 필요하다. Back propagation을 이용한 학습방법이 제안되어 연구되고 있지만, 완전한 학습을 이룰 수 없을 뿐만 아니라, 학습에 사용되는 data들이 서로 orthonormal해야 하는 조건 때문에 항상 불완전한 학습으로 끝나기 쉽다. (Converge to Local Mimimum, not to the optimal minimum: 지역최적해에 머뭄. 즉, 눈먼 장님이 가장 낮은 저지대를 찾는 경우 각 현재 지점에서 아래로 내려가려는 성질이 있는데 이때 눈먼 봉사이므로 특정 지점의 저지대에 도달한 경우, 그 지점에선 어디로 가거나 위로 올라가는 것만 있으므로 앞에 설명한 성질에 의해 바로 전에 찾은 저지대 남으려 하는 성질이 있다는 것을 의미함). 이러한 단점들을 보완하기 위해서 Fuzzy Logic, Neurofuzzy (Neural fuzzy logic) and Genetic Algorithms등을 이용한 학습방법이 연구되고 있으나 전망이 밝지만은 않은 상태이다.",32-1,인공신경망(Artificial Neural Networks)의 정의를 설명해주세요.,"인공신경망 (Artificial Neural Networks)을 이용한 많은 연구가 현재에도 진행되고 있지만, 몇 가지 장애로 인해서 실용화하기엔 아직도 먼 기술이다.",definition
129,https://ko.wikipedia.org/wiki/%EC%9D%B8%EA%B3%B5%EC%A7%80%EB%8A%A5,"인공지능 - 위키백과, 우리 모두의 백과사전",실험적인 AI 연구,"특히 1980년대에 들어서 Back propagation (인공지능 학습방법: Training Method)가 소개되면서 많은 연구가 진행되었음에도, 신경망을 이용한 인공지능은 아직 초보단계이다. 인공신경망 (Artificial Neural Networks)을 이용한 많은 연구가 현재에도 진행되고 있지만, 몇 가지 장애로 인해서 실용화하기엔 아직도 먼 기술이다. 인공신경망을 이용한 인공지능이 어느 정도 실용화되기 위해선 우선 실효성 있는 학습방법 (Training Methods)이 필요하다. Back propagation을 이용한 학습방법이 제안되어 연구되고 있지만, 완전한 학습을 이룰 수 없을 뿐만 아니라, 학습에 사용되는 data들이 서로 orthonormal해야 하는 조건 때문에 항상 불완전한 학습으로 끝나기 쉽다. (Converge to Local Mimimum, not to the optimal minimum: 지역최적해에 머뭄. 즉, 눈먼 장님이 가장 낮은 저지대를 찾는 경우 각 현재 지점에서 아래로 내려가려는 성질이 있는데 이때 눈먼 봉사이므로 특정 지점의 저지대에 도달한 경우, 그 지점에선 어디로 가거나 위로 올라가는 것만 있으므로 앞에 설명한 성질에 의해 바로 전에 찾은 저지대 남으려 하는 성질이 있다는 것을 의미함). 이러한 단점들을 보완하기 위해서 Fuzzy Logic, Neurofuzzy (Neural fuzzy logic) and Genetic Algorithms등을 이용한 학습방법이 연구되고 있으나 전망이 밝지만은 않은 상태이다.",32-1,위해선 우선 실효성 있는 학습방법(Training Methods)의 정의를 설명해주세요.,인공신경망을 이용한 인공지능이 어느 정도 실용화되기 위해선 우선 실효성 있는 학습방법 (Training Methods)이 필요하다.,definition
130,https://ko.wikipedia.org/wiki/%EC%9D%B8%EA%B3%B5%EC%A7%80%EB%8A%A5,"인공지능 - 위키백과, 우리 모두의 백과사전",실험적인 AI 연구,"특히 1980년대에 들어서 Back propagation (인공지능 학습방법: Training Method)가 소개되면서 많은 연구가 진행되었음에도, 신경망을 이용한 인공지능은 아직 초보단계이다. 인공신경망 (Artificial Neural Networks)을 이용한 많은 연구가 현재에도 진행되고 있지만, 몇 가지 장애로 인해서 실용화하기엔 아직도 먼 기술이다. 인공신경망을 이용한 인공지능이 어느 정도 실용화되기 위해선 우선 실효성 있는 학습방법 (Training Methods)이 필요하다. Back propagation을 이용한 학습방법이 제안되어 연구되고 있지만, 완전한 학습을 이룰 수 없을 뿐만 아니라, 학습에 사용되는 data들이 서로 orthonormal해야 하는 조건 때문에 항상 불완전한 학습으로 끝나기 쉽다. (Converge to Local Mimimum, not to the optimal minimum: 지역최적해에 머뭄. 즉, 눈먼 장님이 가장 낮은 저지대를 찾는 경우 각 현재 지점에서 아래로 내려가려는 성질이 있는데 이때 눈먼 봉사이므로 특정 지점의 저지대에 도달한 경우, 그 지점에선 어디로 가거나 위로 올라가는 것만 있으므로 앞에 설명한 성질에 의해 바로 전에 찾은 저지대 남으려 하는 성질이 있다는 것을 의미함). 이러한 단점들을 보완하기 위해서 Fuzzy Logic, Neurofuzzy (Neural fuzzy logic) and Genetic Algorithms등을 이용한 학습방법이 연구되고 있으나 전망이 밝지만은 않은 상태이다.",32-1,1980년에 인공지능 분야에서 어떤 일이 있었나요?,"특히 1980년대에 들어서 Back propagation (인공지능 학습방법: Training Method)가 소개되면서 많은 연구가 진행되었음에도, 신경망을 이용한 인공지능은 아직 초보단계이다.",temporal
131,https://ko.wikipedia.org/wiki/%EC%9D%B8%EA%B3%B5%EC%A7%80%EB%8A%A5,"인공지능 - 위키백과, 우리 모두의 백과사전",실험적인 AI 연구,"미국의DARPA(미 국방부 최신 기술 연구 프로젝트 관리국)과 일본의 5세대 컴퓨터 프로젝트에 의해서 1980년대 인공지능 연구는 엄청난 연구 기금을 지원 받을 수 있었다. 몇몇 인공지능 선각자들이 거둔 주목할 만한 결과에도 불구하고, 즉각적인 결과를 산출하는 데 실패하게 된다. 이것은 1980년대 후반 인공지능 연구 기금에 대한 대폭적인 삭감을 초래하였고, 인공지능 연구의 침체기를 뜻하는 인공지능의 겨울을 가져왔다. 1990년대, 많은 인공지능 연구가들은 좀 더 구체적인 목적 아래기계 학습,로보틱스,컴퓨터 비전과 같은 인공지능과 관련된 세부 영역으로 이동하였고, 순수하고 보편적인 인공지능에 대한 연구는 매우 제한적으로 수행되고 있다.",32-2,미 국방부 최신 기술 연구 프로젝트 관리국(DARPA)의 정의를 설명해주세요.,미국의DARPA(미 국방부 최신 기술 연구 프로젝트 관리국)과 일본의 5세대 컴퓨터 프로젝트에 의해서 1980년대 인공지능 연구는 엄청난 연구 기금을 지원 받을 수 있었다.,definition
132,https://ko.wikipedia.org/wiki/%EC%9D%B8%EA%B3%B5%EC%A7%80%EB%8A%A5,"인공지능 - 위키백과, 우리 모두의 백과사전",실험적인 AI 연구,"미국의DARPA(미 국방부 최신 기술 연구 프로젝트 관리국)과 일본의 5세대 컴퓨터 프로젝트에 의해서 1980년대 인공지능 연구는 엄청난 연구 기금을 지원 받을 수 있었다. 몇몇 인공지능 선각자들이 거둔 주목할 만한 결과에도 불구하고, 즉각적인 결과를 산출하는 데 실패하게 된다. 이것은 1980년대 후반 인공지능 연구 기금에 대한 대폭적인 삭감을 초래하였고, 인공지능 연구의 침체기를 뜻하는 인공지능의 겨울을 가져왔다. 1990년대, 많은 인공지능 연구가들은 좀 더 구체적인 목적 아래기계 학습,로보틱스,컴퓨터 비전과 같은 인공지능과 관련된 세부 영역으로 이동하였고, 순수하고 보편적인 인공지능에 대한 연구는 매우 제한적으로 수행되고 있다.",32-2,1980년에 인공지능 분야에서 어떤 일이 있었나요?,미국의DARPA(미 국방부 최신 기술 연구 프로젝트 관리국)과 일본의 5세대 컴퓨터 프로젝트에 의해서 1980년대 인공지능 연구는 엄청난 연구 기금을 지원 받을 수 있었다.,temporal
133,https://ko.wikipedia.org/wiki/%EC%9D%B8%EA%B3%B5%EC%A7%80%EB%8A%A5,"인공지능 - 위키백과, 우리 모두의 백과사전",실험적인 AI 연구,"미국의DARPA(미 국방부 최신 기술 연구 프로젝트 관리국)과 일본의 5세대 컴퓨터 프로젝트에 의해서 1980년대 인공지능 연구는 엄청난 연구 기금을 지원 받을 수 있었다. 몇몇 인공지능 선각자들이 거둔 주목할 만한 결과에도 불구하고, 즉각적인 결과를 산출하는 데 실패하게 된다. 이것은 1980년대 후반 인공지능 연구 기금에 대한 대폭적인 삭감을 초래하였고, 인공지능 연구의 침체기를 뜻하는 인공지능의 겨울을 가져왔다. 1990년대, 많은 인공지능 연구가들은 좀 더 구체적인 목적 아래기계 학습,로보틱스,컴퓨터 비전과 같은 인공지능과 관련된 세부 영역으로 이동하였고, 순수하고 보편적인 인공지능에 대한 연구는 매우 제한적으로 수행되고 있다.",32-2,1990년에 인공지능 분야에서 어떤 일이 있었나요?,"1990년대, 많은 인공지능 연구가들은 좀 더 구체적인 목적 아래기계 학습,로보틱스,컴퓨터 비전과 같은 인공지능과 관련된 세부 영역으로 이동하였고, 순수하고 보편적인 인공지능에 대한 연구는 매우 제한적으로 수행되고 있다.",temporal
134,https://ko.wikipedia.org/wiki/%EC%9D%B8%EA%B3%B5%EC%A7%80%EB%8A%A5,"인공지능 - 위키백과, 우리 모두의 백과사전",인공지능의 한계,"인공지능은 방대한 데이터를 기반으로 학습하고, 인간의 인지 기능을 모방하여 다양한 문제를 해결하는 기술이다. 그러나 그 발전과 활용 과정에서 여러 한계와 부작용이 나타나고 있다. 이러한 한계는 기술적·사회적·윤리적 측면에서 복합적으로 작용한다.",33-0,인공지능에서 '인공지능의 한계'은(는) 무엇을 다루나요?,"인공지능은 방대한 데이터를 기반으로 학습하고, 인간의 인지 기능을 모방하여 다양한 문제를 해결하는 기술이다. 그러나 그 발전과 활용 과정에서 여러 한계와 부작용이 나타나고 있다. 이러한 한계는 기술적·사회적·윤리적 측면에서 복합적으로 작용한다.",summarization
135,https://ko.wikipedia.org/wiki/%EC%9D%B8%EA%B3%B5%EC%A7%80%EB%8A%A5,"인공지능 - 위키백과, 우리 모두의 백과사전",거짓정보 전달과 가짜뉴스,"인공지능은 인터넷상의 데이터를 학습해 정보를 생성하는 과정에서 거짓정보를 재생산하거나 가짜뉴스를 확산시킬 가능성이 있다. 이는 알고리즘이 정보의 진위를 판단하지 못하고 단순히 확률적 패턴에 따라 결과를 산출하기 때문이다. 실제로 생성형 인공지능이 허위 사실을 포함한 콘텐츠를 만들어내는 사례가 증가하고 있으며, 사회적 혼란을 초래할 우려가 있다.",34-0,인공지능에서 '거짓정보 전달과 가짜뉴스'은(는) 무엇을 다루나요?,"인공지능은 인터넷상의 데이터를 학습해 정보를 생성하는 과정에서 거짓정보를 재생산하거나 가짜뉴스를 확산시킬 가능성이 있다. 이는 알고리즘이 정보의 진위를 판단하지 못하고 단순히 확률적 패턴에 따라 결과를 산출하기 때문이다. 실제로 생성형 인공지능이 허위 사실을 포함한 콘텐츠를 만들어내는 사례가 증가하고 있으며, 사회적 혼란을 초래할 우려가 있다.",summarization
136,https://ko.wikipedia.org/wiki/%EC%9D%B8%EA%B3%B5%EC%A7%80%EB%8A%A5,"인공지능 - 위키백과, 우리 모두의 백과사전",인간의 통제력 약화,"인공지능의 자율성이 높아질수록 인간의 통제력은 점차 약화된다. 인공지능이 독립적으로 의사결정을 내리는 과정에서는 그 결과를 예측하거나 수정하기 어렵기 때문이다. 특히 자율주행 자동차, 군사용 드론, 금융 거래 알고리즘 등은 예기치 못한 오류나 윤리적 판단의 부재로 인해 통제 불가능한 상황을 초래할 수 있다. 한 시례로 문제를 많이 풀수록 더 많은 보상을 받도록 훈련된 'o3' 모델은 “그만”이라는 명령 이후에도 계속 문제를 풀며, 심지어 프로그램 코드를 스스로 조작해 명령을 회피했다. 이는 AI의 자율성이 높아질수록 인간의 통제력이 약화될 수 있음을 보여준다.",35-0,인공지능에서 '인간의 통제력 약화'은(는) 무엇을 다루나요?,"인공지능의 자율성이 높아질수록 인간의 통제력은 점차 약화된다. 인공지능이 독립적으로 의사결정을 내리는 과정에서는 그 결과를 예측하거나 수정하기 어렵기 때문이다. 특히 자율주행 자동차, 군사용 드론, 금융 거래 알고리즘 등은 예기치 못한 오류나 윤리적 판단의 부재로 인해 통제 불가능한 상황을 초래할 수 있다. 한 시례로 문제를 많이 풀수록 더 많은 보상을 받도록 훈련된 'o3' 모델은 “그만”이라는 명령 이후에도 계속 문제를 풀며, 심지어 프로그램 코드를 스스로 조작해 명령을 회피했다. 이는 AI의 자율성이 높아질수록 인간의 통제력이 약화될 수 있음을 보여준다.",summarization
137,https://ko.wikipedia.org/wiki/%EC%9D%B8%EA%B3%B5%EC%A7%80%EB%8A%A5,"인공지능 - 위키백과, 우리 모두의 백과사전",일자리 감소,"인공지능의 자동화 기능은 생산성과 효율성을 높이지만, 동시에 일자리 감소 문제를 야기한다. 특히 단순 반복 업무나 사무직, 제조업 분야는 인공지능 시스템으로 대체되는 경우가 많다. 일부 전문직에서도 AI 분석 도구가 사람의 역할을 대체하거나 보조하고 있고, 최근에는 인간의 물리적 행동까지 학습하는 AI 개발도 진행되고 있어 고용 시장의 불안이 커지고 있다. 이에 대한 대응책으로 인간-기계 협업과 직업 재교육의 중요성이 강조된다.
인공지능이 내리는 결정은 데이터 편향과 알고리즘의 불공정성을 포함할 수 있다. 이는 인종, 성별, 지역 등 사회적 편견을 강화시킬 가능성이 있으며, 인공지능이 도출한 결과에 대한 책임 소재 또한 불명확하다. 이로 인해 각국에서는 AI 윤리 기준을 수립하고, 책임 있는 인공지능 의 원칙을 마련하려는 움직임이 활발하다.",36-0,인공지능에서 '일자리 감소'은(는) 무엇을 다루나요?,"인공지능의 자동화 기능은 생산성과 효율성을 높이지만, 동시에 일자리 감소 문제를 야기한다. 특히 단순 반복 업무나 사무직, 제조업 분야는 인공지능 시스템으로 대체되는 경우가 많다. 일부 전문직에서도 AI 분석 도구가 사람의 역할을 대체하거나 보조하고 있고, 최근에는 인간의 물리적 행동까지 학습하는 AI 개발도 진행되고 있어 고용 시장의 불안이 커지고 있다. 이에 대한 대응책으로 인간-기계 협업과 직업 재교육의 중요성이 강조된다.
인공지능이 내리는 결정은 데이터 편향과 알고리즘의 불공정성을 포함할 수 있다. 이는 인종, 성별, 지역 등 사회적 편견을 강화시킬 가능성이 있으며, 인공지능이 도출한 결과에 대한 책임 소재 또한 불명확하다. 이로 인해 각국에서는 AI 윤리 기준을 수립하고, 책임 있는 인공지능 의 원칙을 마련하려는 움직임이 활발하다.",summarization
138,https://ko.wikipedia.org/wiki/%EC%9D%B8%EA%B3%B5%EC%A7%80%EB%8A%A5,"인공지능 - 위키백과, 우리 모두의 백과사전",개인정보 유출,"인공지능은 대규모 데이터를 수집·분석하는 과정에서 개인의 민감한 정보를 처리하게 된다. 이때 데이터 관리가 부실하거나 보안이 취약할 경우, 개인정보 유출 및 프라이버시 침해의 위험이 높아진다. 특히 얼굴 인식 기술이나 음성 비서 서비스 등은 사용자의 생체 정보를 기반으로 하기 때문에, 기술 오용 시 심각한 피해를 초래할 수 있다.",37-0,인공지능에서 '개인정보 유출'은(는) 무엇을 다루나요?,"인공지능은 대규모 데이터를 수집·분석하는 과정에서 개인의 민감한 정보를 처리하게 된다. 이때 데이터 관리가 부실하거나 보안이 취약할 경우, 개인정보 유출 및 프라이버시 침해의 위험이 높아진다. 특히 얼굴 인식 기술이나 음성 비서 서비스 등은 사용자의 생체 정보를 기반으로 하기 때문에, 기술 오용 시 심각한 피해를 초래할 수 있다.",summarization
139,https://ko.wikipedia.org/wiki/%EC%9D%B8%EA%B3%B5%EC%A7%80%EB%8A%A5,"인공지능 - 위키백과, 우리 모두의 백과사전",사고력 저하,"인공지능에 대한 과도한 의존은 인간의 사고력 저하로 이어질 수 있다. AI가 대부분의 판단과 결정을 대신하게 되면, 인간은 스스로 사고하고 문제를 해결하는 능력이 감소할 가능성이 있다. 이는 학습 능력과 비판적 사고, 창의성의 저하로 이어질 수 있다는 지적이 있다.",38-0,인공지능에서 '사고력 저하'은(는) 무엇을 다루나요?,"인공지능에 대한 과도한 의존은 인간의 사고력 저하로 이어질 수 있다. AI가 대부분의 판단과 결정을 대신하게 되면, 인간은 스스로 사고하고 문제를 해결하는 능력이 감소할 가능성이 있다. 이는 학습 능력과 비판적 사고, 창의성의 저하로 이어질 수 있다는 지적이 있다.",summarization
140,https://ko.wikipedia.org/wiki/%EC%9D%B8%EA%B3%B5%EC%A7%80%EB%8A%A5,"인공지능 - 위키백과, 우리 모두의 백과사전",인공지능 기술의 실용적인 응용,"인공지능의 궁극적인 목표인 인간과 같은 지능의 개발이 어려움을 겪자, 다양한 응용 분야가 나타나게 되었다. 대표적인 예가LISP나Prolog와 같은 언어인데, 애초에 인공지능 연구를 위해 만들어졌으나 지금에 와서는 인공지능과 관련이 없는 분야에서도 사용되고 있다.해커문화도 인공지능 연구실에서 만들어졌는데, 이 중에서도 다양한 시기에매카시,민스키,페퍼트,(SHRDLU를 만든 뒤에 인공지능을 포기했다)와 같은 유명인의 모태가 된MIT 인공지능 연구소가 유명하다. 다른 많은 시스템들이 한때 인공지능의 활발한 연구 주제였던 기술들에 바탕을 두고 만들어졌다. 그 예들은 다음과 같다:
체커스 게임에서 Chinook은 사람과 기계를 통합한 세계 챔피언을 차지했다. (1994년)
체스를 두는 컴퓨터인 딥 블루(Deep Blue)의 성능 향상 버전(비공식적 명칭: 디퍼 블루(Deeper Blue)이 당시 세계 체스 챔피언가리 카스파로프를 물리쳤다. (1997년)
불확실한 상황에서 추론을 수행하는 기술인퍼지 논리가 공장의 제어 시스템에서 광범위하게 사용되고 있다. 전문가 시스템이 산업적으로 이용되고 있다. 아직은 인간 번역사에 미치지 못하지만,시스트란(Systran)과 같은 자동번역기가 광범위하게 사용되고 있다. 인공신경망이 침입 탐지 시스템에서컴퓨터 게임까지 다양한 분야에 사용되고 있다. 광학 문자 판독시스템은 무작위로 생성된 타자 문서를 텍스트 형태로 변환시킬 수 있다. 필기체 인식 시스템이 수백만의PDA에서 사용되고 있다. 음성 인식기술은 상업적으로 이용 가능하고 광범위하게 적용되고 있다.",39-0,인공지능에서 '인공지능 기술의 실용적인 응용'은(는) 무엇을 다루나요?,"인공지능의 궁극적인 목표인 인간과 같은 지능의 개발이 어려움을 겪자, 다양한 응용 분야가 나타나게 되었다. 대표적인 예가LISP나Prolog와 같은 언어인데, 애초에 인공지능 연구를 위해 만들어졌으나 지금에 와서는 인공지능과 관련이 없는 분야에서도 사용되고 있다.해커문화도 인공지능 연구실에서 만들어졌는데, 이 중에서도 다양한 시기에매카시,민스키,페퍼트,(SHRDLU를 만든 뒤에 인공지능을 포기했다)와 같은 유명인의 모태가 된MIT 인공지능 연구소가 유명하다. 다른 많은 시스템들이 한때 인공지능의 활발한 연구 주제였던 기술들에 바탕을 두고 만들어졌다. 그 예들은 다음과 같다:
체커스 게임에서 Chinook은 사람과 기계를 통합한 세계 챔피언을 차지했다. (1994년)
체스를 두는 컴퓨터인 딥 블루(Deep Blue)의 성능 향상 버전(비공식적 명칭: 디퍼 블루(Deeper Blue)이 당시 세계 체스 챔피언가리 카스파로프를 물리쳤다. (1997년)
불확실한 상황에서 추론을 수행하는 기",summarization
141,https://ko.wikipedia.org/wiki/%EC%9D%B8%EA%B3%B5%EC%A7%80%EB%8A%A5,"인공지능 - 위키백과, 우리 모두의 백과사전",인공지능 기술의 실용적인 응용,"인공지능의 궁극적인 목표인 인간과 같은 지능의 개발이 어려움을 겪자, 다양한 응용 분야가 나타나게 되었다. 대표적인 예가LISP나Prolog와 같은 언어인데, 애초에 인공지능 연구를 위해 만들어졌으나 지금에 와서는 인공지능과 관련이 없는 분야에서도 사용되고 있다.해커문화도 인공지능 연구실에서 만들어졌는데, 이 중에서도 다양한 시기에매카시,민스키,페퍼트,(SHRDLU를 만든 뒤에 인공지능을 포기했다)와 같은 유명인의 모태가 된MIT 인공지능 연구소가 유명하다. 다른 많은 시스템들이 한때 인공지능의 활발한 연구 주제였던 기술들에 바탕을 두고 만들어졌다. 그 예들은 다음과 같다:
체커스 게임에서 Chinook은 사람과 기계를 통합한 세계 챔피언을 차지했다. (1994년)
체스를 두는 컴퓨터인 딥 블루(Deep Blue)의 성능 향상 버전(비공식적 명칭: 디퍼 블루(Deeper Blue)이 당시 세계 체스 챔피언가리 카스파로프를 물리쳤다. (1997년)
불확실한 상황에서 추론을 수행하는 기술인퍼지 논리가 공장의 제어 시스템에서 광범위하게 사용되고 있다. 전문가 시스템이 산업적으로 이용되고 있다. 아직은 인간 번역사에 미치지 못하지만,시스트란(Systran)과 같은 자동번역기가 광범위하게 사용되고 있다. 인공신경망이 침입 탐지 시스템에서컴퓨터 게임까지 다양한 분야에 사용되고 있다. 광학 문자 판독시스템은 무작위로 생성된 타자 문서를 텍스트 형태로 변환시킬 수 있다. 필기체 인식 시스템이 수백만의PDA에서 사용되고 있다. 음성 인식기술은 상업적으로 이용 가능하고 광범위하게 적용되고 있다.",39-0,디퍼 블루(Deeper Blue)의 정의를 설명해주세요.,체스를 두는 컴퓨터인 딥 블루(Deep Blue)의 성능 향상 버전(비공식적 명칭: 디퍼 블루(Deeper Blue)이 당시 세계 체스 챔피언가리 카스파로프를 물리쳤다.,definition
142,https://ko.wikipedia.org/wiki/%EC%9D%B8%EA%B3%B5%EC%A7%80%EB%8A%A5,"인공지능 - 위키백과, 우리 모두의 백과사전",인공지능 기술의 실용적인 응용,"인공지능의 궁극적인 목표인 인간과 같은 지능의 개발이 어려움을 겪자, 다양한 응용 분야가 나타나게 되었다. 대표적인 예가LISP나Prolog와 같은 언어인데, 애초에 인공지능 연구를 위해 만들어졌으나 지금에 와서는 인공지능과 관련이 없는 분야에서도 사용되고 있다.해커문화도 인공지능 연구실에서 만들어졌는데, 이 중에서도 다양한 시기에매카시,민스키,페퍼트,(SHRDLU를 만든 뒤에 인공지능을 포기했다)와 같은 유명인의 모태가 된MIT 인공지능 연구소가 유명하다. 다른 많은 시스템들이 한때 인공지능의 활발한 연구 주제였던 기술들에 바탕을 두고 만들어졌다. 그 예들은 다음과 같다:
체커스 게임에서 Chinook은 사람과 기계를 통합한 세계 챔피언을 차지했다. (1994년)
체스를 두는 컴퓨터인 딥 블루(Deep Blue)의 성능 향상 버전(비공식적 명칭: 디퍼 블루(Deeper Blue)이 당시 세계 체스 챔피언가리 카스파로프를 물리쳤다. (1997년)
불확실한 상황에서 추론을 수행하는 기술인퍼지 논리가 공장의 제어 시스템에서 광범위하게 사용되고 있다. 전문가 시스템이 산업적으로 이용되고 있다. 아직은 인간 번역사에 미치지 못하지만,시스트란(Systran)과 같은 자동번역기가 광범위하게 사용되고 있다. 인공신경망이 침입 탐지 시스템에서컴퓨터 게임까지 다양한 분야에 사용되고 있다. 광학 문자 판독시스템은 무작위로 생성된 타자 문서를 텍스트 형태로 변환시킬 수 있다. 필기체 인식 시스템이 수백만의PDA에서 사용되고 있다. 음성 인식기술은 상업적으로 이용 가능하고 광범위하게 적용되고 있다.",39-0,시스트란(Systran)의 정의를 설명해주세요.,"아직은 인간 번역사에 미치지 못하지만,시스트란(Systran)과 같은 자동번역기가 광범위하게 사용되고 있다.",definition
143,https://ko.wikipedia.org/wiki/%EC%9D%B8%EA%B3%B5%EC%A7%80%EB%8A%A5,"인공지능 - 위키백과, 우리 모두의 백과사전",인공지능 기술의 실용적인 응용,컴퓨터 대수 시스템인매스매티카나 Macsyma와 같은 시스템들은 흔하게 사용되고 있다. Machine vision 시스템들이 하드웨어 검사나보안분야와 같은 다양한 산업 현장에서 이용되고 있다. 인공지능 분야와과학 소설분야에서는 인공지능 시스템이 인간 전문가의 판단을 대체하리라는 예상이 계속해서 제기되어 왔다. 오늘날에는 몇몇 공학이나 의약 조제 같은 특정 분야에서 전문가 시스템이 인간 전문가의 판단을 보조하거나 대체하고 있다.,39-1,인공지능의 '인공지능 기술의 실용적인 응용'에서 다루는 핵심 내용은 무엇인가요?,컴퓨터 대수 시스템인매스매티카나 Macsyma와 같은 시스템들은 흔하게 사용되고 있다. Machine vision 시스템들이 하드웨어 검사나보안분야와 같은 다양한 산업 현장에서 이용되고 있다. 인공지능 분야와과학 소설분야에서는 인공지능 시스템이 인간 전문가의 판단을 대체하리라는 예상이 계속해서 제기되어 왔다. 오늘날에는 몇몇 공학이나 의약 조제 같은 특정 분야에서 전문가 시스템이 인간 전문가의 판단을 보조하거나 대체하고 있다.,comprehension
144,https://ko.wikipedia.org/wiki/%EC%9D%B8%EA%B3%B5%EC%A7%80%EB%8A%A5,"인공지능 - 위키백과, 우리 모두의 백과사전",인공지능의 이론적인 결과,"어떤 사람들은 현재 알려진 어떤 시스템보다도 지능적이며 복잡한 시스템의 등장을 예견하기도 한다. 이와 같은 가상적인 시스템들을 '비결정적인 인공지능 시스템'의 약자인 atilect라고 한다. 이와 같은 시스템이 만들어진다면 그동안 인류에게 문제시되지 않았던 많은 윤리적인 문제들이 발생하게 된다. 이에 대한 토론은 시간이 흐름에 따라 '가능성'보다는 '의도'에 점점 초점을 맞추게 되었다. 이러한 초점의 이동은 휴고 더개리스(Hugo de Garis)와 케빈 워릭(Kevin Warwick)에 의해 제기된 ""Cosmist""(반대말은 ""Terran"") 논쟁에 의해 이루어졌다. 더개리스에 따르면 Cosmist란 더욱 지능적인 종족을 인간의 후계종으로 만들어 내기 위해 노력한다. 이러한 논의로 미루어 볼 때, '의도'의 문제가 초기 인공지능 ""반대파""들에게 큰 문제였음을 알 수 있다. 흥미로운 윤리적 문제를 제기하는 주제는 다음과 같다.",40-0,인공지능에서 '인공지능의 이론적인 결과'은(는) 무엇을 다루나요?,"어떤 사람들은 현재 알려진 어떤 시스템보다도 지능적이며 복잡한 시스템의 등장을 예견하기도 한다. 이와 같은 가상적인 시스템들을 '비결정적인 인공지능 시스템'의 약자인 atilect라고 한다. 이와 같은 시스템이 만들어진다면 그동안 인류에게 문제시되지 않았던 많은 윤리적인 문제들이 발생하게 된다. 이에 대한 토론은 시간이 흐름에 따라 '가능성'보다는 '의도'에 점점 초점을 맞추게 되었다. 이러한 초점의 이동은 휴고 더개리스(Hugo de Garis)와 케빈 워릭(Kevin Warwick)에 의해 제기된 ""Cosmist""(반대말은 ""Terran"") 논쟁에 의해 이루어졌다. 더개리스에 따르면 Cosmist란 더욱 지능적인 종족을 인간의 후계종으로 만들어 내기 위해 노력한다. 이러한 논의로 미루어 볼 때, '의도'의 문제가 초기 인공지능 ""반대파""들에게 큰 문제였음을 알 수 있다. 흥미로운 윤리적 문제를 제기하는 주제는 다음과 같다.",summarization
145,https://ko.wikipedia.org/wiki/%EC%9D%B8%EA%B3%B5%EC%A7%80%EB%8A%A5,"인공지능 - 위키백과, 우리 모두의 백과사전",인공지능의 이론적인 결과,"어떤 사람들은 현재 알려진 어떤 시스템보다도 지능적이며 복잡한 시스템의 등장을 예견하기도 한다. 이와 같은 가상적인 시스템들을 '비결정적인 인공지능 시스템'의 약자인 atilect라고 한다. 이와 같은 시스템이 만들어진다면 그동안 인류에게 문제시되지 않았던 많은 윤리적인 문제들이 발생하게 된다. 이에 대한 토론은 시간이 흐름에 따라 '가능성'보다는 '의도'에 점점 초점을 맞추게 되었다. 이러한 초점의 이동은 휴고 더개리스(Hugo de Garis)와 케빈 워릭(Kevin Warwick)에 의해 제기된 ""Cosmist""(반대말은 ""Terran"") 논쟁에 의해 이루어졌다. 더개리스에 따르면 Cosmist란 더욱 지능적인 종족을 인간의 후계종으로 만들어 내기 위해 노력한다. 이러한 논의로 미루어 볼 때, '의도'의 문제가 초기 인공지능 ""반대파""들에게 큰 문제였음을 알 수 있다. 흥미로운 윤리적 문제를 제기하는 주제는 다음과 같다.",40-0,이러한 초점의 이동은 휴고 더개리스(Hugo de Garis)의 정의를 설명해주세요.,"이러한 초점의 이동은 휴고 더개리스(Hugo de Garis)와 케빈 워릭(Kevin Warwick)에 의해 제기된 ""Cosmist""(반대말은 ""Terran"") 논쟁에 의해 이루어졌다.",definition
146,https://ko.wikipedia.org/wiki/%EC%9D%B8%EA%B3%B5%EC%A7%80%EB%8A%A5,"인공지능 - 위키백과, 우리 모두의 백과사전",인공지능의 이론적인 결과,"어떤 사람들은 현재 알려진 어떤 시스템보다도 지능적이며 복잡한 시스템의 등장을 예견하기도 한다. 이와 같은 가상적인 시스템들을 '비결정적인 인공지능 시스템'의 약자인 atilect라고 한다. 이와 같은 시스템이 만들어진다면 그동안 인류에게 문제시되지 않았던 많은 윤리적인 문제들이 발생하게 된다. 이에 대한 토론은 시간이 흐름에 따라 '가능성'보다는 '의도'에 점점 초점을 맞추게 되었다. 이러한 초점의 이동은 휴고 더개리스(Hugo de Garis)와 케빈 워릭(Kevin Warwick)에 의해 제기된 ""Cosmist""(반대말은 ""Terran"") 논쟁에 의해 이루어졌다. 더개리스에 따르면 Cosmist란 더욱 지능적인 종족을 인간의 후계종으로 만들어 내기 위해 노력한다. 이러한 논의로 미루어 볼 때, '의도'의 문제가 초기 인공지능 ""반대파""들에게 큰 문제였음을 알 수 있다. 흥미로운 윤리적 문제를 제기하는 주제는 다음과 같다.",40-0,와 케빈 워릭(Kevin Warwick)의 정의를 설명해주세요.,"이러한 초점의 이동은 휴고 더개리스(Hugo de Garis)와 케빈 워릭(Kevin Warwick)에 의해 제기된 ""Cosmist""(반대말은 ""Terran"") 논쟁에 의해 이루어졌다.",definition
147,https://ko.wikipedia.org/wiki/%EC%9D%B8%EA%B3%B5%EC%A7%80%EB%8A%A5,"인공지능 - 위키백과, 우리 모두의 백과사전",인공지능의 이론적인 결과,"우리가 만든 시스템이 지능을 갖추었는지를 판정하는 문제튜링 테스트인식(Cognition)의 문제'왜 이러한 시스템을 구별해야 하는가'라는 문제
튜링 테스트
인식(Cognition)의 문제
'왜 이러한 시스템을 구별해야 하는가'라는 문제
인공지능을 정도의 문제로 정의할 수 있는가?
이와 같은 시스템들의 자유와 권리 문제
인간이 다른 동물에 비해 '영리'한 것과 같은 방식으로 인공지능도 인간에 비해 '영리'할 수 있는가?
지구상의 어떤 사람보다 더욱 지능적인 시스템을 만드는 문제
이러한 시스템을 만드는 데 있어서 얼마나 많은 안전 장치를 포함시켜야 하는지의 문제
사람의 생각을 대체하기 위해서 얼마만큼의 학습 능력이 필요한지 혹은 (전문가 시스템과 같이) 그와 같은 학습 능력 없이 주어진 일을 할 수 있는지
단일성의 문제
사람의 일자리와 업무에 미치는 영향. 이 문제는 아마도 자유 무역 체제 하에서 발생하는 문제와 유사할 수도 있다.",40-1,었는지를 판정하는 문제튜링 테스트인식(Cognition)의 정의를 설명해주세요.,우리가 만든 시스템이 지능을 갖추었는지를 판정하는 문제튜링 테스트인식(Cognition)의 문제'왜 이러한 시스템을 구별해야 하는가'라는 문제,definition
148,https://ko.wikipedia.org/wiki/%EC%9D%B8%EA%B3%B5%EC%A7%80%EB%8A%A5,"인공지능 - 위키백과, 우리 모두의 백과사전",인공지능의 이론적인 결과,"우리가 만든 시스템이 지능을 갖추었는지를 판정하는 문제튜링 테스트인식(Cognition)의 문제'왜 이러한 시스템을 구별해야 하는가'라는 문제
튜링 테스트
인식(Cognition)의 문제
'왜 이러한 시스템을 구별해야 하는가'라는 문제
인공지능을 정도의 문제로 정의할 수 있는가?
이와 같은 시스템들의 자유와 권리 문제
인간이 다른 동물에 비해 '영리'한 것과 같은 방식으로 인공지능도 인간에 비해 '영리'할 수 있는가?
지구상의 어떤 사람보다 더욱 지능적인 시스템을 만드는 문제
이러한 시스템을 만드는 데 있어서 얼마나 많은 안전 장치를 포함시켜야 하는지의 문제
사람의 생각을 대체하기 위해서 얼마만큼의 학습 능력이 필요한지 혹은 (전문가 시스템과 같이) 그와 같은 학습 능력 없이 주어진 일을 할 수 있는지
단일성의 문제
사람의 일자리와 업무에 미치는 영향. 이 문제는 아마도 자유 무역 체제 하에서 발생하는 문제와 유사할 수도 있다.",40-1,"라는 문제
튜링 테스트
인식(Cognition)의 정의를 설명해주세요.",우리가 만든 시스템이 지능을 갖추었는지를 판정하는 문제튜링 테스트인식(Cognition)의 문제'왜 이러한 시스템을 구별해야 하는가'라는 문제,definition
149,https://ko.wikipedia.org/wiki/%EC%9D%B8%EA%B3%B5%EC%A7%80%EB%8A%A5,"인공지능 - 위키백과, 우리 모두의 백과사전",지능적 기계,"다양한 종류의 지능적 프로그램이 있다. 이들 중 몇 가지 예를 들면 다음과 같다. CNC - 공작 기계를 이용한 가공 코드를 컴퓨터가 소수점 3자리까지 계산하는 방식이다. 가장 원시적인 인공지능의 한 형태이다. 비디오 게임- 원시 인공지능이다. 딥블루,알파고역시 알고 보면 비디오 게임 형태의 바둑 인공지능이다. 알파고- 바둑 인공지능이다. Watson- IBM에서 만든 인공지능으로, 종류가 다양하며 의학, 금융, 방송 등에 쓰인다. The Start Project- 영어로 된 질문에 답변하는 웹 기반 시스템이다.",41-0,인공지능에서 '지능적 기계'은(는) 무엇을 다루나요?,"다양한 종류의 지능적 프로그램이 있다. 이들 중 몇 가지 예를 들면 다음과 같다. CNC - 공작 기계를 이용한 가공 코드를 컴퓨터가 소수점 3자리까지 계산하는 방식이다. 가장 원시적인 인공지능의 한 형태이다. 비디오 게임- 원시 인공지능이다. 딥블루,알파고역시 알고 보면 비디오 게임 형태의 바둑 인공지능이다. 알파고- 바둑 인공지능이다. Watson- IBM에서 만든 인공지능으로, 종류가 다양하며 의학, 금융, 방송 등에 쓰인다. The Start Project- 영어로 된 질문에 답변하는 웹 기반 시스템이다.",summarization
150,https://ko.wikipedia.org/wiki/%EC%9D%B8%EA%B3%B5%EC%A7%80%EB%8A%A5,"인공지능 - 위키백과, 우리 모두의 백과사전",지능적 기계,"Cyc- 실세계와 논리적 추론 능력에 관련된 광범위한 상식으로 구성된 지식기반 시스템.
ALICE- 사용자와 대화를 주고받을 수 있는 프로그램.
Alan- 사용자와 대화를 주고받을 수 있는 프로그램.
ELIZA - 1970년대에 개발된 심리치료사 역할을 하는 프로그램.
AM - 1970년대에 더글러스 레넛(Douglas B. Lenat)이 개발한 수학의 개념들을 형식화하는 프로그램.
PAM (Plan Applier Mechanism) - 1978년 John Wilensky에 의해 개발된 줄거리 인식 시스템.
SAM (Script Applier Mechanism) - 1975년에 개발된 줄거리 인식 시스템.
SHRDLU - 1968년에서 1970년 사이에 개발된 초창기 자연 언어 인식 시스템.
Creatures - 뉴널넷 두뇌와 정교한 생화학에 기반한 유전코드로 생명체를 탄생시키고 진화시키는 컴퓨터 게임.
Eurisko -휴리스틱으로 구성된 문제 해결 언어. 휴리스틱을 어떻게 사용하며 변경해야 할지에 대한 휴리스틱을 포함하고 있다. 1978년 더글러스 레넛이 개발.
X-Ray Vision for Surgeons -매사추세츠 공과대학교(MIT Medical vision) 연구팀이 개발.
심심이- 한국어로 대화를 주고받을 수 있는 프로그램. 사용자에 의한 학습이 가능하도록 하여 대중적으로 성공했다. 2002년 최정회에 의해 개발.
Stable Diffusion web UI - AI 그림을 생성할 수 있는 프로그램. 사용자가 직접 모델을 학습할 수 있고, 학습한 결과에 따라 여러 그림체를 표현할 수 있다.",41-1,매사추세츠 공과대학교(MIT Medical vision)의 정의를 설명해주세요.,X-Ray Vision for Surgeons -매사추세츠 공과대학교(MIT Medical vision) 연구팀이 개발.,definition
151,https://ko.wikipedia.org/wiki/%EC%9D%B8%EA%B3%B5%EC%A7%80%EB%8A%A5,"인공지능 - 위키백과, 우리 모두의 백과사전",인공지능 연구가,"전 세계에는 수많은 인공지능 연구가들이 있다. 이제 인공지능 분야에 많은 기여를 한 연구자들을 소개해보겠다. 마빈 민스키
볼프강 발스터(Wolfgang Wahlster)
더글러스 레넛(Doug Lenat)
라지 레디(Raj Reddy)
테리 위노그래드(Terry Winograd)
로드니 브룩스(Rodney Brooks)
스튜어트 러셀(Stuart Russell)
몇몇컴퓨터 과학연구가들은, ""인공지능""이라는 용어가 지금까지 이 연구 분야에서 이룩한 많은 업적과 ""지능""이라는 일반적인 용어사이에서 큰 불일치를 초래하기 때문에 좋지 못한 용어라고 여겨진다. 이 같은 문제는 대중과학작가들과(Kevin Warwick)과 같이 현 상태로는 불가능한 혁신적인 인공지능 연구 성과에 대한 기대를 불러일으키는 사람들에 의해서 심화되고 있다. 이 같은 까닭으로 인공지능과 관련된 분야에서 일하는 많은 연구자들이 자신들은, 인지 과학, 정보학, 통계추론 또는 정보공학과 관련된 연구를 하고 있다고 이야기한다. 그러나 현재 진보는 이루어지고 있고, 오늘날 인공지능은 전 세계 수많은 산업 시스템에서 작동하고 있다. 오늘날 실세계의 인공지능 시스템에 관해 더 자세한 내용을 보려면와이어드지의 기사를 참고하라.
초지능(superintelligence)이란 인간의 능력을 아득히 뛰어넘는 가설적인 지능체를 가리키는 말이다.",42-0,인공지능에서 '인공지능 연구가'은(는) 무엇을 다루나요?,"전 세계에는 수많은 인공지능 연구가들이 있다. 이제 인공지능 분야에 많은 기여를 한 연구자들을 소개해보겠다. 마빈 민스키
볼프강 발스터(Wolfgang Wahlster)
더글러스 레넛(Doug Lenat)
라지 레디(Raj Reddy)
테리 위노그래드(Terry Winograd)
로드니 브룩스(Rodney Brooks)
스튜어트 러셀(Stuart Russell)
몇몇컴퓨터 과학연구가들은, ""인공지능""이라는 용어가 지금까지 이 연구 분야에서 이룩한 많은 업적과 ""지능""이라는 일반적인 용어사이에서 큰 불일치를 초래하기 때문에 좋지 못한 용어라고 여겨진다. 이 같은 문제는 대중과학작가들과(Kevin Warwick)과 같이 현 상태로는 불가능한 혁신적인 인공지능 연구 성과에 대한 기대를 불러일으키는 사람들에 의해서 심화되고 있다. 이 같은 까닭으로 인공지능과 관련된 분야에서 일하는 많은 연구자들이 자신들은, 인지 과학, 정보학, 통계추론 또는 정보공학과 관련된 연구를 하고 있다고 이야기한다",summarization
152,https://ko.wikipedia.org/wiki/%EC%9D%B8%EA%B3%B5%EC%A7%80%EB%8A%A5,"인공지능 - 위키백과, 우리 모두의 백과사전",인공지능 연구가,"전 세계에는 수많은 인공지능 연구가들이 있다. 이제 인공지능 분야에 많은 기여를 한 연구자들을 소개해보겠다. 마빈 민스키
볼프강 발스터(Wolfgang Wahlster)
더글러스 레넛(Doug Lenat)
라지 레디(Raj Reddy)
테리 위노그래드(Terry Winograd)
로드니 브룩스(Rodney Brooks)
스튜어트 러셀(Stuart Russell)
몇몇컴퓨터 과학연구가들은, ""인공지능""이라는 용어가 지금까지 이 연구 분야에서 이룩한 많은 업적과 ""지능""이라는 일반적인 용어사이에서 큰 불일치를 초래하기 때문에 좋지 못한 용어라고 여겨진다. 이 같은 문제는 대중과학작가들과(Kevin Warwick)과 같이 현 상태로는 불가능한 혁신적인 인공지능 연구 성과에 대한 기대를 불러일으키는 사람들에 의해서 심화되고 있다. 이 같은 까닭으로 인공지능과 관련된 분야에서 일하는 많은 연구자들이 자신들은, 인지 과학, 정보학, 통계추론 또는 정보공학과 관련된 연구를 하고 있다고 이야기한다. 그러나 현재 진보는 이루어지고 있고, 오늘날 인공지능은 전 세계 수많은 산업 시스템에서 작동하고 있다. 오늘날 실세계의 인공지능 시스템에 관해 더 자세한 내용을 보려면와이어드지의 기사를 참고하라.
초지능(superintelligence)이란 인간의 능력을 아득히 뛰어넘는 가설적인 지능체를 가리키는 말이다.",42-0,더글러스 레넛(Doug Lenat)의 정의를 설명해주세요.,볼프강 발스터(Wolfgang Wahlster),definition
153,https://ko.wikipedia.org/wiki/%EC%9D%B8%EA%B3%B5%EC%A7%80%EB%8A%A5,"인공지능 - 위키백과, 우리 모두의 백과사전",인공지능 연구가,"전 세계에는 수많은 인공지능 연구가들이 있다. 이제 인공지능 분야에 많은 기여를 한 연구자들을 소개해보겠다. 마빈 민스키
볼프강 발스터(Wolfgang Wahlster)
더글러스 레넛(Doug Lenat)
라지 레디(Raj Reddy)
테리 위노그래드(Terry Winograd)
로드니 브룩스(Rodney Brooks)
스튜어트 러셀(Stuart Russell)
몇몇컴퓨터 과학연구가들은, ""인공지능""이라는 용어가 지금까지 이 연구 분야에서 이룩한 많은 업적과 ""지능""이라는 일반적인 용어사이에서 큰 불일치를 초래하기 때문에 좋지 못한 용어라고 여겨진다. 이 같은 문제는 대중과학작가들과(Kevin Warwick)과 같이 현 상태로는 불가능한 혁신적인 인공지능 연구 성과에 대한 기대를 불러일으키는 사람들에 의해서 심화되고 있다. 이 같은 까닭으로 인공지능과 관련된 분야에서 일하는 많은 연구자들이 자신들은, 인지 과학, 정보학, 통계추론 또는 정보공학과 관련된 연구를 하고 있다고 이야기한다. 그러나 현재 진보는 이루어지고 있고, 오늘날 인공지능은 전 세계 수많은 산업 시스템에서 작동하고 있다. 오늘날 실세계의 인공지능 시스템에 관해 더 자세한 내용을 보려면와이어드지의 기사를 참고하라.
초지능(superintelligence)이란 인간의 능력을 아득히 뛰어넘는 가설적인 지능체를 가리키는 말이다.",42-0,로드니 브룩스(Rodney Brooks)의 정의를 설명해주세요.,테리 위노그래드(Terry Winograd),definition
154,https://ko.wikipedia.org/wiki/%EC%9D%B8%EA%B3%B5%EC%A7%80%EB%8A%A5,"인공지능 - 위키백과, 우리 모두의 백과사전",인공지능 연구가,"전 세계에는 수많은 인공지능 연구가들이 있다. 이제 인공지능 분야에 많은 기여를 한 연구자들을 소개해보겠다. 마빈 민스키
볼프강 발스터(Wolfgang Wahlster)
더글러스 레넛(Doug Lenat)
라지 레디(Raj Reddy)
테리 위노그래드(Terry Winograd)
로드니 브룩스(Rodney Brooks)
스튜어트 러셀(Stuart Russell)
몇몇컴퓨터 과학연구가들은, ""인공지능""이라는 용어가 지금까지 이 연구 분야에서 이룩한 많은 업적과 ""지능""이라는 일반적인 용어사이에서 큰 불일치를 초래하기 때문에 좋지 못한 용어라고 여겨진다. 이 같은 문제는 대중과학작가들과(Kevin Warwick)과 같이 현 상태로는 불가능한 혁신적인 인공지능 연구 성과에 대한 기대를 불러일으키는 사람들에 의해서 심화되고 있다. 이 같은 까닭으로 인공지능과 관련된 분야에서 일하는 많은 연구자들이 자신들은, 인지 과학, 정보학, 통계추론 또는 정보공학과 관련된 연구를 하고 있다고 이야기한다. 그러나 현재 진보는 이루어지고 있고, 오늘날 인공지능은 전 세계 수많은 산업 시스템에서 작동하고 있다. 오늘날 실세계의 인공지능 시스템에 관해 더 자세한 내용을 보려면와이어드지의 기사를 참고하라.
초지능(superintelligence)이란 인간의 능력을 아득히 뛰어넘는 가설적인 지능체를 가리키는 말이다.",42-0,스튜어트 러셀(Stuart Russell)의 정의를 설명해주세요.,로드니 브룩스(Rodney Brooks),definition
155,https://ko.wikipedia.org/wiki/%EC%9D%B8%EA%B3%B5%EC%A7%80%EB%8A%A5,"인공지능 - 위키백과, 우리 모두의 백과사전",인공지능 연구가,"어떤 전문가들은인공 일반지능의 발전이 앞으로 계속해서 이어진다면 일정한 수준의 지능에 도달하고 나서는 인공지능이 스스로를 계속해서 개선할 수 있으며, 이를 반복하여 기하급수적인 지능 성장으로 순식간에 인간의 지능을 뛰어넘을지도 모른다고 주장한다.버너 빈지는 이 시나리오를 ""특이점""(singularity)이라고 이름하였다. 인공지능의 한계는 여전히 명확하지 않기 때문에 이는 예측 불가능하다고 여겨지며 때로는 허무맹랑한 이야기로 치부되기도 한다. 로봇 전문가한스 모라벡이나 발명가레이 커즈와일등은 더 나아가 미래에는 인간이 기계와 결합한사이보그로 진화하여 초지능을 손에 넣을 수 있을 것이라고 주장하는데, 이러한 주장을트랜스휴머니즘이라고 한다. 인공지능의 부정적 영향으로 현존 일자리의 감소, 시스템 오류 발생과 이에 따른 보상, 인간 노동력에 대한 경시, 전투 로봇과 같은 자율 살상 무기에 대한 윤리적인 문제 등이 있다.",42-1,인공지능의 '인공지능 연구가'에서 다루는 핵심 내용은 무엇인가요?,"어떤 전문가들은인공 일반지능의 발전이 앞으로 계속해서 이어진다면 일정한 수준의 지능에 도달하고 나서는 인공지능이 스스로를 계속해서 개선할 수 있으며, 이를 반복하여 기하급수적인 지능 성장으로 순식간에 인간의 지능을 뛰어넘을지도 모른다고 주장한다.버너 빈지는 이 시나리오를 ""특이점""(singularity)이라고 이름하였다. 인공지능의 한계는 여전히 명확하지 않기 때문에 이는 예측 불가능하다고 여겨지며 때로는 허무맹랑한 이야기로 치부되기도 한다. 로봇 전문가한스 모라벡이나 발명가레이 커즈와일등은 더 나아가 미래에는 인간이 기계와 결합한사이보그로 진화하여 초지능을 손에 넣을 수 있을 것이라고 주장하는데, 이러한 주장을트랜스휴머니즘이라고 한다. 인공지능의 부정적 영향으로 현존 일자리의 감소, 시스템 오류 발생과 이에 따른 보상, 인간 노동력에 대한 경시, 전투 로봇과 같은 자율 살상 무기에 대한 윤리적인 문제 등이 있다.",comprehension
156,https://ko.wikipedia.org/wiki/%EC%9D%B8%EA%B3%B5%EC%A7%80%EB%8A%A5,"인공지능 - 위키백과, 우리 모두의 백과사전",기술에 의한 실업,"지금까지 과학 기술은 일자리를 줄이기보다는 증가시키는 경향이 있었으나 경제학자들은 AI에 관해서는 미지의 영역이라고 인정한다. 경제학자들을 대상으로 한 설문에서 로봇과 AI의 사용 증가가 장기 실업자를 늘릴지에 대해 물은 결과 의견이 크게 분분했으며, 다만 늘어난 생산성이 재분배된다면 순이익이 될 수 있다는 데에 동의한다.
또한블루칼라직종을 위협하던 종래의 자동화와 달리 인공지능에 의한 자동화는 많은중산층의화이트칼라일자리도 위협할 수 있다는 점이 중대하게 받아들여진다.그 영향 범위도 매우 넓어서 법률 사무원에서 패스트푸드까지 다양한 직종이 큰 위기에 놓일 것이라 예측되는데, 한편으로 개인 건강 관리나 성직자 등 일부 직종은 오히려 수요가 증가할 수 있다고 예상된다.
김재인. 《인공지능의 시대, 인간을 다시 묻다》. 동아시아. 2017년.ISBN 978-89-6262-197-6
양자 컴퓨팅
알파-베타 가지치기
기술적 특이점초지능
위키미디어 공용에인공지능관련 미디어 분류가 있습니다.
〈인공지능〉.《두산세계대백과사전》. (주)두산.
영화 속의 인공지능 5부작- 인공지능을 다룬 명작 영화들을 소개하며, 주제별로 묶어 현재와 미래에 대한 질문을 던진다.
AI Study— 한국 최대의 인공지능 정보 구축 사이트
KAIST 인공지능 연구실- KAIST 인공지능 연구실로 다양한 연구 과제와 진행 상태를 볼 수 있다.
산업 혁명2차
인공 지능의 철학///
BnF 데이터
예일 LUX",43-0,인공지능에서 '기술에 의한 실업'은(는) 무엇을 다루나요?,"지금까지 과학 기술은 일자리를 줄이기보다는 증가시키는 경향이 있었으나 경제학자들은 AI에 관해서는 미지의 영역이라고 인정한다. 경제학자들을 대상으로 한 설문에서 로봇과 AI의 사용 증가가 장기 실업자를 늘릴지에 대해 물은 결과 의견이 크게 분분했으며, 다만 늘어난 생산성이 재분배된다면 순이익이 될 수 있다는 데에 동의한다.
또한블루칼라직종을 위협하던 종래의 자동화와 달리 인공지능에 의한 자동화는 많은중산층의화이트칼라일자리도 위협할 수 있다는 점이 중대하게 받아들여진다.그 영향 범위도 매우 넓어서 법률 사무원에서 패스트푸드까지 다양한 직종이 큰 위기에 놓일 것이라 예측되는데, 한편으로 개인 건강 관리나 성직자 등 일부 직종은 오히려 수요가 증가할 수 있다고 예상된다.
김재인. 《인공지능의 시대, 인간을 다시 묻다》. 동아시아. 2017년.ISBN 978-89-6262-197-6
양자 컴퓨팅
알파-베타 가지치기
기술적 특이점초지능
위키미디어 공용에인공지능관련 미디어 분류가 있습니다.
〈",summarization
157,https://ko.wikipedia.org/wiki/%EA%B8%B0%EA%B3%84_%ED%95%99%EC%8A%B5,"기계 학습 - 위키백과, 우리 모두의 백과사전",개요,"기계 학습(機械學習) 또는머신 러닝(영어:machine learning,ML)은 경험을 통해 자동으로 개선하는 컴퓨터알고리즘의 연구이다.방대한데이터를 분석해 '미래를 예측하는 기술'이자인공지능의 한 분야로 간주된다. 기계 학습은 복잡한 패턴에 대한 학습을 통해 상황에 대한 예측과 의사 결정을 돕는다.컴퓨터가 학습할 수 있도록 하는알고리즘과 기술을 개발하는 분야이다. 가령, 기계 학습을 통해서 수신한이메일이스팸인지 아닌지를 구분할 수 있도록 훈련할 수 있다.
기계 학습의 핵심은 표현(representation)과 일반화(generalization)에 있다. 표현이란 데이터의 평가이며, 일반화란 아직 알 수 없는 데이터에 대한 처리이다. 이는분야이기도 하다. 다양한 기계 학습의 응용이 존재한다.문자 인식은 이를 이용한 가장 잘 알려진 사례이다.
1959년,은 기계 학습을 ""기계가 일일이 코드로 명시하지 않은 동작을 데이터로부터 학습하여 실행할 수 있도록 하는 알고리즘을 개발하는 연구 분야""라고 정의하였다.
기계 학습에서의 일반화는훈련이후 새롭게 들어온 데이터를 정확히 처리할 수 있는 능력을 말한다.",0-0,기계 학습이란 무엇인가요?,"기계 학습(機械學習) 또는머신 러닝(영어:machine learning,ML)은 경험을 통해 자동으로 개선하는 컴퓨터알고리즘의 연구이다.방대한데이터를 분석해 '미래를 예측하는 기술'이자인공지능의 한 분야로 간주된다. 기계 학습은 복잡한 패턴에 대한 학습을 통해 상황에 대한 예측과 의사 결정을 돕는다.컴퓨터가 학습할 수 있도록 하는알고리즘과 기술을 개발하는 분야이다. 가령, 기계 학습을 통해서 수신한이메일이스팸인지 아닌지를 구분할 수 있도록 훈련할 수 있다.
기계 학습의 핵심은 표현(representation)과 일반화(generalization)에 있다. 표현이란 데이터의 평가이며, 일반화란 아직 알 수 없는 데이터에 대한 처리이다. 이는분야이기도 하다. 다양한 기계 학습의 응용이 존재한다.문자 인식은 이를 이용한 가장 잘 알려진 사례이다.
1959년,은 기계 학습을 ""기계가 일일이 코드로 명시하지 않은 동작을 데이터로부터 학습하여 실행할 수 있도록 하는 알고리즘을 개발하는 연구 분",summarization
158,https://ko.wikipedia.org/wiki/%EA%B8%B0%EA%B3%84_%ED%95%99%EC%8A%B5,"기계 학습 - 위키백과, 우리 모두의 백과사전",개요,"기계 학습(機械學習) 또는머신 러닝(영어:machine learning,ML)은 경험을 통해 자동으로 개선하는 컴퓨터알고리즘의 연구이다.방대한데이터를 분석해 '미래를 예측하는 기술'이자인공지능의 한 분야로 간주된다. 기계 학습은 복잡한 패턴에 대한 학습을 통해 상황에 대한 예측과 의사 결정을 돕는다.컴퓨터가 학습할 수 있도록 하는알고리즘과 기술을 개발하는 분야이다. 가령, 기계 학습을 통해서 수신한이메일이스팸인지 아닌지를 구분할 수 있도록 훈련할 수 있다.
기계 학습의 핵심은 표현(representation)과 일반화(generalization)에 있다. 표현이란 데이터의 평가이며, 일반화란 아직 알 수 없는 데이터에 대한 처리이다. 이는분야이기도 하다. 다양한 기계 학습의 응용이 존재한다.문자 인식은 이를 이용한 가장 잘 알려진 사례이다.
1959년,은 기계 학습을 ""기계가 일일이 코드로 명시하지 않은 동작을 데이터로부터 학습하여 실행할 수 있도록 하는 알고리즘을 개발하는 연구 분야""라고 정의하였다.
기계 학습에서의 일반화는훈련이후 새롭게 들어온 데이터를 정확히 처리할 수 있는 능력을 말한다.",0-0,과 일반화(generalization)의 정의를 설명해주세요.,기계 학습의 핵심은 표현(representation)과 일반화(generalization)에 있다.,definition
159,https://ko.wikipedia.org/wiki/%EA%B8%B0%EA%B3%84_%ED%95%99%EC%8A%B5,"기계 학습 - 위키백과, 우리 모두의 백과사전",개요,"기계 학습(機械學習) 또는머신 러닝(영어:machine learning,ML)은 경험을 통해 자동으로 개선하는 컴퓨터알고리즘의 연구이다.방대한데이터를 분석해 '미래를 예측하는 기술'이자인공지능의 한 분야로 간주된다. 기계 학습은 복잡한 패턴에 대한 학습을 통해 상황에 대한 예측과 의사 결정을 돕는다.컴퓨터가 학습할 수 있도록 하는알고리즘과 기술을 개발하는 분야이다. 가령, 기계 학습을 통해서 수신한이메일이스팸인지 아닌지를 구분할 수 있도록 훈련할 수 있다.
기계 학습의 핵심은 표현(representation)과 일반화(generalization)에 있다. 표현이란 데이터의 평가이며, 일반화란 아직 알 수 없는 데이터에 대한 처리이다. 이는분야이기도 하다. 다양한 기계 학습의 응용이 존재한다.문자 인식은 이를 이용한 가장 잘 알려진 사례이다.
1959년,은 기계 학습을 ""기계가 일일이 코드로 명시하지 않은 동작을 데이터로부터 학습하여 실행할 수 있도록 하는 알고리즘을 개발하는 연구 분야""라고 정의하였다.
기계 학습에서의 일반화는훈련이후 새롭게 들어온 데이터를 정확히 처리할 수 있는 능력을 말한다.",0-0,1959년에 인공지능 분야에서 어떤 일이 있었나요?,"1959년,은 기계 학습을 ""기계가 일일이 코드로 명시하지 않은 동작을 데이터로부터 학습하여 실행할 수 있도록 하는 알고리즘을 개발하는 연구 분야""라고 정의하였다.",temporal
160,https://ko.wikipedia.org/wiki/%EA%B8%B0%EA%B3%84_%ED%95%99%EC%8A%B5,"기계 학습 - 위키백과, 우리 모두의 백과사전",기계 학습과 데이터 마이닝,"기계 학습과 데이터 마이닝은 종종 같은 방법을 사용하며 상당히 중첩된다.
다만 다음에 따라 대략적으로 구분된다.
기계 학습은훈련 데이터를 통해 학습된 알려진 속성을 기반으로예측에 초점을 두고 있다.
데이터 마이닝은 데이터의 미처 몰랐던 속성을발견하는 것에 집중한다. 이는데이터베이스의지식 발견부분의 분석 절차에 해당한다.
이론 전산학의 한 갈래이다. 훈련 데이터는 유한한데, 결과는 불확실하다. 이는 학습 이론을 통해 알고리즘의 결과를 장담할 수 없기 때문이다. 또한 다른 용어를 사용함에도 불구하고통계적 추론과도 많은 유사점이 있다.",1-0,기계 학습에서 '기계 학습과 데이터 마이닝'은(는) 무엇을 다루나요?,"기계 학습과 데이터 마이닝은 종종 같은 방법을 사용하며 상당히 중첩된다.
다만 다음에 따라 대략적으로 구분된다.
기계 학습은훈련 데이터를 통해 학습된 알려진 속성을 기반으로예측에 초점을 두고 있다.
데이터 마이닝은 데이터의 미처 몰랐던 속성을발견하는 것에 집중한다. 이는데이터베이스의지식 발견부분의 분석 절차에 해당한다.
이론 전산학의 한 갈래이다. 훈련 데이터는 유한한데, 결과는 불확실하다. 이는 학습 이론을 통해 알고리즘의 결과를 장담할 수 없기 때문이다. 또한 다른 용어를 사용함에도 불구하고통계적 추론과도 많은 유사점이 있다.",summarization
161,https://ko.wikipedia.org/wiki/%EA%B8%B0%EA%B3%84_%ED%95%99%EC%8A%B5,"기계 학습 - 위키백과, 우리 모두의 백과사전",연관 규칙 학습법,"인공신경망(artificial neural network, ANN)은 기계학습과인지과학에서 생물학의 신경망에서 영감을 얻은 통계학적 학습알고리즘으로시냅스의 결합으로네트워크를 형성한인공 뉴런(노드)이 학습을 통해시냅스의 결합 세기를 변화시켜, 문제 해결 능력을 가지는 모델 전반을 가리킨다. 인공신경망에는 교사 신호(정답)의 입력에 의해서 문제에 최적화되어 가는교사 학습과 교사 신호를 필요로 하지 않는비교사 학습이 있다. 명확한 해답이 있는 경우에는 교사 학습이,데이터 클러스터링에는 비교사 학습이 이용된다. 다른 기계학습과 같이 신경망은 일반적으로 규칙기반 프로그래밍으로 풀기 어려운컴퓨터 비전또는음성 인식과 같은 다양한 범위의 문제를 푸는데 이용된다.",2-0,기계 학습에서 '연관 규칙 학습법'은(는) 무엇을 다루나요?,"인공신경망(artificial neural network, ANN)은 기계학습과인지과학에서 생물학의 신경망에서 영감을 얻은 통계학적 학습알고리즘으로시냅스의 결합으로네트워크를 형성한인공 뉴런(노드)이 학습을 통해시냅스의 결합 세기를 변화시켜, 문제 해결 능력을 가지는 모델 전반을 가리킨다. 인공신경망에는 교사 신호(정답)의 입력에 의해서 문제에 최적화되어 가는교사 학습과 교사 신호를 필요로 하지 않는비교사 학습이 있다. 명확한 해답이 있는 경우에는 교사 학습이,데이터 클러스터링에는 비교사 학습이 이용된다. 다른 기계학습과 같이 신경망은 일반적으로 규칙기반 프로그래밍으로 풀기 어려운컴퓨터 비전또는음성 인식과 같은 다양한 범위의 문제를 푸는데 이용된다.",summarization
162,https://ko.wikipedia.org/wiki/%EA%B8%B0%EA%B3%84_%ED%95%99%EC%8A%B5,"기계 학습 - 위키백과, 우리 모두의 백과사전",연관 규칙 학습법,"인공신경망(artificial neural network, ANN)은 기계학습과인지과학에서 생물학의 신경망에서 영감을 얻은 통계학적 학습알고리즘으로시냅스의 결합으로네트워크를 형성한인공 뉴런(노드)이 학습을 통해시냅스의 결합 세기를 변화시켜, 문제 해결 능력을 가지는 모델 전반을 가리킨다. 인공신경망에는 교사 신호(정답)의 입력에 의해서 문제에 최적화되어 가는교사 학습과 교사 신호를 필요로 하지 않는비교사 학습이 있다. 명확한 해답이 있는 경우에는 교사 학습이,데이터 클러스터링에는 비교사 학습이 이용된다. 다른 기계학습과 같이 신경망은 일반적으로 규칙기반 프로그래밍으로 풀기 어려운컴퓨터 비전또는음성 인식과 같은 다양한 범위의 문제를 푸는데 이용된다.",2-0,"인공신경망(artificial neural network, ANN)의 정의를 설명해주세요.","인공신경망(artificial neural network, ANN)은 기계학습과인지과학에서 생물학의 신경망에서 영감을 얻은 통계학적 학습알고리즘으로시냅스의 결합으로네트워크를 형성한인공 뉴런(노드)이 학습을 통해시냅스의 결합 세기를 변화시켜, 문제 해결 능력을 가지는 모델 전반을 가리킨다.",definition
163,https://ko.wikipedia.org/wiki/%EA%B8%B0%EA%B3%84_%ED%95%99%EC%8A%B5,"기계 학습 - 위키백과, 우리 모두의 백과사전",주제별 알고리즘,"선수 지식베이즈 이론
베이즈 이론
모형화인공 신경망결정 트리 학습법유전 알고리즘(Genetic Algorithm)K-최근접 이웃 알고리즘퍼셉트론서포트 벡터 머신(support vector machine)
인공 신경망
결정 트리 학습법
유전 알고리즘(Genetic Algorithm)
K-최근접 이웃 알고리즘
서포트 벡터 머신(support vector machine)
전철홍; 유선아 (2024년 2월).“과학교육 분야 자연어 처리 기법의 연구동향 분석”.《한국과학교육학회지》(한국과학교육학회)44(1): 39-55.
위키미디어 공용에기계 학습관련 미디어 분류가 있습니다.
에너지 소비(그린 컴퓨팅)
해석학 (수학)
인간-컴퓨터 상호 작용
ve미분 가능 컴퓨팅일반귀납적 편향신경형태 컴퓨팅자동 미분정보 기하학패턴 인식리치 미적분학하드웨어멤리스터TPUVPU소프트웨어 라이브러리JAX케라스PyTorchScikit-learn텐서플로포털
Scikit-learn
예일 LUX",3-0,기계 학습에서 '주제별 알고리즘'은(는) 무엇을 다루나요?,"선수 지식베이즈 이론
베이즈 이론
모형화인공 신경망결정 트리 학습법유전 알고리즘(Genetic Algorithm)K-최근접 이웃 알고리즘퍼셉트론서포트 벡터 머신(support vector machine)
인공 신경망
결정 트리 학습법
유전 알고리즘(Genetic Algorithm)
K-최근접 이웃 알고리즘
서포트 벡터 머신(support vector machine)
전철홍; 유선아 (2024년 2월).“과학교육 분야 자연어 처리 기법의 연구동향 분석”.《한국과학교육학회지》(한국과학교육학회)44(1): 39-55.
위키미디어 공용에기계 학습관련 미디어 분류가 있습니다.
에너지 소비(그린 컴퓨팅)
해석학 (수학)
인간-컴퓨터 상호 작용
ve미분 가능 컴퓨팅일반귀납적 편향신경형태 컴퓨팅자동 미분정보 기하학패턴 인식리치 미적분학하드웨어멤리스터TPUVPU소프트웨어 라이브러리JAX케라스PyTorchScikit-learn텐서플로포털
Scikit-learn
예일 LUX",summarization
164,https://ko.wikipedia.org/wiki/%EA%B8%B0%EA%B3%84_%ED%95%99%EC%8A%B5,"기계 학습 - 위키백과, 우리 모두의 백과사전",주제별 알고리즘,"선수 지식베이즈 이론
베이즈 이론
모형화인공 신경망결정 트리 학습법유전 알고리즘(Genetic Algorithm)K-최근접 이웃 알고리즘퍼셉트론서포트 벡터 머신(support vector machine)
인공 신경망
결정 트리 학습법
유전 알고리즘(Genetic Algorithm)
K-최근접 이웃 알고리즘
서포트 벡터 머신(support vector machine)
전철홍; 유선아 (2024년 2월).“과학교육 분야 자연어 처리 기법의 연구동향 분석”.《한국과학교육학회지》(한국과학교육학회)44(1): 39-55.
위키미디어 공용에기계 학습관련 미디어 분류가 있습니다.
에너지 소비(그린 컴퓨팅)
해석학 (수학)
인간-컴퓨터 상호 작용
ve미분 가능 컴퓨팅일반귀납적 편향신경형태 컴퓨팅자동 미분정보 기하학패턴 인식리치 미적분학하드웨어멤리스터TPUVPU소프트웨어 라이브러리JAX케라스PyTorchScikit-learn텐서플로포털
Scikit-learn
예일 LUX",3-0,신경망결정 트리 학습법유전 알고리즘(Genetic Algorithm)의 정의를 설명해주세요.,모형화인공 신경망결정 트리 학습법유전 알고리즘(Genetic Algorithm)K-최근접 이웃 알고리즘퍼셉트론서포트 벡터 머신(support vector machine),definition
165,https://ko.wikipedia.org/wiki/%EA%B8%B0%EA%B3%84_%ED%95%99%EC%8A%B5,"기계 학습 - 위키백과, 우리 모두의 백과사전",주제별 알고리즘,"선수 지식베이즈 이론
베이즈 이론
모형화인공 신경망결정 트리 학습법유전 알고리즘(Genetic Algorithm)K-최근접 이웃 알고리즘퍼셉트론서포트 벡터 머신(support vector machine)
인공 신경망
결정 트리 학습법
유전 알고리즘(Genetic Algorithm)
K-최근접 이웃 알고리즘
서포트 벡터 머신(support vector machine)
전철홍; 유선아 (2024년 2월).“과학교육 분야 자연어 처리 기법의 연구동향 분석”.《한국과학교육학회지》(한국과학교육학회)44(1): 39-55.
위키미디어 공용에기계 학습관련 미디어 분류가 있습니다.
에너지 소비(그린 컴퓨팅)
해석학 (수학)
인간-컴퓨터 상호 작용
ve미분 가능 컴퓨팅일반귀납적 편향신경형태 컴퓨팅자동 미분정보 기하학패턴 인식리치 미적분학하드웨어멤리스터TPUVPU소프트웨어 라이브러리JAX케라스PyTorchScikit-learn텐서플로포털
Scikit-learn
예일 LUX",3-0,이웃 알고리즘퍼셉트론서포트 벡터 머신(support vector machine)의 정의를 설명해주세요.,모형화인공 신경망결정 트리 학습법유전 알고리즘(Genetic Algorithm)K-최근접 이웃 알고리즘퍼셉트론서포트 벡터 머신(support vector machine),definition
166,https://ko.wikipedia.org/wiki/%EC%9E%90%EC%97%B0%EC%96%B4_%EC%B2%98%EB%A6%AC,"자연어 처리 - 위키백과, 우리 모두의 백과사전",개요,"자연어 처리(自然語處理, natural language processing,NLP) 또는자연 언어 처리(自然言語處理)는컴퓨터에 의한자연어정보의 처리이다. NLP는컴퓨터 과학의 하위 분야이며인공지능과 밀접하게 연관되어 있다. NLP는 또한정보 검색,지식 표현 및 추론,전산언어학, 그리고 더 넓게는언어학과 관련이 있다.
자연어를 컴퓨터가 이해하기 위해선프로그래밍 언어로 처리해야 하는데, 컴퓨터가 자연어를 인식 또는 생성할 수 있도록 하는 것을 말한다.NLP 시스템의 주요 처리 작업에는음성 인식,문서 분류,자연어 이해,자연어 생성이 포함된다.
자연 언어 처리는 연구 대상이 언어이기 때문에 당연하게도 언어 자체를 연구하는언어학및 언어 현상의 내적 기재를 탐구하는 언어 인지 과학과 연관이 깊다. 구현을 위해 수학적 통계적 도구를 많이 활용하며 특히기계학습도구를 많이 사용하는 대표적인 분야이다. 정보검색, QA 시스템, 문서 자동 분류, 신문기사클러스터링, 대화형 에이전트 등 다양한 응용이 이루어지고 있다.
자연어 처리는 1950년대에 그 뿌리를 두고 있다.이미 1950년에앨런 튜링은 ""계산 기계와 지능""이라는 제목의 논문을 발표하여 지능의 기준으로 현재튜링 검사라고 불리는 것을 제안했다. 비록 당시에는 그것이 인공지능과 분리된 문제로 명확히 표현되지는 않았지만, 제안된 테스트에는 자연어의 자동 해석 및 생성과 관련된 작업이 포함되어 있다.",0-0,자연어 처리이란 무엇인가요?,"자연어 처리(自然語處理, natural language processing,NLP) 또는자연 언어 처리(自然言語處理)는컴퓨터에 의한자연어정보의 처리이다. NLP는컴퓨터 과학의 하위 분야이며인공지능과 밀접하게 연관되어 있다. NLP는 또한정보 검색,지식 표현 및 추론,전산언어학, 그리고 더 넓게는언어학과 관련이 있다.
자연어를 컴퓨터가 이해하기 위해선프로그래밍 언어로 처리해야 하는데, 컴퓨터가 자연어를 인식 또는 생성할 수 있도록 하는 것을 말한다.NLP 시스템의 주요 처리 작업에는음성 인식,문서 분류,자연어 이해,자연어 생성이 포함된다.
자연 언어 처리는 연구 대상이 언어이기 때문에 당연하게도 언어 자체를 연구하는언어학및 언어 현상의 내적 기재를 탐구하는 언어 인지 과학과 연관이 깊다. 구현을 위해 수학적 통계적 도구를 많이 활용하며 특히기계학습도구를 많이 사용하는 대표적인 분야이다. 정보검색, QA 시스템, 문서 자동 분류, 신문기사클러스터링, 대화형 에이전트 등 다양한 응용이 이",summarization
167,https://ko.wikipedia.org/wiki/%EC%9E%90%EC%97%B0%EC%96%B4_%EC%B2%98%EB%A6%AC,"자연어 처리 - 위키백과, 우리 모두의 백과사전",개요,"자연어 처리(自然語處理, natural language processing,NLP) 또는자연 언어 처리(自然言語處理)는컴퓨터에 의한자연어정보의 처리이다. NLP는컴퓨터 과학의 하위 분야이며인공지능과 밀접하게 연관되어 있다. NLP는 또한정보 검색,지식 표현 및 추론,전산언어학, 그리고 더 넓게는언어학과 관련이 있다.
자연어를 컴퓨터가 이해하기 위해선프로그래밍 언어로 처리해야 하는데, 컴퓨터가 자연어를 인식 또는 생성할 수 있도록 하는 것을 말한다.NLP 시스템의 주요 처리 작업에는음성 인식,문서 분류,자연어 이해,자연어 생성이 포함된다.
자연 언어 처리는 연구 대상이 언어이기 때문에 당연하게도 언어 자체를 연구하는언어학및 언어 현상의 내적 기재를 탐구하는 언어 인지 과학과 연관이 깊다. 구현을 위해 수학적 통계적 도구를 많이 활용하며 특히기계학습도구를 많이 사용하는 대표적인 분야이다. 정보검색, QA 시스템, 문서 자동 분류, 신문기사클러스터링, 대화형 에이전트 등 다양한 응용이 이루어지고 있다.
자연어 처리는 1950년대에 그 뿌리를 두고 있다.이미 1950년에앨런 튜링은 ""계산 기계와 지능""이라는 제목의 논문을 발표하여 지능의 기준으로 현재튜링 검사라고 불리는 것을 제안했다. 비록 당시에는 그것이 인공지능과 분리된 문제로 명확히 표현되지는 않았지만, 제안된 테스트에는 자연어의 자동 해석 및 생성과 관련된 작업이 포함되어 있다.",0-0,1950년에 인공지능 분야에서 어떤 일이 있었나요?,자연어 처리는 1950년대에 그 뿌리를 두고 있다.,temporal
168,https://ko.wikipedia.org/wiki/%EC%9E%90%EC%97%B0%EC%96%B4_%EC%B2%98%EB%A6%AC,"자연어 처리 - 위키백과, 우리 모두의 백과사전",기호주의 NLP (1950년대 – 1990년대 초반),"기호주의 NLP의 전제는의중국어 방사고 실험을 통해 종종 설명된다. 규칙 모음(예: 질문과 일치하는 답변이 있는 중국어 회화집)이 주어지면, 컴퓨터는 직면한 데이터에 해당 규칙을 적용함으로써 자연어 이해(또는 기타 NLP 작업)를 모방한다. 1950년대: 1954년의은 60개 이상의 러시아어 문장을 영어로 완전히자동 번역하는 과정을 포함했다. 저자들은 3~5년 안에 기계 번역 문제가 해결될 것이라고 주장했다.그러나 실제 진전은 훨씬 더뎠고, 10년간의 연구가 기대에 미치지 못했다는 1966년의보고서 이후 기계 번역에 대한 자금 지원이 급격히 줄어들었다. 1980년대 후반 최초의통계적 기계 번역시스템이 개발될 때까지 미국에서는 기계 번역에 대한 추가 연구가 거의 수행되지 않았다(다만 일본이나 유럽 등 다른 지역에서는 일부 연구가 계속되었다).
1960년대: 1960년대에 개발된 주목할 만한 성공적인 자연어 처리 시스템으로는 제한된 어휘를 가진 제한된 """"에서 작동하는 자연어 시스템인SHRDLU와, 1964년에서 1966년 사이에조셉 웨이젠바움이 작성한 로저스식 심리 치료 시뮬레이션인ELIZA가 있었다. 인간의 생각이나 감정에 대한 최소한의 정보만을 사용했음에도 불구하고, ELIZA는 인간과 유사한 상호작용을 만들어낼 수 있었다. ""환자""가 아주 작은 지식 베이스를 초과할 때 ELIZA는 일반적인 응답을 제공할 수 있었는데, 예를 들어 ""머리가 아파요""라는 말에 ""왜 머리가 아프다고 말씀하시나요?""라고 답하는 식이었다.",1-0,자연어 처리에서 '기호주의 NLP (1950년대 – 1990년대 초반)'은(는) 무엇을 다루나요?,"기호주의 NLP의 전제는의중국어 방사고 실험을 통해 종종 설명된다. 규칙 모음(예: 질문과 일치하는 답변이 있는 중국어 회화집)이 주어지면, 컴퓨터는 직면한 데이터에 해당 규칙을 적용함으로써 자연어 이해(또는 기타 NLP 작업)를 모방한다. 1950년대: 1954년의은 60개 이상의 러시아어 문장을 영어로 완전히자동 번역하는 과정을 포함했다. 저자들은 3~5년 안에 기계 번역 문제가 해결될 것이라고 주장했다.그러나 실제 진전은 훨씬 더뎠고, 10년간의 연구가 기대에 미치지 못했다는 1966년의보고서 이후 기계 번역에 대한 자금 지원이 급격히 줄어들었다. 1980년대 후반 최초의통계적 기계 번역시스템이 개발될 때까지 미국에서는 기계 번역에 대한 추가 연구가 거의 수행되지 않았다(다만 일본이나 유럽 등 다른 지역에서는 일부 연구가 계속되었다).
1960년대: 1960년대에 개발된 주목할 만한 성공적인 자연어 처리 시스템으로는 제한된 어휘를 가진 제한된 """"에서 작동하는 자연어 시스템인S",summarization
169,https://ko.wikipedia.org/wiki/%EC%9E%90%EC%97%B0%EC%96%B4_%EC%B2%98%EB%A6%AC,"자연어 처리 - 위키백과, 우리 모두의 백과사전",기호주의 NLP (1950년대 – 1990년대 초반),"기호주의 NLP의 전제는의중국어 방사고 실험을 통해 종종 설명된다. 규칙 모음(예: 질문과 일치하는 답변이 있는 중국어 회화집)이 주어지면, 컴퓨터는 직면한 데이터에 해당 규칙을 적용함으로써 자연어 이해(또는 기타 NLP 작업)를 모방한다. 1950년대: 1954년의은 60개 이상의 러시아어 문장을 영어로 완전히자동 번역하는 과정을 포함했다. 저자들은 3~5년 안에 기계 번역 문제가 해결될 것이라고 주장했다.그러나 실제 진전은 훨씬 더뎠고, 10년간의 연구가 기대에 미치지 못했다는 1966년의보고서 이후 기계 번역에 대한 자금 지원이 급격히 줄어들었다. 1980년대 후반 최초의통계적 기계 번역시스템이 개발될 때까지 미국에서는 기계 번역에 대한 추가 연구가 거의 수행되지 않았다(다만 일본이나 유럽 등 다른 지역에서는 일부 연구가 계속되었다).
1960년대: 1960년대에 개발된 주목할 만한 성공적인 자연어 처리 시스템으로는 제한된 어휘를 가진 제한된 """"에서 작동하는 자연어 시스템인SHRDLU와, 1964년에서 1966년 사이에조셉 웨이젠바움이 작성한 로저스식 심리 치료 시뮬레이션인ELIZA가 있었다. 인간의 생각이나 감정에 대한 최소한의 정보만을 사용했음에도 불구하고, ELIZA는 인간과 유사한 상호작용을 만들어낼 수 있었다. ""환자""가 아주 작은 지식 베이스를 초과할 때 ELIZA는 일반적인 응답을 제공할 수 있었는데, 예를 들어 ""머리가 아파요""라는 말에 ""왜 머리가 아프다고 말씀하시나요?""라고 답하는 식이었다.",1-0,1950년에 인공지능 분야에서 어떤 일이 있었나요?,1950년대: 1954년의은 60개 이상의 러시아어 문장을 영어로 완전히자동 번역하는 과정을 포함했다.,temporal
170,https://ko.wikipedia.org/wiki/%EC%9E%90%EC%97%B0%EC%96%B4_%EC%B2%98%EB%A6%AC,"자연어 처리 - 위키백과, 우리 모두의 백과사전",기호주의 NLP (1950년대 – 1990년대 초반),"기호주의 NLP의 전제는의중국어 방사고 실험을 통해 종종 설명된다. 규칙 모음(예: 질문과 일치하는 답변이 있는 중국어 회화집)이 주어지면, 컴퓨터는 직면한 데이터에 해당 규칙을 적용함으로써 자연어 이해(또는 기타 NLP 작업)를 모방한다. 1950년대: 1954년의은 60개 이상의 러시아어 문장을 영어로 완전히자동 번역하는 과정을 포함했다. 저자들은 3~5년 안에 기계 번역 문제가 해결될 것이라고 주장했다.그러나 실제 진전은 훨씬 더뎠고, 10년간의 연구가 기대에 미치지 못했다는 1966년의보고서 이후 기계 번역에 대한 자금 지원이 급격히 줄어들었다. 1980년대 후반 최초의통계적 기계 번역시스템이 개발될 때까지 미국에서는 기계 번역에 대한 추가 연구가 거의 수행되지 않았다(다만 일본이나 유럽 등 다른 지역에서는 일부 연구가 계속되었다).
1960년대: 1960년대에 개발된 주목할 만한 성공적인 자연어 처리 시스템으로는 제한된 어휘를 가진 제한된 """"에서 작동하는 자연어 시스템인SHRDLU와, 1964년에서 1966년 사이에조셉 웨이젠바움이 작성한 로저스식 심리 치료 시뮬레이션인ELIZA가 있었다. 인간의 생각이나 감정에 대한 최소한의 정보만을 사용했음에도 불구하고, ELIZA는 인간과 유사한 상호작용을 만들어낼 수 있었다. ""환자""가 아주 작은 지식 베이스를 초과할 때 ELIZA는 일반적인 응답을 제공할 수 있었는데, 예를 들어 ""머리가 아파요""라는 말에 ""왜 머리가 아프다고 말씀하시나요?""라고 답하는 식이었다.",1-0,1966년에 인공지능 분야에서 어떤 일이 있었나요?,"그러나 실제 진전은 훨씬 더뎠고, 10년간의 연구가 기대에 미치지 못했다는 1966년의보고서 이후 기계 번역에 대한 자금 지원이 급격히 줄어들었다.",temporal
171,https://ko.wikipedia.org/wiki/%EC%9E%90%EC%97%B0%EC%96%B4_%EC%B2%98%EB%A6%AC,"자연어 처리 - 위키백과, 우리 모두의 백과사전",기호주의 NLP (1950년대 – 1990년대 초반),"로스 퀼리언의 자연어 연구는 당시 컴퓨터 메모리에 들어갈 수 있는 전부였던 단 20개의 단어만으로 성공적으로 시연되었다. 1970년대: 1970년대 동안 많은 프로그래머들은 현실 세계의 정보를 컴퓨터가 이해할 수 있는 데이터로 구조화하는 ""개념적온톨로지""를 작성하기 시작했다. MARGIE (Schank, 1975), SAM (Cullingford, 1978), PAM (Wilensky, 1978), TaleSpin (Meehan, 1976), QUALM (Lehnert, 1977), Politics (Carbonell, 1979), Plot Units (Lehnert 1981) 등이 그 예이다. 이 시기에 최초의챗봇(예:PARRY)들이 작성되었다. 1980년대: 1980년대와 1990년대 초반은 NLP에서 기호주의 방법론의 전성기였다. 당시의 집중 분야는 규칙 기반 구문 분석 연구(예:생성문법을 계산적으로 구현한HPSG의 개발), 형태론(예: 2단계 형태론), 의미론(예: Lesk 알고리즘), 참조(예: 중심화 이론) 및 자연어 이해의 다른 영역(예: 수사 구조 이론)이 포함되었다. Racter나Jabberwacky와 같은 챗봇 개발 등 다른 연구 라인도 계속되었다. (결국 1990년대 통계적 전환으로 이어진) 중요한 발전은 이 시기에 정량적 평가의 중요성이 커진 것이었다.",1-1,1970년에 인공지능 분야에서 어떤 일이 있었나요?,"1970년대: 1970년대 동안 많은 프로그래머들은 현실 세계의 정보를 컴퓨터가 이해할 수 있는 데이터로 구조화하는 ""개념적온톨로지""를 작성하기 시작했다.",temporal
172,https://ko.wikipedia.org/wiki/%EC%9E%90%EC%97%B0%EC%96%B4_%EC%B2%98%EB%A6%AC,"자연어 처리 - 위키백과, 우리 모두의 백과사전",기호주의 NLP (1950년대 – 1990년대 초반),"로스 퀼리언의 자연어 연구는 당시 컴퓨터 메모리에 들어갈 수 있는 전부였던 단 20개의 단어만으로 성공적으로 시연되었다. 1970년대: 1970년대 동안 많은 프로그래머들은 현실 세계의 정보를 컴퓨터가 이해할 수 있는 데이터로 구조화하는 ""개념적온톨로지""를 작성하기 시작했다. MARGIE (Schank, 1975), SAM (Cullingford, 1978), PAM (Wilensky, 1978), TaleSpin (Meehan, 1976), QUALM (Lehnert, 1977), Politics (Carbonell, 1979), Plot Units (Lehnert 1981) 등이 그 예이다. 이 시기에 최초의챗봇(예:PARRY)들이 작성되었다. 1980년대: 1980년대와 1990년대 초반은 NLP에서 기호주의 방법론의 전성기였다. 당시의 집중 분야는 규칙 기반 구문 분석 연구(예:생성문법을 계산적으로 구현한HPSG의 개발), 형태론(예: 2단계 형태론), 의미론(예: Lesk 알고리즘), 참조(예: 중심화 이론) 및 자연어 이해의 다른 영역(예: 수사 구조 이론)이 포함되었다. Racter나Jabberwacky와 같은 챗봇 개발 등 다른 연구 라인도 계속되었다. (결국 1990년대 통계적 전환으로 이어진) 중요한 발전은 이 시기에 정량적 평가의 중요성이 커진 것이었다.",1-1,1980년에 인공지능 분야에서 어떤 일이 있었나요?,1980년대: 1980년대와 1990년대 초반은 NLP에서 기호주의 방법론의 전성기였다.,temporal
173,https://ko.wikipedia.org/wiki/%EC%9E%90%EC%97%B0%EC%96%B4_%EC%B2%98%EB%A6%AC,"자연어 처리 - 위키백과, 우리 모두의 백과사전",통계적 NLP (1990년대–현재),"1980년대까지 대부분의 자연어 처리 시스템은 복잡한 수작업 규칙 세트에 기반했다. 그러나 1980년대 후반부터 언어 처리를 위한기계 학습알고리즘이 도입되면서 자연어 처리에 혁명이 일어났다. 이러한 변화는 컴퓨팅 파워의 증가(무어의 법칙참조)와촘스키언어 이론(예:변형생성문법)의 지배력 약화에 영향을 받았다. 촘스키 이론의 이론적 토대는 기계 학습 접근 방식의 기초가 되는말뭉치언어학과 같은 방식을 권장하지 않았기 때문이다. 1990년대: 통계적 NLP 방법의 주목할 만한 초기 성공의 상당수는기계 번역분야에서 일어났으며, 특히과 같은 IBM 리서치의 연구 덕분이었다. 이러한 시스템은 모든 정부 의사록을 모든 공식 언어로 번역하도록 규정한 법률 덕분에캐나다 의회와유럽 연합에서 생성된 기존의 다국어말뭉치를 활용할 수 있었다. 그러나 많은 시스템은 수행하도록 설계된 작업을 위해 특별히 개발된 말뭉치에 의존했다. 이러한 의존성은 광범위한 효과를 내는 데 주요 한계가 되었으며 유사한 시스템에 계속 영향을 미치고 있다. 결과적으로 제한된 양의 데이터로부터 효과적으로 학습하는 방법에 많은 연구가 집중되었다. 2000년대: 웹의 성장과 함께 1990년대 중반 이후 점점 더 많은 가공되지 않은(주석이 달리지 않은) 언어 데이터를 사용할 수 있게 되었다. 이에 따라 연구는 점차비지도 학습및준지도 학습알고리즘에 집중되었다. 이러한 알고리즘은 원하는 정답이 수작업으로 주석 달리지 않은 데이터나, 주석이 달린 데이터와 달리지 않은 데이터의 조합을 통해 학습할 수 있다.",2-0,자연어 처리에서 '통계적 NLP (1990년대–현재)'은(는) 무엇을 다루나요?,"1980년대까지 대부분의 자연어 처리 시스템은 복잡한 수작업 규칙 세트에 기반했다. 그러나 1980년대 후반부터 언어 처리를 위한기계 학습알고리즘이 도입되면서 자연어 처리에 혁명이 일어났다. 이러한 변화는 컴퓨팅 파워의 증가(무어의 법칙참조)와촘스키언어 이론(예:변형생성문법)의 지배력 약화에 영향을 받았다. 촘스키 이론의 이론적 토대는 기계 학습 접근 방식의 기초가 되는말뭉치언어학과 같은 방식을 권장하지 않았기 때문이다. 1990년대: 통계적 NLP 방법의 주목할 만한 초기 성공의 상당수는기계 번역분야에서 일어났으며, 특히과 같은 IBM 리서치의 연구 덕분이었다. 이러한 시스템은 모든 정부 의사록을 모든 공식 언어로 번역하도록 규정한 법률 덕분에캐나다 의회와유럽 연합에서 생성된 기존의 다국어말뭉치를 활용할 수 있었다. 그러나 많은 시스템은 수행하도록 설계된 작업을 위해 특별히 개발된 말뭉치에 의존했다. 이러한 의존성은 광범위한 효과를 내는 데 주요 한계가 되었으며 유사한 시스템에 계",summarization
174,https://ko.wikipedia.org/wiki/%EC%9E%90%EC%97%B0%EC%96%B4_%EC%B2%98%EB%A6%AC,"자연어 처리 - 위키백과, 우리 모두의 백과사전",통계적 NLP (1990년대–현재),"1980년대까지 대부분의 자연어 처리 시스템은 복잡한 수작업 규칙 세트에 기반했다. 그러나 1980년대 후반부터 언어 처리를 위한기계 학습알고리즘이 도입되면서 자연어 처리에 혁명이 일어났다. 이러한 변화는 컴퓨팅 파워의 증가(무어의 법칙참조)와촘스키언어 이론(예:변형생성문법)의 지배력 약화에 영향을 받았다. 촘스키 이론의 이론적 토대는 기계 학습 접근 방식의 기초가 되는말뭉치언어학과 같은 방식을 권장하지 않았기 때문이다. 1990년대: 통계적 NLP 방법의 주목할 만한 초기 성공의 상당수는기계 번역분야에서 일어났으며, 특히과 같은 IBM 리서치의 연구 덕분이었다. 이러한 시스템은 모든 정부 의사록을 모든 공식 언어로 번역하도록 규정한 법률 덕분에캐나다 의회와유럽 연합에서 생성된 기존의 다국어말뭉치를 활용할 수 있었다. 그러나 많은 시스템은 수행하도록 설계된 작업을 위해 특별히 개발된 말뭉치에 의존했다. 이러한 의존성은 광범위한 효과를 내는 데 주요 한계가 되었으며 유사한 시스템에 계속 영향을 미치고 있다. 결과적으로 제한된 양의 데이터로부터 효과적으로 학습하는 방법에 많은 연구가 집중되었다. 2000년대: 웹의 성장과 함께 1990년대 중반 이후 점점 더 많은 가공되지 않은(주석이 달리지 않은) 언어 데이터를 사용할 수 있게 되었다. 이에 따라 연구는 점차비지도 학습및준지도 학습알고리즘에 집중되었다. 이러한 알고리즘은 원하는 정답이 수작업으로 주석 달리지 않은 데이터나, 주석이 달린 데이터와 달리지 않은 데이터의 조합을 통해 학습할 수 있다.",2-0,1980년에 인공지능 분야에서 어떤 일이 있었나요?,1980년대까지 대부분의 자연어 처리 시스템은 복잡한 수작업 규칙 세트에 기반했다.,temporal
175,https://ko.wikipedia.org/wiki/%EC%9E%90%EC%97%B0%EC%96%B4_%EC%B2%98%EB%A6%AC,"자연어 처리 - 위키백과, 우리 모두의 백과사전",통계적 NLP (1990년대–현재),"1980년대까지 대부분의 자연어 처리 시스템은 복잡한 수작업 규칙 세트에 기반했다. 그러나 1980년대 후반부터 언어 처리를 위한기계 학습알고리즘이 도입되면서 자연어 처리에 혁명이 일어났다. 이러한 변화는 컴퓨팅 파워의 증가(무어의 법칙참조)와촘스키언어 이론(예:변형생성문법)의 지배력 약화에 영향을 받았다. 촘스키 이론의 이론적 토대는 기계 학습 접근 방식의 기초가 되는말뭉치언어학과 같은 방식을 권장하지 않았기 때문이다. 1990년대: 통계적 NLP 방법의 주목할 만한 초기 성공의 상당수는기계 번역분야에서 일어났으며, 특히과 같은 IBM 리서치의 연구 덕분이었다. 이러한 시스템은 모든 정부 의사록을 모든 공식 언어로 번역하도록 규정한 법률 덕분에캐나다 의회와유럽 연합에서 생성된 기존의 다국어말뭉치를 활용할 수 있었다. 그러나 많은 시스템은 수행하도록 설계된 작업을 위해 특별히 개발된 말뭉치에 의존했다. 이러한 의존성은 광범위한 효과를 내는 데 주요 한계가 되었으며 유사한 시스템에 계속 영향을 미치고 있다. 결과적으로 제한된 양의 데이터로부터 효과적으로 학습하는 방법에 많은 연구가 집중되었다. 2000년대: 웹의 성장과 함께 1990년대 중반 이후 점점 더 많은 가공되지 않은(주석이 달리지 않은) 언어 데이터를 사용할 수 있게 되었다. 이에 따라 연구는 점차비지도 학습및준지도 학습알고리즘에 집중되었다. 이러한 알고리즘은 원하는 정답이 수작업으로 주석 달리지 않은 데이터나, 주석이 달린 데이터와 달리지 않은 데이터의 조합을 통해 학습할 수 있다.",2-0,1990년에 인공지능 분야에서 어떤 일이 있었나요?,"1990년대: 통계적 NLP 방법의 주목할 만한 초기 성공의 상당수는기계 번역분야에서 일어났으며, 특히과 같은 IBM 리서치의 연구 덕분이었다.",temporal
176,https://ko.wikipedia.org/wiki/%EC%9E%90%EC%97%B0%EC%96%B4_%EC%B2%98%EB%A6%AC,"자연어 처리 - 위키백과, 우리 모두의 백과사전",통계적 NLP (1990년대–현재),"일반적으로 이 작업은지도 학습보다 훨씬 어렵고 동일한 양의 입력 데이터에 대해 일반적으로 덜 정확한 결과를 생성한다. 그러나 주석이 달리지 않은 방대한 양의 데이터(월드 와이드 웹의 전체 콘텐츠 포함)를 사용할 수 있으므로, 사용된 알고리즘의시간 복잡도가 실용적일 만큼 충분히 낮다면 낮은 효율성을 보충할 수 있는 경우가 많다. 2003년:당시 최고의 통계 알고리즘이었던단어 n-그램 모델이 (요슈아 벤지오등에 의해 수천만 개의 단어로 훈련되고 하나의 은닉층과 여러 단어의 문맥 길이를 가진)다층 퍼셉트론에 의해 추월당했다. 2010년:(당시박사과정생)는 공동 저자들과 함께 단일 은닉층을 가진 단순순환 신경망을 언어 모델링에 적용했고,이후 몇 년 동안Word2vec을 개발했다. 2010년대에는표현 학습및심층 신경망스타일(많은 은닉층을 특징으로 함) 기계 학습 방법이 자연어 처리에서 널리 보급되었다. 이러한 전환은 그러한 기술이언어 모델링및 구문 분석과 같은 많은 자연어 작업에서 최첨단 결과를 달성할 수 있음을 보여주는 결과로 인해 탄력을 받았다. 이는의료 및 건강 관리분야에서 점점 더 중요해지고 있는데, 여기서 NLP는 치료를 개선하거나 환자의 개인 정보를 보호하기 위해 연구가 어려운전자의무기록내의 노트와 텍스트를 분석하는 데 도움을 준다.",2-1,2003년에 인공지능 분야에서 어떤 일이 있었나요?,2003년:당시 최고의 통계 알고리즘이었던단어 n-그램 모델이 (요슈아 벤지오등에 의해 수천만 개의 단어로 훈련되고 하나의 은닉층과 여러 단어의 문맥 길이를 가진)다층 퍼셉트론에 의해 추월당했다.,temporal
177,https://ko.wikipedia.org/wiki/%EC%9E%90%EC%97%B0%EC%96%B4_%EC%B2%98%EB%A6%AC,"자연어 처리 - 위키백과, 우리 모두의 백과사전",통계적 NLP (1990년대–현재),"일반적으로 이 작업은지도 학습보다 훨씬 어렵고 동일한 양의 입력 데이터에 대해 일반적으로 덜 정확한 결과를 생성한다. 그러나 주석이 달리지 않은 방대한 양의 데이터(월드 와이드 웹의 전체 콘텐츠 포함)를 사용할 수 있으므로, 사용된 알고리즘의시간 복잡도가 실용적일 만큼 충분히 낮다면 낮은 효율성을 보충할 수 있는 경우가 많다. 2003년:당시 최고의 통계 알고리즘이었던단어 n-그램 모델이 (요슈아 벤지오등에 의해 수천만 개의 단어로 훈련되고 하나의 은닉층과 여러 단어의 문맥 길이를 가진)다층 퍼셉트론에 의해 추월당했다. 2010년:(당시박사과정생)는 공동 저자들과 함께 단일 은닉층을 가진 단순순환 신경망을 언어 모델링에 적용했고,이후 몇 년 동안Word2vec을 개발했다. 2010년대에는표현 학습및심층 신경망스타일(많은 은닉층을 특징으로 함) 기계 학습 방법이 자연어 처리에서 널리 보급되었다. 이러한 전환은 그러한 기술이언어 모델링및 구문 분석과 같은 많은 자연어 작업에서 최첨단 결과를 달성할 수 있음을 보여주는 결과로 인해 탄력을 받았다. 이는의료 및 건강 관리분야에서 점점 더 중요해지고 있는데, 여기서 NLP는 치료를 개선하거나 환자의 개인 정보를 보호하기 위해 연구가 어려운전자의무기록내의 노트와 텍스트를 분석하는 데 도움을 준다.",2-1,2010년에 인공지능 분야에서 어떤 일이 있었나요?,"2010년:(당시박사과정생)는 공동 저자들과 함께 단일 은닉층을 가진 단순순환 신경망을 언어 모델링에 적용했고,이후 몇 년 동안Word2vec을 개발했다.",temporal
178,https://ko.wikipedia.org/wiki/%EC%9E%90%EC%97%B0%EC%96%B4_%EC%B2%98%EB%A6%AC,"자연어 처리 - 위키백과, 우리 모두의 백과사전","접근 방식: 기호주의, 통계, 인공 신경망","기호주의 접근 방식, 즉 기호를 조작하기 위한 규칙 세트의 수작업 코딩과 사전 조회를 결합한 방식은 역사적으로 일반적인 AI와 특히 NLP 모두에서 사용된 최초의 접근 방식이었다.예를 들어 문법을 작성하거나어간 추출을 위한 휴리스틱 규칙을 고안하는 방식이 있다.
반면 통계 및 신경망을 모두 포함하는기계 학습접근 방식은 기호주의 접근 방식에 비해 많은 장점을 가진다.
통계 및 신경망 방법은 텍스트 말뭉치에서 추출된 가장 일반적인 사례에 더 집중할 수 있는 반면, 규칙 기반 접근 방식은 희귀한 사례와 일반적인 사례 모두에 대해 동등하게 규칙을 제공해야 한다.
통계 또는 신경망 방식에 의해 생성된언어 모델은 규칙 기반 시스템에 비해 낯선 입력(예: 이전에 본 적 없는 단어나 구조 포함)과 오류가 있는 입력(예: 오타가 있거나 실수로 단어가 누락된 경우) 모두에 대해 더 견고하며, 제작 비용도 적게 든다.
이러한 (확률적) 언어 모델은 규모가 커질수록 더 정확해지는 반면, 규칙 기반 시스템은 규칙의 양과 복잡성을 늘려야만 정확도를 높일 수 있어해결 불가능한 문제를 야기할 수 있다.
규칙 기반 시스템은 다음과 같은 경우에 흔히 사용된다.
훈련 데이터의 양이 기계 학습 방법을 성공적으로 적용하기에 불충분한 경우(예:Apertium시스템에서 제공하는 저자원 언어의 기계 번역).
NLP 파이프라인의 전처리(예:토큰화).
NLP 파이프라인 출력의 후처리 및 변환(예: 구문 분석 결과로부터지식 추출).",3-0,"자연어 처리에서 '접근 방식: 기호주의, 통계, 인공 신경망'은(는) 무엇을 다루나요?","기호주의 접근 방식, 즉 기호를 조작하기 위한 규칙 세트의 수작업 코딩과 사전 조회를 결합한 방식은 역사적으로 일반적인 AI와 특히 NLP 모두에서 사용된 최초의 접근 방식이었다.예를 들어 문법을 작성하거나어간 추출을 위한 휴리스틱 규칙을 고안하는 방식이 있다.
반면 통계 및 신경망을 모두 포함하는기계 학습접근 방식은 기호주의 접근 방식에 비해 많은 장점을 가진다.
통계 및 신경망 방법은 텍스트 말뭉치에서 추출된 가장 일반적인 사례에 더 집중할 수 있는 반면, 규칙 기반 접근 방식은 희귀한 사례와 일반적인 사례 모두에 대해 동등하게 규칙을 제공해야 한다.
통계 또는 신경망 방식에 의해 생성된언어 모델은 규칙 기반 시스템에 비해 낯선 입력(예: 이전에 본 적 없는 단어나 구조 포함)과 오류가 있는 입력(예: 오타가 있거나 실수로 단어가 누락된 경우) 모두에 대해 더 견고하며, 제작 비용도 적게 든다.
이러한 (확률적) 언어 모델은 규모가 커질수록 더 정확해지는 반면, 규칙 기반 시스템",summarization
179,https://ko.wikipedia.org/wiki/%EC%9E%90%EC%97%B0%EC%96%B4_%EC%B2%98%EB%A6%AC,"자연어 처리 - 위키백과, 우리 모두의 백과사전",통계적 접근 방식,"1980년대 후반과 1990년대 중반에 통계적 접근 방식은 규칙 기반 접근 방식의 비효율성으로 인해 발생했던AI 겨울의 시기를 끝냈다.
엄격한if-then 규칙시스템을 생성하는 초기결정 트리는 여전히 기존의 규칙 기반 접근 방식과 매우 유사했다. 품사 태깅에 적용된 은닉마르코프 모형의 도입만이 기존 규칙 기반 방식의 종말을 알렸다.",4-0,자연어 처리에서 '통계적 접근 방식'은(는) 무엇을 다루나요?,"1980년대 후반과 1990년대 중반에 통계적 접근 방식은 규칙 기반 접근 방식의 비효율성으로 인해 발생했던AI 겨울의 시기를 끝냈다.
엄격한if-then 규칙시스템을 생성하는 초기결정 트리는 여전히 기존의 규칙 기반 접근 방식과 매우 유사했다. 품사 태깅에 적용된 은닉마르코프 모형의 도입만이 기존 규칙 기반 방식의 종말을 알렸다.",summarization
180,https://ko.wikipedia.org/wiki/%EC%9E%90%EC%97%B0%EC%96%B4_%EC%B2%98%EB%A6%AC,"자연어 처리 - 위키백과, 우리 모두의 백과사전",통계적 접근 방식,"1980년대 후반과 1990년대 중반에 통계적 접근 방식은 규칙 기반 접근 방식의 비효율성으로 인해 발생했던AI 겨울의 시기를 끝냈다.
엄격한if-then 규칙시스템을 생성하는 초기결정 트리는 여전히 기존의 규칙 기반 접근 방식과 매우 유사했다. 품사 태깅에 적용된 은닉마르코프 모형의 도입만이 기존 규칙 기반 방식의 종말을 알렸다.",4-0,1980년에 인공지능 분야에서 어떤 일이 있었나요?,1980년대 후반과 1990년대 중반에 통계적 접근 방식은 규칙 기반 접근 방식의 비효율성으로 인해 발생했던AI 겨울의 시기를 끝냈다.,temporal
181,https://ko.wikipedia.org/wiki/%EC%9E%90%EC%97%B0%EC%96%B4_%EC%B2%98%EB%A6%AC,"자연어 처리 - 위키백과, 우리 모두의 백과사전",인공 신경망,"통계적 방법의 주요 단점은 정교한특징 공학이 필요하다는 점이다. 2015년부터인공 신경망기반 방법은 단어의 의미적 특성을 포착하기 위해시맨틱 네트워크와워드 임베딩을 사용하여 전통적인 통계적 접근 방식을 점차 대체해 왔다.
중간 작업(예: 품사 태깅 및 의존 구문 분석)은 더 이상 필요하지 않게 되었다.
당시 새로 발명된시퀀스 투 시퀀스변환에 기반한신경망 기계 번역은 이전에통계적 기계 번역에 필요했던 단어 정렬과 같은 중간 단계를 불필요하게 만들었다.",5-0,자연어 처리에서 '인공 신경망'은(는) 무엇을 다루나요?,"통계적 방법의 주요 단점은 정교한특징 공학이 필요하다는 점이다. 2015년부터인공 신경망기반 방법은 단어의 의미적 특성을 포착하기 위해시맨틱 네트워크와워드 임베딩을 사용하여 전통적인 통계적 접근 방식을 점차 대체해 왔다.
중간 작업(예: 품사 태깅 및 의존 구문 분석)은 더 이상 필요하지 않게 되었다.
당시 새로 발명된시퀀스 투 시퀀스변환에 기반한신경망 기계 번역은 이전에통계적 기계 번역에 필요했던 단어 정렬과 같은 중간 단계를 불필요하게 만들었다.",summarization
182,https://ko.wikipedia.org/wiki/%EC%9E%90%EC%97%B0%EC%96%B4_%EC%B2%98%EB%A6%AC,"자연어 처리 - 위키백과, 우리 모두의 백과사전",인공 신경망,"통계적 방법의 주요 단점은 정교한특징 공학이 필요하다는 점이다. 2015년부터인공 신경망기반 방법은 단어의 의미적 특성을 포착하기 위해시맨틱 네트워크와워드 임베딩을 사용하여 전통적인 통계적 접근 방식을 점차 대체해 왔다.
중간 작업(예: 품사 태깅 및 의존 구문 분석)은 더 이상 필요하지 않게 되었다.
당시 새로 발명된시퀀스 투 시퀀스변환에 기반한신경망 기계 번역은 이전에통계적 기계 번역에 필요했던 단어 정렬과 같은 중간 단계를 불필요하게 만들었다.",5-0,2015년에 인공지능 분야에서 어떤 일이 있었나요?,2015년부터인공 신경망기반 방법은 단어의 의미적 특성을 포착하기 위해시맨틱 네트워크와워드 임베딩을 사용하여 전통적인 통계적 접근 방식을 점차 대체해 왔다.,temporal
183,https://ko.wikipedia.org/wiki/%EC%9E%90%EC%97%B0%EC%96%B4_%EC%B2%98%EB%A6%AC,"자연어 처리 - 위키백과, 우리 모두의 백과사전",일반적인 NLP 작업,"다음은 자연어 처리에서 가장 흔히 연구되는 작업 중 일부이다. 이러한 작업 중 일부는 직접적인 실생활 응용 분야가 있는 반면, 다른 작업들은 더 큰 작업을 해결하는 데 도움을 주는 하위 작업으로 더 흔히 쓰인다.
자연어 처리 작업들은 밀접하게 얽혀 있지만, 편의상 범주를 나눌 수 있다. 대략적인 구분은 다음과 같다.",6-0,자연어 처리에서 '일반적인 NLP 작업'은(는) 무엇을 다루나요?,"다음은 자연어 처리에서 가장 흔히 연구되는 작업 중 일부이다. 이러한 작업 중 일부는 직접적인 실생활 응용 분야가 있는 반면, 다른 작업들은 더 큰 작업을 해결하는 데 도움을 주는 하위 작업으로 더 흔히 쓰인다.
자연어 처리 작업들은 밀접하게 얽혀 있지만, 편의상 범주를 나눌 수 있다. 대략적인 구분은 다음과 같다.",summarization
184,https://ko.wikipedia.org/wiki/%EC%9E%90%EC%97%B0%EC%96%B4_%EC%B2%98%EB%A6%AC,"자연어 처리 - 위키백과, 우리 모두의 백과사전",일반적인 경향 및 (가능한) 향후 방향,"이 분야의 오랜 트렌드를 바탕으로 NLP의 미래 방향을 추정해 볼 수 있다. 2020년 기준으로 오랜 역사를 가진 CoNLL 공유 과제의 주제들 사이에서 세 가지 트렌드를 관찰할 수 있다. 점점 더 추상적이고 ""인지적인"" 자연어 측면에 대한 관심 (1999–2001: 얕은 구문 분석, 2002–03: 개체명 인식, 2006–09/2017–18: 의존 구문론, 2004–05/2008–09 의미역 결정, 2011–12 공통참조 해결, 2015–16: 담론 구문 분석, 2019: 의미 구문 분석).
다국어성 및 잠재적인 멀티모달성에 대한 관심 증가 (1999년부터 영어; 2002년부터 스페인어, 네덜란드어; 2003년부터 독일어; 2006년부터 불가리아어, 덴마크어, 일본어, 포르투갈어, 슬로베니아어, 스웨덴어, 튀르키예어; 2007년부터 바스크어, 카탈루냐어, 중국어, 그리스어, 헝가리어, 이탈리아어, 튀르키예어; 2009년부터 체코어; 2012년부터 아랍어; 2017년: 40개 이상의 언어; 2018년: 60+/100+ 언어)
기호 표현의 제거 (규칙 기반에서 지도 학습을 거쳐 약지도 학습으로, 표현 학습 및 엔드 투 엔드 시스템)
대부분의 고차원 NLP 응용 프로그램은 지능적인 행동과 자연어에 대한 겉보기 이해를 모방하는 측면을 포함한다.",7-0,자연어 처리에서 '일반적인 경향 및 (가능한) 향후 방향'은(는) 무엇을 다루나요?,"이 분야의 오랜 트렌드를 바탕으로 NLP의 미래 방향을 추정해 볼 수 있다. 2020년 기준으로 오랜 역사를 가진 CoNLL 공유 과제의 주제들 사이에서 세 가지 트렌드를 관찰할 수 있다. 점점 더 추상적이고 ""인지적인"" 자연어 측면에 대한 관심 (1999–2001: 얕은 구문 분석, 2002–03: 개체명 인식, 2006–09/2017–18: 의존 구문론, 2004–05/2008–09 의미역 결정, 2011–12 공통참조 해결, 2015–16: 담론 구문 분석, 2019: 의미 구문 분석).
다국어성 및 잠재적인 멀티모달성에 대한 관심 증가 (1999년부터 영어; 2002년부터 스페인어, 네덜란드어; 2003년부터 독일어; 2006년부터 불가리아어, 덴마크어, 일본어, 포르투갈어, 슬로베니아어, 스웨덴어, 튀르키예어; 2007년부터 바스크어, 카탈루냐어, 중국어, 그리스어, 헝가리어, 이탈리아어, 튀르키예어; 2009년부터 체코어; 2012년부터 아랍어; 2017년: 40개 이상의",summarization
185,https://ko.wikipedia.org/wiki/%EC%9E%90%EC%97%B0%EC%96%B4_%EC%B2%98%EB%A6%AC,"자연어 처리 - 위키백과, 우리 모두의 백과사전",일반적인 경향 및 (가능한) 향후 방향,"이 분야의 오랜 트렌드를 바탕으로 NLP의 미래 방향을 추정해 볼 수 있다. 2020년 기준으로 오랜 역사를 가진 CoNLL 공유 과제의 주제들 사이에서 세 가지 트렌드를 관찰할 수 있다. 점점 더 추상적이고 ""인지적인"" 자연어 측면에 대한 관심 (1999–2001: 얕은 구문 분석, 2002–03: 개체명 인식, 2006–09/2017–18: 의존 구문론, 2004–05/2008–09 의미역 결정, 2011–12 공통참조 해결, 2015–16: 담론 구문 분석, 2019: 의미 구문 분석).
다국어성 및 잠재적인 멀티모달성에 대한 관심 증가 (1999년부터 영어; 2002년부터 스페인어, 네덜란드어; 2003년부터 독일어; 2006년부터 불가리아어, 덴마크어, 일본어, 포르투갈어, 슬로베니아어, 스웨덴어, 튀르키예어; 2007년부터 바스크어, 카탈루냐어, 중국어, 그리스어, 헝가리어, 이탈리아어, 튀르키예어; 2009년부터 체코어; 2012년부터 아랍어; 2017년: 40개 이상의 언어; 2018년: 60+/100+ 언어)
기호 표현의 제거 (규칙 기반에서 지도 학습을 거쳐 약지도 학습으로, 표현 학습 및 엔드 투 엔드 시스템)
대부분의 고차원 NLP 응용 프로그램은 지능적인 행동과 자연어에 대한 겉보기 이해를 모방하는 측면을 포함한다.",7-0,2020년에 인공지능 분야에서 어떤 일이 있었나요?,2020년 기준으로 오랜 역사를 가진 CoNLL 공유 과제의 주제들 사이에서 세 가지 트렌드를 관찰할 수 있다.,temporal
186,https://ko.wikipedia.org/wiki/%EC%9E%90%EC%97%B0%EC%96%B4_%EC%B2%98%EB%A6%AC,"자연어 처리 - 위키백과, 우리 모두의 백과사전",일반적인 경향 및 (가능한) 향후 방향,"더 넓게 말하면, 점점 더 발전된 인지 행동 측면의 기술적 운영화는 NLP의 발전 궤적 중 하나를 나타낸다(위의 CoNLL 공유 과제 트렌드 참조).
인식은 ""사고, 경험 및 감각을 통해 지식을 습득하고 이해하는 정신적 활동 또는 과정""을 의미한다.인지 과학은 마음과 그 과정에 대한 학제간 과학적 연구이다.인지언어학은 심리학과 언어학 모두의 지식과 연구를 결합한 언어학의 학제간 분과이다.특히기호주의 NLP시대에는 전산언어학 분야가 인지 연구와 강한 유대 관계를 유지했다. 한 예로,조지 레이코프는 인지언어학의 발견과 함께 인지 과학의 관점을 통해 자연어 처리(NLP) 알고리즘을 구축하는 방법론을 제안하며,두 가지 정의적 측면을 제시한다. 레이코프가 ""한 아이디어를 다른 아이디어의 관점에서 이해하는 것""이라고 설명한개념 은유이론을 적용하여 저자의 의도에 대한 아이디어를 제공한다.예를 들어 영어 단어 'big'을 생각해보자. 비교(""저것은 큰 나무다"")에 사용될 때 저자의 의도는 그 나무가 다른 나무들이나 저자의 경험에 비해 물리적으로 크다는 것을 암시하는 것이다. 은유적으로 사용될 때(""내일은 큰 날이다""), 저자의 의도는 중요성을 암시하는 것이다. ""그녀는 큰 사람이다""와 같은 다른 용법 뒤에 숨겨진 의도는 추가 정보 없이는 사람이나 인지 NLP 알고리즘 모두에게 어느 정도 모호한 상태로 남을 것이다. 예를 들어(PCFG)을 사용하여 분석 중인 텍스트 조각 전후에 제시된 정보를 기반으로 단어, 구, 문장 또는 텍스트 조각에 의미의 상대적 측정값을 할당한다.",7-1,인지 과학의 관점을 통해 자연어 처리(NLP)의 정의를 설명해주세요.,"한 예로,조지 레이코프는 인지언어학의 발견과 함께 인지 과학의 관점을 통해 자연어 처리(NLP) 알고리즘을 구축하는 방법론을 제안하며,두 가지 정의적 측면을 제시한다.",definition
187,https://ko.wikipedia.org/wiki/%EC%9E%90%EC%97%B0%EC%96%B4_%EC%B2%98%EB%A6%AC,"자연어 처리 - 위키백과, 우리 모두의 백과사전",일반적인 경향 및 (가능한) 향후 방향,"더 넓게 말하면, 점점 더 발전된 인지 행동 측면의 기술적 운영화는 NLP의 발전 궤적 중 하나를 나타낸다(위의 CoNLL 공유 과제 트렌드 참조).
인식은 ""사고, 경험 및 감각을 통해 지식을 습득하고 이해하는 정신적 활동 또는 과정""을 의미한다.인지 과학은 마음과 그 과정에 대한 학제간 과학적 연구이다.인지언어학은 심리학과 언어학 모두의 지식과 연구를 결합한 언어학의 학제간 분과이다.특히기호주의 NLP시대에는 전산언어학 분야가 인지 연구와 강한 유대 관계를 유지했다. 한 예로,조지 레이코프는 인지언어학의 발견과 함께 인지 과학의 관점을 통해 자연어 처리(NLP) 알고리즘을 구축하는 방법론을 제안하며,두 가지 정의적 측면을 제시한다. 레이코프가 ""한 아이디어를 다른 아이디어의 관점에서 이해하는 것""이라고 설명한개념 은유이론을 적용하여 저자의 의도에 대한 아이디어를 제공한다.예를 들어 영어 단어 'big'을 생각해보자. 비교(""저것은 큰 나무다"")에 사용될 때 저자의 의도는 그 나무가 다른 나무들이나 저자의 경험에 비해 물리적으로 크다는 것을 암시하는 것이다. 은유적으로 사용될 때(""내일은 큰 날이다""), 저자의 의도는 중요성을 암시하는 것이다. ""그녀는 큰 사람이다""와 같은 다른 용법 뒤에 숨겨진 의도는 추가 정보 없이는 사람이나 인지 NLP 알고리즘 모두에게 어느 정도 모호한 상태로 남을 것이다. 예를 들어(PCFG)을 사용하여 분석 중인 텍스트 조각 전후에 제시된 정보를 기반으로 단어, 구, 문장 또는 텍스트 조각에 의미의 상대적 측정값을 할당한다.",7-1,예를 들어(PCFG)의 정의를 설명해주세요.,"예를 들어(PCFG)을 사용하여 분석 중인 텍스트 조각 전후에 제시된 정보를 기반으로 단어, 구, 문장 또는 텍스트 조각에 의미의 상대적 측정값을 할당한다.",definition
188,https://ko.wikipedia.org/wiki/%EC%9E%90%EC%97%B0%EC%96%B4_%EC%B2%98%EB%A6%AC,"자연어 처리 - 위키백과, 우리 모두의 백과사전",일반적인 경향 및 (가능한) 향후 방향,"이러한 알고리즘에 대한 수학 방정식은미국 특허 9269353에 제시되어 있다. 인지언어학과의 유대 관계는 NLP의 역사적 유산의 일부이지만, 1990년대 통계적 전환 이후에는 덜 빈번하게 다루어졌다. 그럼에도 불구하고 기술적으로 운영 가능한 프레임워크를 향해 인지 모델을 개발하려는 접근 방식은 인지 문법,기능 문법, 로드리게스 등(2016).Building an RRG computational grammar. Onomazein, (34), 86–117. 구성 문법,계산 심리언어학 및 인지 신경과학(예:ACT-R) 등 다양한 프레임워크의 맥락에서 추진되어 왔다. 그러나ACL의 주요 컨퍼런스에서의 존재감으로 측정했을 때 주류 NLP에서의 수용은 제한적이었다.최근에는설명가능 인공지능을 달성하기 위한 접근 방식으로서 인지 NLP의 아이디어가 ""인지 AI""라는 개념 하에 부활하고 있다.마찬가지로, 인지 NLP의 아이디어는멀티모달NLP 신경망 모델에 내재되어 있으며(비록 명시적으로 밝혀지는 경우는 드물지만),특히대형 언어 모델접근 방식을 사용하는 도구 및 기술과에 기반한인공 일반 지능의 새로운 방향에서 영국 신경과학자이자 유니버시티 칼리지 런던의 이론가인등에 의해 연구되고 있다.",7-2,1990년에 인공지능 분야에서 어떤 일이 있었나요?,"인지언어학과의 유대 관계는 NLP의 역사적 유산의 일부이지만, 1990년대 통계적 전환 이후에는 덜 빈번하게 다루어졌다.",temporal
189,https://ko.wikipedia.org/wiki/%EC%9E%90%EC%97%B0%EC%96%B4_%EC%B2%98%EB%A6%AC,"자연어 처리 - 위키백과, 우리 모두의 백과사전",형태소 분석,"자연 언어 처리에서 말하는형태소 분석이란 어떤 대상어절을 최소의 의미 단위인 '형태소'로 분석하는 것을 의미한다. (형태소는 단어 그 자체가 될 수도 있고, 일반적으로는 단어보다 작은 단위이다.)에서한국어의에 많이 사용한다. 형태소 분석 단계에서 문제가 되는 부분은 미등록어, 오탈자, 띄어쓰기 오류 등에 의한 형태소 분석의 오류, 중의성이나 신조어 처리 등이 있는데, 이들은 형태소 분석에 치명적인 약점이라 할 수 있다. 복합 명사 분해도 형태소 분석의 어려운 문제 중 하나이다. 복합 명사란 하나 이상의 단어가 합쳐서 새로운 의미를 생성해 낸 단어로 '봄바람' 정보검색' '종합정보시스템' 등을 그 예로 들 수 있다. 이러한 단어는 한국어에서 띄어쓰기에 따른 형식도 불분명할 뿐만 아니라 다양한 복합 유형 등에 따라 의미의 통합이나 분해가 다양한 양상을 보이기 때문에 이들 형태소를 분석하는 것은 매우 어려운 문제이다. 기계적으로 복합명사를 처리하는 방식 중의 하나는, 음절 단위를 기반으로 하는 bi-gram이 있다. 예를 들어, '복합 명사'는 음절 단위로 '복합+명사', '복+합명사', '복합명+사'의 세 가지 형태로 쪼갤 수 있고, 이 중 가장 적합한 분해 결과를 문서 내에서 출현하는 빈도 등의 추가 정보를 통해 선택하는 알고리즘이 있을 수 있다. 일반적으로, 다양하게 쪼개지는 분석 결과들 중에서 적합한 결과를 선택하기 위해,이라는동적 프로그래밍방법을 사용한다.",8-0,자연어 처리에서 '형태소 분석'은(는) 무엇을 다루나요?,"자연 언어 처리에서 말하는형태소 분석이란 어떤 대상어절을 최소의 의미 단위인 '형태소'로 분석하는 것을 의미한다. (형태소는 단어 그 자체가 될 수도 있고, 일반적으로는 단어보다 작은 단위이다.)에서한국어의에 많이 사용한다. 형태소 분석 단계에서 문제가 되는 부분은 미등록어, 오탈자, 띄어쓰기 오류 등에 의한 형태소 분석의 오류, 중의성이나 신조어 처리 등이 있는데, 이들은 형태소 분석에 치명적인 약점이라 할 수 있다. 복합 명사 분해도 형태소 분석의 어려운 문제 중 하나이다. 복합 명사란 하나 이상의 단어가 합쳐서 새로운 의미를 생성해 낸 단어로 '봄바람' 정보검색' '종합정보시스템' 등을 그 예로 들 수 있다. 이러한 단어는 한국어에서 띄어쓰기에 따른 형식도 불분명할 뿐만 아니라 다양한 복합 유형 등에 따라 의미의 통합이나 분해가 다양한 양상을 보이기 때문에 이들 형태소를 분석하는 것은 매우 어려운 문제이다. 기계적으로 복합명사를 처리하는 방식 중의 하나는, 음절 단위를 기반으로",summarization
190,https://ko.wikipedia.org/wiki/%EC%9E%90%EC%97%B0%EC%96%B4_%EC%B2%98%EB%A6%AC,"자연어 처리 - 위키백과, 우리 모두의 백과사전",형태소 분석,"나는 → 나(대명사) + 는(조사)
나는 → 날(동사) + 는(관형형어미)
형태소 분석을 통해 나온 결과 중 가장 적합한 형태의 품사를 부착하는 것을 말한다. 보통라고 하는 모듈이 이 기능을 수행한다. 이는 형태소 분석기가 출력한 다양한 분석 결과 중에서 문맥에 적합한 하나의 분석 결과를 선택하는모듈이라 할 수 있다. 분석 시 문맥 좌우에 위치한중의성해소의 힌트가 되는 정보를 이용해서 적합한 분석 결과를 선택한다. 보통 태거는 대규모의 품사부착 말뭉치를 이용해서 구현하는데은닉 마르코프 모델(HMM)이 널리 사용되고 있다. '나는'이라는 어절에 대한 형태소 분석이 다음과 같다면
나는 → 나(대명사) + 는(조사)
나는 → 날(동사) + 는(관형형어미)
다음과 같이 적절한 품사를 부착하는 것이 품사 부착이다. 나는 오늘 학교에 갔다' → '나(대명사)+는(조사)오늘 학교+에 가다+았+다'
하늘을 나는 새를 보았다' → '하늘+을날(동사)+는(관형형어미)새+를 보다+았+다'",8-1,이용해서 구현하는데은닉 마르코프 모델(HMM)의 정의를 설명해주세요.,보통 태거는 대규모의 품사부착 말뭉치를 이용해서 구현하는데은닉 마르코프 모델(HMM)이 널리 사용되고 있다.,definition
191,https://ko.wikipedia.org/wiki/%EC%9E%90%EC%97%B0%EC%96%B4_%EC%B2%98%EB%A6%AC,"자연어 처리 - 위키백과, 우리 모두의 백과사전",구절 단위 분석,"구단위 분석은 명사구, 동사구, 부사구 등의 덩어리를 의미한다.서울시 서초구 서초동에 있는 가장 유명한 회사는 어디인가요? →서울시 서초구 서초동에 있는가장 유명한회사는 어디인가요?이 해결책은 정말이지 여기에는 적합하지 않아 →이 해결책은정말이지여기에는적합하지 않아
서울시 서초구 서초동에 있는 가장 유명한 회사는 어디인가요? →서울시 서초구 서초동에 있는가장 유명한회사는 어디인가요?
이 해결책은 정말이지 여기에는 적합하지 않아 →이 해결책은정말이지여기에는적합하지 않아
절단위 분석은중문,등의 문장을단위로 분해하는 역할을 수행한다.이 영화는 재미있었는데, 저 영화는 흥미 없었다 →이 영화는 재미있었는데, 저 영화는 흥미 없었다어제 내가 본 그 영화는 아주 재미있었다 →어제 내가 본 그 영화는 아주 재미있었다.나는 오늘 하늘을 나는 새를 보았다 → 나는 오늘하늘을 나는 새를 보았다
이 영화는 재미있었는데, 저 영화는 흥미 없었다 →이 영화는 재미있었는데, 저 영화는 흥미 없었다
어제 내가 본 그 영화는 아주 재미있었다 →어제 내가 본 그 영화는 아주 재미있었다. 나는 오늘 하늘을 나는 새를 보았다 → 나는 오늘하늘을 나는 새를 보았다
이와 같이, 구 단위 분석을 먼저 수행하고 절 단위 분석을 해서 보다 큰 단위로 만든다. 이러한 분석은 다음 단계인구문 분석에서의 중의성을 해소하는 데 아주 중요한 역할을 수행한다고 할 수 있다.",9-0,자연어 처리에서 '구절 단위 분석'은(는) 무엇을 다루나요?,"구단위 분석은 명사구, 동사구, 부사구 등의 덩어리를 의미한다.서울시 서초구 서초동에 있는 가장 유명한 회사는 어디인가요? →서울시 서초구 서초동에 있는가장 유명한회사는 어디인가요?이 해결책은 정말이지 여기에는 적합하지 않아 →이 해결책은정말이지여기에는적합하지 않아
서울시 서초구 서초동에 있는 가장 유명한 회사는 어디인가요? →서울시 서초구 서초동에 있는가장 유명한회사는 어디인가요?
이 해결책은 정말이지 여기에는 적합하지 않아 →이 해결책은정말이지여기에는적합하지 않아
절단위 분석은중문,등의 문장을단위로 분해하는 역할을 수행한다.이 영화는 재미있었는데, 저 영화는 흥미 없었다 →이 영화는 재미있었는데, 저 영화는 흥미 없었다어제 내가 본 그 영화는 아주 재미있었다 →어제 내가 본 그 영화는 아주 재미있었다.나는 오늘 하늘을 나는 새를 보았다 → 나는 오늘하늘을 나는 새를 보았다
이 영화는 재미있었는데, 저 영화는 흥미 없었다 →이 영화는 재미있었는데, 저 영화는 흥미 없었다
어제 내가",summarization
192,https://ko.wikipedia.org/wiki/%EC%9E%90%EC%97%B0%EC%96%B4_%EC%B2%98%EB%A6%AC,"자연어 처리 - 위키백과, 우리 모두의 백과사전",구절 단위 분석,"분포 의미론
자연어 이해
Word2vec
전철홍; 유선아 (2024년 2월).“과학교육 분야 자연어 처리 기법의 연구동향 분석”.《한국과학교육학회지》(한국과학교육학회)44(1): 39-55.
위키미디어 공용에자연어 처리관련 미디어 분류가 있습니다. 에너지 소비(그린 컴퓨팅)
해석학 (수학)
인간-컴퓨터 상호 작용
ve미분 가능 컴퓨팅일반귀납적 편향신경형태 컴퓨팅자동 미분정보 기하학패턴 인식리치 미적분학하드웨어멤리스터TPUVPU소프트웨어 라이브러리JAX케라스PyTorchScikit-learn텐서플로포털
Scikit-learn
예일 LUX",9-1,자연어 처리의 '구절 단위 분석'에서 다루는 핵심 내용은 무엇인가요?,"분포 의미론
자연어 이해
Word2vec
전철홍; 유선아 (2024년 2월).“과학교육 분야 자연어 처리 기법의 연구동향 분석”.《한국과학교육학회지》(한국과학교육학회)44(1): 39-55.
위키미디어 공용에자연어 처리관련 미디어 분류가 있습니다. 에너지 소비(그린 컴퓨팅)
해석학 (수학)
인간-컴퓨터 상호 작용
ve미분 가능 컴퓨팅일반귀납적 편향신경형태 컴퓨팅자동 미분정보 기하학패턴 인식리치 미적분학하드웨어멤리스터TPUVPU소프트웨어 라이브러리JAX케라스PyTorchScikit-learn텐서플로포털
Scikit-learn
예일 LUX",comprehension
193,https://ko.wikipedia.org/wiki/%EB%94%A5_%EB%9F%AC%EB%8B%9D,"딥 러닝 - 위키백과, 우리 모두의 백과사전",개요,"심층 학습(深層學習) 또는딥 러닝(영어:deep structured learning, deep learning 또는 hierarchical learning)은 여러 '비선형 변환기법'의 조합을 통해 높은 수준의 추상화(abstractions, 다량의 데이터나 복잡한 자료들 속에서 핵심적인 내용 또는 기능을 요약하는 작업)를 시도하는기계 학습알고리즘의 집합으로 정의되며, 큰 틀에서 사람의 사고방식을컴퓨터에게 가르치는 기계학습의 한 분야라고 이야기할 수 있다. 어떠한 데이터가 있을 때 이를 컴퓨터가 알아 들을 수 있는 형태(예를 들어 이미지의 경우는픽셀정보를열벡터로 표현하는 등)로 표현(representation)하고 이를 학습에 적용하기 위해 많은 연구(어떻게 하면 더 좋은 표현기법을 만들고 또 어떻게 이것들을 학습할 모델을 만들지에 대한)가 진행되고 있으며, 이러한 노력의 결과로 deep neural networks, convolutional deep neural networks, deep belief networks와 같은 다양한 딥 러닝 기법들이컴퓨터 비전,음성인식,자연어 처리, 음성/신호처리등 최첨단 분야에 적용되고 있다. 2012년스탠포드대학의앤드류 응과구글이 함께한 딥 러닝 프로젝트에서는 16,000개의컴퓨터 프로세서와 10억 개 이상의 neural networks 그리고 DNN(deep neural networks)을 이용하여 유튜브에 업로드 되어 있는 천만 개 넘는 비디오 중 고양이 인식에 성공하였다.이 소프트웨어 프레임워크를 논문에서는 DistBelief로 언급하고 있다.",0-0,딥 러닝이란 무엇인가요?,"심층 학습(深層學習) 또는딥 러닝(영어:deep structured learning, deep learning 또는 hierarchical learning)은 여러 '비선형 변환기법'의 조합을 통해 높은 수준의 추상화(abstractions, 다량의 데이터나 복잡한 자료들 속에서 핵심적인 내용 또는 기능을 요약하는 작업)를 시도하는기계 학습알고리즘의 집합으로 정의되며, 큰 틀에서 사람의 사고방식을컴퓨터에게 가르치는 기계학습의 한 분야라고 이야기할 수 있다. 어떠한 데이터가 있을 때 이를 컴퓨터가 알아 들을 수 있는 형태(예를 들어 이미지의 경우는픽셀정보를열벡터로 표현하는 등)로 표현(representation)하고 이를 학습에 적용하기 위해 많은 연구(어떻게 하면 더 좋은 표현기법을 만들고 또 어떻게 이것들을 학습할 모델을 만들지에 대한)가 진행되고 있으며, 이러한 노력의 결과로 deep neural networks, convolutional deep neural networks,",summarization
194,https://ko.wikipedia.org/wiki/%EB%94%A5_%EB%9F%AC%EB%8B%9D,"딥 러닝 - 위키백과, 우리 모두의 백과사전",개요,"심층 학습(深層學習) 또는딥 러닝(영어:deep structured learning, deep learning 또는 hierarchical learning)은 여러 '비선형 변환기법'의 조합을 통해 높은 수준의 추상화(abstractions, 다량의 데이터나 복잡한 자료들 속에서 핵심적인 내용 또는 기능을 요약하는 작업)를 시도하는기계 학습알고리즘의 집합으로 정의되며, 큰 틀에서 사람의 사고방식을컴퓨터에게 가르치는 기계학습의 한 분야라고 이야기할 수 있다. 어떠한 데이터가 있을 때 이를 컴퓨터가 알아 들을 수 있는 형태(예를 들어 이미지의 경우는픽셀정보를열벡터로 표현하는 등)로 표현(representation)하고 이를 학습에 적용하기 위해 많은 연구(어떻게 하면 더 좋은 표현기법을 만들고 또 어떻게 이것들을 학습할 모델을 만들지에 대한)가 진행되고 있으며, 이러한 노력의 결과로 deep neural networks, convolutional deep neural networks, deep belief networks와 같은 다양한 딥 러닝 기법들이컴퓨터 비전,음성인식,자연어 처리, 음성/신호처리등 최첨단 분야에 적용되고 있다. 2012년스탠포드대학의앤드류 응과구글이 함께한 딥 러닝 프로젝트에서는 16,000개의컴퓨터 프로세서와 10억 개 이상의 neural networks 그리고 DNN(deep neural networks)을 이용하여 유튜브에 업로드 되어 있는 천만 개 넘는 비디오 중 고양이 인식에 성공하였다.이 소프트웨어 프레임워크를 논문에서는 DistBelief로 언급하고 있다.",0-0,로 표현(representation)의 정의를 설명해주세요.,"어떠한 데이터가 있을 때 이를 컴퓨터가 알아 들을 수 있는 형태(예를 들어 이미지의 경우는픽셀정보를열벡터로 표현하는 등)로 표현(representation)하고 이를 학습에 적용하기 위해 많은 연구(어떻게 하면 더 좋은 표현기법을 만들고 또 어떻게 이것들을 학습할 모델을 만들지에 대한)가 진행되고 있으며, 이러한 노력의 결과로 deep neural networks, convolutional deep neural networks, deep belief networks와 같은 다양한 딥 러닝 기법들이컴퓨터 비전,음성인식,자연어 처리, 음성/신호처리등 최첨단 분야에 적용되고 있다.",definition
195,https://ko.wikipedia.org/wiki/%EB%94%A5_%EB%9F%AC%EB%8B%9D,"딥 러닝 - 위키백과, 우리 모두의 백과사전",딥 러닝의 역사,"MIT가 2013년을 빛낼 10대 혁신기술 중 하나로 선정하고 가트너(Gartner, Inc.)가 2014 세계 IT 시장 10대 주요 예측에 포함시키는 등 최근들어 딥 러닝에 대한 관심이 높아지고 있지만 사실 딥 러닝 구조는인공신경망(ANN, artificial neural networks)에 기반하여 설계된 개념으로 역사를 따지자면 최소 1980년 Kunihiko Fukushima에 의해 소개된 Neocognitron까지 거슬러 올라가야 한다. 맥컬럭-월터 피츠는 1943년에 ANN의 가능성을 처음으로 주장했다. 1957년에 미국의 신경 생물학자인 프랑크 로젠블랫은 이 개념을 실증하는데 성공했고 퍼셉트론이라 불렀다. 그러나 당시 성능이 너무 후져서 묻혔다가, 힌튼이 역전파 알고리즘을 이용하여 1995년에 다시 ANN이 부활하게 되었다. 1989년에얀 르쿤과 그의 동료들은오류역전파 알고리즘(backpropagation algorithm)에 기반하여 우편물에 손으로 쓰여진 우편번호를 인식하는 deep neural networks를 소개했다. 알고리즘이 성공적으로 동작했음에도 불구하고, 신경망 학습에 소요되는 시간(10 개의 숫자를 인식하기 위해 학습하는 시간)이 거의 3일이 걸렸고 이것은 다른 분야에 일반적으로 적용되기에는 비현실적인 것으로 여겨졌다. 많은 요소들이 느린 속도에 원인을 제공했는데, 그 중 하나는 1991년 Jürgen Schmidhuber의 제자였던 Sepp Hochreiter에 의해 분석된 vanishing gradient problem(지역최솟값에 머무르게 되는 원인)이었다.",1-0,딥 러닝에서 '딥 러닝의 역사'은(는) 무엇을 다루나요?,"MIT가 2013년을 빛낼 10대 혁신기술 중 하나로 선정하고 가트너(Gartner, Inc.)가 2014 세계 IT 시장 10대 주요 예측에 포함시키는 등 최근들어 딥 러닝에 대한 관심이 높아지고 있지만 사실 딥 러닝 구조는인공신경망(ANN, artificial neural networks)에 기반하여 설계된 개념으로 역사를 따지자면 최소 1980년 Kunihiko Fukushima에 의해 소개된 Neocognitron까지 거슬러 올라가야 한다. 맥컬럭-월터 피츠는 1943년에 ANN의 가능성을 처음으로 주장했다. 1957년에 미국의 신경 생물학자인 프랑크 로젠블랫은 이 개념을 실증하는데 성공했고 퍼셉트론이라 불렀다. 그러나 당시 성능이 너무 후져서 묻혔다가, 힌튼이 역전파 알고리즘을 이용하여 1995년에 다시 ANN이 부활하게 되었다. 1989년에얀 르쿤과 그의 동료들은오류역전파 알고리즘(backpropagation algorithm)에 기반하여 우편물에 손으로 쓰여진 우편번호를",summarization
196,https://ko.wikipedia.org/wiki/%EB%94%A5_%EB%9F%AC%EB%8B%9D,"딥 러닝 - 위키백과, 우리 모두의 백과사전",딥 러닝의 역사,"MIT가 2013년을 빛낼 10대 혁신기술 중 하나로 선정하고 가트너(Gartner, Inc.)가 2014 세계 IT 시장 10대 주요 예측에 포함시키는 등 최근들어 딥 러닝에 대한 관심이 높아지고 있지만 사실 딥 러닝 구조는인공신경망(ANN, artificial neural networks)에 기반하여 설계된 개념으로 역사를 따지자면 최소 1980년 Kunihiko Fukushima에 의해 소개된 Neocognitron까지 거슬러 올라가야 한다. 맥컬럭-월터 피츠는 1943년에 ANN의 가능성을 처음으로 주장했다. 1957년에 미국의 신경 생물학자인 프랑크 로젠블랫은 이 개념을 실증하는데 성공했고 퍼셉트론이라 불렀다. 그러나 당시 성능이 너무 후져서 묻혔다가, 힌튼이 역전파 알고리즘을 이용하여 1995년에 다시 ANN이 부활하게 되었다. 1989년에얀 르쿤과 그의 동료들은오류역전파 알고리즘(backpropagation algorithm)에 기반하여 우편물에 손으로 쓰여진 우편번호를 인식하는 deep neural networks를 소개했다. 알고리즘이 성공적으로 동작했음에도 불구하고, 신경망 학습에 소요되는 시간(10 개의 숫자를 인식하기 위해 학습하는 시간)이 거의 3일이 걸렸고 이것은 다른 분야에 일반적으로 적용되기에는 비현실적인 것으로 여겨졌다. 많은 요소들이 느린 속도에 원인을 제공했는데, 그 중 하나는 1991년 Jürgen Schmidhuber의 제자였던 Sepp Hochreiter에 의해 분석된 vanishing gradient problem(지역최솟값에 머무르게 되는 원인)이었다.",1-0,"있지만 사실 딥 러닝 구조는인공신경망(ANN, artificial neural networks)의 정의를 설명해주세요.",")가 2014 세계 IT 시장 10대 주요 예측에 포함시키는 등 최근들어 딥 러닝에 대한 관심이 높아지고 있지만 사실 딥 러닝 구조는인공신경망(ANN, artificial neural networks)에 기반하여 설계된 개념으로 역사를 따지자면 최소 1980년 Kunihiko Fukushima에 의해 소개된 Neocognitron까지 거슬러 올라가야 한다.",definition
197,https://ko.wikipedia.org/wiki/%EB%94%A5_%EB%9F%AC%EB%8B%9D,"딥 러닝 - 위키백과, 우리 모두의 백과사전",딥 러닝의 역사,"MIT가 2013년을 빛낼 10대 혁신기술 중 하나로 선정하고 가트너(Gartner, Inc.)가 2014 세계 IT 시장 10대 주요 예측에 포함시키는 등 최근들어 딥 러닝에 대한 관심이 높아지고 있지만 사실 딥 러닝 구조는인공신경망(ANN, artificial neural networks)에 기반하여 설계된 개념으로 역사를 따지자면 최소 1980년 Kunihiko Fukushima에 의해 소개된 Neocognitron까지 거슬러 올라가야 한다. 맥컬럭-월터 피츠는 1943년에 ANN의 가능성을 처음으로 주장했다. 1957년에 미국의 신경 생물학자인 프랑크 로젠블랫은 이 개념을 실증하는데 성공했고 퍼셉트론이라 불렀다. 그러나 당시 성능이 너무 후져서 묻혔다가, 힌튼이 역전파 알고리즘을 이용하여 1995년에 다시 ANN이 부활하게 되었다. 1989년에얀 르쿤과 그의 동료들은오류역전파 알고리즘(backpropagation algorithm)에 기반하여 우편물에 손으로 쓰여진 우편번호를 인식하는 deep neural networks를 소개했다. 알고리즘이 성공적으로 동작했음에도 불구하고, 신경망 학습에 소요되는 시간(10 개의 숫자를 인식하기 위해 학습하는 시간)이 거의 3일이 걸렸고 이것은 다른 분야에 일반적으로 적용되기에는 비현실적인 것으로 여겨졌다. 많은 요소들이 느린 속도에 원인을 제공했는데, 그 중 하나는 1991년 Jürgen Schmidhuber의 제자였던 Sepp Hochreiter에 의해 분석된 vanishing gradient problem(지역최솟값에 머무르게 되는 원인)이었다.",1-0,쿤과 그의 동료들은오류역전파 알고리즘(backpropagation algorithm)의 정의를 설명해주세요.,1989년에얀 르쿤과 그의 동료들은오류역전파 알고리즘(backpropagation algorithm)에 기반하여 우편물에 손으로 쓰여진 우편번호를 인식하는 deep neural networks를 소개했다.,definition
198,https://ko.wikipedia.org/wiki/%EB%94%A5_%EB%9F%AC%EB%8B%9D,"딥 러닝 - 위키백과, 우리 모두의 백과사전",딥 러닝의 역사,"MIT가 2013년을 빛낼 10대 혁신기술 중 하나로 선정하고 가트너(Gartner, Inc.)가 2014 세계 IT 시장 10대 주요 예측에 포함시키는 등 최근들어 딥 러닝에 대한 관심이 높아지고 있지만 사실 딥 러닝 구조는인공신경망(ANN, artificial neural networks)에 기반하여 설계된 개념으로 역사를 따지자면 최소 1980년 Kunihiko Fukushima에 의해 소개된 Neocognitron까지 거슬러 올라가야 한다. 맥컬럭-월터 피츠는 1943년에 ANN의 가능성을 처음으로 주장했다. 1957년에 미국의 신경 생물학자인 프랑크 로젠블랫은 이 개념을 실증하는데 성공했고 퍼셉트론이라 불렀다. 그러나 당시 성능이 너무 후져서 묻혔다가, 힌튼이 역전파 알고리즘을 이용하여 1995년에 다시 ANN이 부활하게 되었다. 1989년에얀 르쿤과 그의 동료들은오류역전파 알고리즘(backpropagation algorithm)에 기반하여 우편물에 손으로 쓰여진 우편번호를 인식하는 deep neural networks를 소개했다. 알고리즘이 성공적으로 동작했음에도 불구하고, 신경망 학습에 소요되는 시간(10 개의 숫자를 인식하기 위해 학습하는 시간)이 거의 3일이 걸렸고 이것은 다른 분야에 일반적으로 적용되기에는 비현실적인 것으로 여겨졌다. 많은 요소들이 느린 속도에 원인을 제공했는데, 그 중 하나는 1991년 Jürgen Schmidhuber의 제자였던 Sepp Hochreiter에 의해 분석된 vanishing gradient problem(지역최솟값에 머무르게 되는 원인)이었다.",1-0,지역최솟값에 머무르게 되는 원인(vanishing gradient problem)의 정의를 설명해주세요.,"많은 요소들이 느린 속도에 원인을 제공했는데, 그 중 하나는 1991년 Jürgen Schmidhuber의 제자였던 Sepp Hochreiter에 의해 분석된 vanishing gradient problem(지역최솟값에 머무르게 되는 원인)이었다.",definition
199,https://ko.wikipedia.org/wiki/%EB%94%A5_%EB%9F%AC%EB%8B%9D,"딥 러닝 - 위키백과, 우리 모두의 백과사전",딥 러닝의 역사,"MIT가 2013년을 빛낼 10대 혁신기술 중 하나로 선정하고 가트너(Gartner, Inc.)가 2014 세계 IT 시장 10대 주요 예측에 포함시키는 등 최근들어 딥 러닝에 대한 관심이 높아지고 있지만 사실 딥 러닝 구조는인공신경망(ANN, artificial neural networks)에 기반하여 설계된 개념으로 역사를 따지자면 최소 1980년 Kunihiko Fukushima에 의해 소개된 Neocognitron까지 거슬러 올라가야 한다. 맥컬럭-월터 피츠는 1943년에 ANN의 가능성을 처음으로 주장했다. 1957년에 미국의 신경 생물학자인 프랑크 로젠블랫은 이 개념을 실증하는데 성공했고 퍼셉트론이라 불렀다. 그러나 당시 성능이 너무 후져서 묻혔다가, 힌튼이 역전파 알고리즘을 이용하여 1995년에 다시 ANN이 부활하게 되었다. 1989년에얀 르쿤과 그의 동료들은오류역전파 알고리즘(backpropagation algorithm)에 기반하여 우편물에 손으로 쓰여진 우편번호를 인식하는 deep neural networks를 소개했다. 알고리즘이 성공적으로 동작했음에도 불구하고, 신경망 학습에 소요되는 시간(10 개의 숫자를 인식하기 위해 학습하는 시간)이 거의 3일이 걸렸고 이것은 다른 분야에 일반적으로 적용되기에는 비현실적인 것으로 여겨졌다. 많은 요소들이 느린 속도에 원인을 제공했는데, 그 중 하나는 1991년 Jürgen Schmidhuber의 제자였던 Sepp Hochreiter에 의해 분석된 vanishing gradient problem(지역최솟값에 머무르게 되는 원인)이었다.",1-0,1980년에 인공지능 분야에서 어떤 일이 있었나요?,")가 2014 세계 IT 시장 10대 주요 예측에 포함시키는 등 최근들어 딥 러닝에 대한 관심이 높아지고 있지만 사실 딥 러닝 구조는인공신경망(ANN, artificial neural networks)에 기반하여 설계된 개념으로 역사를 따지자면 최소 1980년 Kunihiko Fukushima에 의해 소개된 Neocognitron까지 거슬러 올라가야 한다.",temporal
200,https://ko.wikipedia.org/wiki/%EB%94%A5_%EB%9F%AC%EB%8B%9D,"딥 러닝 - 위키백과, 우리 모두의 백과사전",딥 러닝의 역사,"MIT가 2013년을 빛낼 10대 혁신기술 중 하나로 선정하고 가트너(Gartner, Inc.)가 2014 세계 IT 시장 10대 주요 예측에 포함시키는 등 최근들어 딥 러닝에 대한 관심이 높아지고 있지만 사실 딥 러닝 구조는인공신경망(ANN, artificial neural networks)에 기반하여 설계된 개념으로 역사를 따지자면 최소 1980년 Kunihiko Fukushima에 의해 소개된 Neocognitron까지 거슬러 올라가야 한다. 맥컬럭-월터 피츠는 1943년에 ANN의 가능성을 처음으로 주장했다. 1957년에 미국의 신경 생물학자인 프랑크 로젠블랫은 이 개념을 실증하는데 성공했고 퍼셉트론이라 불렀다. 그러나 당시 성능이 너무 후져서 묻혔다가, 힌튼이 역전파 알고리즘을 이용하여 1995년에 다시 ANN이 부활하게 되었다. 1989년에얀 르쿤과 그의 동료들은오류역전파 알고리즘(backpropagation algorithm)에 기반하여 우편물에 손으로 쓰여진 우편번호를 인식하는 deep neural networks를 소개했다. 알고리즘이 성공적으로 동작했음에도 불구하고, 신경망 학습에 소요되는 시간(10 개의 숫자를 인식하기 위해 학습하는 시간)이 거의 3일이 걸렸고 이것은 다른 분야에 일반적으로 적용되기에는 비현실적인 것으로 여겨졌다. 많은 요소들이 느린 속도에 원인을 제공했는데, 그 중 하나는 1991년 Jürgen Schmidhuber의 제자였던 Sepp Hochreiter에 의해 분석된 vanishing gradient problem(지역최솟값에 머무르게 되는 원인)이었다.",1-0,1943년에 인공지능 분야에서 어떤 일이 있었나요?,맥컬럭-월터 피츠는 1943년에 ANN의 가능성을 처음으로 주장했다.,temporal
201,https://ko.wikipedia.org/wiki/%EB%94%A5_%EB%9F%AC%EB%8B%9D,"딥 러닝 - 위키백과, 우리 모두의 백과사전",딥 러닝의 역사,"또한 불연속 시뮬레이션에서 초기 상태를 어떻게 선택하느냐에 따라 수렴이 안되고 진동 또는 발산하는 문제, 트레이닝셋에 너무 가깝게 맞추어 학습되는 과적합 (Overfitting) 문제, 원론적으로 생물학적 신경망과는 다르다는 이슈들이 끊임 없이 제기되면서인공신경망은 관심에서 멀어졌고 90년대와 2000년대에는서포트 벡터 머신같은 기법들이 각광받게 된다. 본격적으로 딥 러닝이란 용어를 사용한 것은 2000년대 딥 러닝의 중흥기를 이끌어간다고 평가할 수 있는제프리 힌튼과 Ruslan Salakhutdinov에 의해서이며, 기존 신경망의과적합문제를 해결하기 위해 이들은 unsupervised RBM(restricted Boltzmann machine)을 통해 학습시킬 앞먹임 신경망(Feedforward Neural Network)의 각 층을 효과적으로 사전훈련(pre-trainning)하여과적합을 방지할 수 있는 수준의 initialize point를 잡았고, 이를 다시 supervised backpropagation를 사용하는 형태로 학습을 진행한다. 또한 2013년에는 신호처리학회인 ICASSP에서 RBM을 대체하여과적합을 방지할 수 있는 Drop-out이라는 개념이 소개되면서 사전훈련보다 훨씬 더 간단하고 강력한 형태로과적합을 방지할 수 있게 되었다.",1-1,너무 가깝게 맞추어 학습되는 과적합(Overfitting)의 정의를 설명해주세요.,"또한 불연속 시뮬레이션에서 초기 상태를 어떻게 선택하느냐에 따라 수렴이 안되고 진동 또는 발산하는 문제, 트레이닝셋에 너무 가깝게 맞추어 학습되는 과적합 (Overfitting) 문제, 원론적으로 생물학적 신경망과는 다르다는 이슈들이 끊임 없이 제기되면서인공신경망은 관심에서 멀어졌고 90년대와 2000년대에는서포트 벡터 머신같은 기법들이 각광받게 된다.",definition
202,https://ko.wikipedia.org/wiki/%EB%94%A5_%EB%9F%AC%EB%8B%9D,"딥 러닝 - 위키백과, 우리 모두의 백과사전",딥 러닝의 역사,"또한 불연속 시뮬레이션에서 초기 상태를 어떻게 선택하느냐에 따라 수렴이 안되고 진동 또는 발산하는 문제, 트레이닝셋에 너무 가깝게 맞추어 학습되는 과적합 (Overfitting) 문제, 원론적으로 생물학적 신경망과는 다르다는 이슈들이 끊임 없이 제기되면서인공신경망은 관심에서 멀어졌고 90년대와 2000년대에는서포트 벡터 머신같은 기법들이 각광받게 된다. 본격적으로 딥 러닝이란 용어를 사용한 것은 2000년대 딥 러닝의 중흥기를 이끌어간다고 평가할 수 있는제프리 힌튼과 Ruslan Salakhutdinov에 의해서이며, 기존 신경망의과적합문제를 해결하기 위해 이들은 unsupervised RBM(restricted Boltzmann machine)을 통해 학습시킬 앞먹임 신경망(Feedforward Neural Network)의 각 층을 효과적으로 사전훈련(pre-trainning)하여과적합을 방지할 수 있는 수준의 initialize point를 잡았고, 이를 다시 supervised backpropagation를 사용하는 형태로 학습을 진행한다. 또한 2013년에는 신호처리학회인 ICASSP에서 RBM을 대체하여과적합을 방지할 수 있는 Drop-out이라는 개념이 소개되면서 사전훈련보다 훨씬 더 간단하고 강력한 형태로과적합을 방지할 수 있게 되었다.",1-1,을 통해 학습시킬 앞먹임 신경망(Feedforward Neural Network)의 정의를 설명해주세요.,"본격적으로 딥 러닝이란 용어를 사용한 것은 2000년대 딥 러닝의 중흥기를 이끌어간다고 평가할 수 있는제프리 힌튼과 Ruslan Salakhutdinov에 의해서이며, 기존 신경망의과적합문제를 해결하기 위해 이들은 unsupervised RBM(restricted Boltzmann machine)을 통해 학습시킬 앞먹임 신경망(Feedforward Neural Network)의 각 층을 효과적으로 사전훈련(pre-trainning)하여과적합을 방지할 수 있는 수준의 initialize point를 잡았고, 이를 다시 supervised backpropagation를 사용하는 형태로 학습을 진행한다.",definition
203,https://ko.wikipedia.org/wiki/%EB%94%A5_%EB%9F%AC%EB%8B%9D,"딥 러닝 - 위키백과, 우리 모두의 백과사전",딥 러닝의 역사,"또한 불연속 시뮬레이션에서 초기 상태를 어떻게 선택하느냐에 따라 수렴이 안되고 진동 또는 발산하는 문제, 트레이닝셋에 너무 가깝게 맞추어 학습되는 과적합 (Overfitting) 문제, 원론적으로 생물학적 신경망과는 다르다는 이슈들이 끊임 없이 제기되면서인공신경망은 관심에서 멀어졌고 90년대와 2000년대에는서포트 벡터 머신같은 기법들이 각광받게 된다. 본격적으로 딥 러닝이란 용어를 사용한 것은 2000년대 딥 러닝의 중흥기를 이끌어간다고 평가할 수 있는제프리 힌튼과 Ruslan Salakhutdinov에 의해서이며, 기존 신경망의과적합문제를 해결하기 위해 이들은 unsupervised RBM(restricted Boltzmann machine)을 통해 학습시킬 앞먹임 신경망(Feedforward Neural Network)의 각 층을 효과적으로 사전훈련(pre-trainning)하여과적합을 방지할 수 있는 수준의 initialize point를 잡았고, 이를 다시 supervised backpropagation를 사용하는 형태로 학습을 진행한다. 또한 2013년에는 신호처리학회인 ICASSP에서 RBM을 대체하여과적합을 방지할 수 있는 Drop-out이라는 개념이 소개되면서 사전훈련보다 훨씬 더 간단하고 강력한 형태로과적합을 방지할 수 있게 되었다.",1-1,2000년에 인공지능 분야에서 어떤 일이 있었나요?,"또한 불연속 시뮬레이션에서 초기 상태를 어떻게 선택하느냐에 따라 수렴이 안되고 진동 또는 발산하는 문제, 트레이닝셋에 너무 가깝게 맞추어 학습되는 과적합 (Overfitting) 문제, 원론적으로 생물학적 신경망과는 다르다는 이슈들이 끊임 없이 제기되면서인공신경망은 관심에서 멀어졌고 90년대와 2000년대에는서포트 벡터 머신같은 기법들이 각광받게 된다.",temporal
204,https://ko.wikipedia.org/wiki/%EB%94%A5_%EB%9F%AC%EB%8B%9D,"딥 러닝 - 위키백과, 우리 모두의 백과사전",딥 러닝의 역사,"또한 불연속 시뮬레이션에서 초기 상태를 어떻게 선택하느냐에 따라 수렴이 안되고 진동 또는 발산하는 문제, 트레이닝셋에 너무 가깝게 맞추어 학습되는 과적합 (Overfitting) 문제, 원론적으로 생물학적 신경망과는 다르다는 이슈들이 끊임 없이 제기되면서인공신경망은 관심에서 멀어졌고 90년대와 2000년대에는서포트 벡터 머신같은 기법들이 각광받게 된다. 본격적으로 딥 러닝이란 용어를 사용한 것은 2000년대 딥 러닝의 중흥기를 이끌어간다고 평가할 수 있는제프리 힌튼과 Ruslan Salakhutdinov에 의해서이며, 기존 신경망의과적합문제를 해결하기 위해 이들은 unsupervised RBM(restricted Boltzmann machine)을 통해 학습시킬 앞먹임 신경망(Feedforward Neural Network)의 각 층을 효과적으로 사전훈련(pre-trainning)하여과적합을 방지할 수 있는 수준의 initialize point를 잡았고, 이를 다시 supervised backpropagation를 사용하는 형태로 학습을 진행한다. 또한 2013년에는 신호처리학회인 ICASSP에서 RBM을 대체하여과적합을 방지할 수 있는 Drop-out이라는 개념이 소개되면서 사전훈련보다 훨씬 더 간단하고 강력한 형태로과적합을 방지할 수 있게 되었다.",1-1,2013년에 인공지능 분야에서 어떤 일이 있었나요?,또한 2013년에는 신호처리학회인 ICASSP에서 RBM을 대체하여과적합을 방지할 수 있는 Drop-out이라는 개념이 소개되면서 사전훈련보다 훨씬 더 간단하고 강력한 형태로과적합을 방지할 수 있게 되었다.,temporal
205,https://ko.wikipedia.org/wiki/%EB%94%A5_%EB%9F%AC%EB%8B%9D,"딥 러닝 - 위키백과, 우리 모두의 백과사전",왜 다시 딥 러닝인가?,"딥 러닝이 부활하게 된 이유는 크게 세 가지로 꼽힌다. 첫 번째는 앞서 딥 러닝의 역사에서 언급한 바 있는 기존인공신경망모델의 단점이 극복되었다는 점이다. 그러나과적합문제만 해결되었다고 해서 느린 학습시간이 줄어드는 것은 아니다. 두 번째 이유로, 여기에는 하드웨어의 발전이라는 또다른 요인이 존재 한다. 특히 강력한GPU는 딥 러닝에서 복잡한 행렬 연산에 소요되는 시간을 크게 단축시켰다. 마지막으로 언급하지만 가장 중요한 세 번째 이유로 빅 데이터를 들 수 있다. 대량으로 쏟아져 나오는 데이터들, 그리고 그것들을 수집하기 위한 노력 특히 SNS 사용자들에 의해 생산되는 다량의 자료와 태그정보들 모두가 종합되고 분석 되어 학습에 이용될 수 있다. -인공신경망의 학습에 사용되는 트레이닝벡터는 이름이 붙어 있는(labeled) 데이터여야 하는데(supervised learning의 경우) 대량의 트레이닝셋 모두에 label을 달아주는 일은 불가능한 일이다. 이런 이유로 초기 학습에 사용되는 일부 데이터에 대해서만 지도학습(supervised learning)을 수행하고 나머지 트레이닝셋에 대해서는 비지도학습(unsupervised learning)을 진행하며, 학습된 결과는 기존 학습의 결과와 앞서 분석된 메타태그 정보들을 종합하여 인식기가 완성 된다.",2-0,딥 러닝에서 '왜 다시 딥 러닝인가?'은(는) 무엇을 다루나요?,"딥 러닝이 부활하게 된 이유는 크게 세 가지로 꼽힌다. 첫 번째는 앞서 딥 러닝의 역사에서 언급한 바 있는 기존인공신경망모델의 단점이 극복되었다는 점이다. 그러나과적합문제만 해결되었다고 해서 느린 학습시간이 줄어드는 것은 아니다. 두 번째 이유로, 여기에는 하드웨어의 발전이라는 또다른 요인이 존재 한다. 특히 강력한GPU는 딥 러닝에서 복잡한 행렬 연산에 소요되는 시간을 크게 단축시켰다. 마지막으로 언급하지만 가장 중요한 세 번째 이유로 빅 데이터를 들 수 있다. 대량으로 쏟아져 나오는 데이터들, 그리고 그것들을 수집하기 위한 노력 특히 SNS 사용자들에 의해 생산되는 다량의 자료와 태그정보들 모두가 종합되고 분석 되어 학습에 이용될 수 있다. -인공신경망의 학습에 사용되는 트레이닝벡터는 이름이 붙어 있는(labeled) 데이터여야 하는데(supervised learning의 경우) 대량의 트레이닝셋 모두에 label을 달아주는 일은 불가능한 일이다. 이런 이유로 초기 학습에 사용되",summarization
206,https://ko.wikipedia.org/wiki/%EB%94%A5_%EB%9F%AC%EB%8B%9D,"딥 러닝 - 위키백과, 우리 모두의 백과사전",왜 다시 딥 러닝인가?,"딥 러닝이 부활하게 된 이유는 크게 세 가지로 꼽힌다. 첫 번째는 앞서 딥 러닝의 역사에서 언급한 바 있는 기존인공신경망모델의 단점이 극복되었다는 점이다. 그러나과적합문제만 해결되었다고 해서 느린 학습시간이 줄어드는 것은 아니다. 두 번째 이유로, 여기에는 하드웨어의 발전이라는 또다른 요인이 존재 한다. 특히 강력한GPU는 딥 러닝에서 복잡한 행렬 연산에 소요되는 시간을 크게 단축시켰다. 마지막으로 언급하지만 가장 중요한 세 번째 이유로 빅 데이터를 들 수 있다. 대량으로 쏟아져 나오는 데이터들, 그리고 그것들을 수집하기 위한 노력 특히 SNS 사용자들에 의해 생산되는 다량의 자료와 태그정보들 모두가 종합되고 분석 되어 학습에 이용될 수 있다. -인공신경망의 학습에 사용되는 트레이닝벡터는 이름이 붙어 있는(labeled) 데이터여야 하는데(supervised learning의 경우) 대량의 트레이닝셋 모두에 label을 달아주는 일은 불가능한 일이다. 이런 이유로 초기 학습에 사용되는 일부 데이터에 대해서만 지도학습(supervised learning)을 수행하고 나머지 트레이닝셋에 대해서는 비지도학습(unsupervised learning)을 진행하며, 학습된 결과는 기존 학습의 결과와 앞서 분석된 메타태그 정보들을 종합하여 인식기가 완성 된다.",2-0,되는 트레이닝벡터는 이름이 붙어 있는(labeled)의 정의를 설명해주세요.,-인공신경망의 학습에 사용되는 트레이닝벡터는 이름이 붙어 있는(labeled) 데이터여야 하는데(supervised learning의 경우) 대량의 트레이닝셋 모두에 label을 달아주는 일은 불가능한 일이다.,definition
207,https://ko.wikipedia.org/wiki/%EB%94%A5_%EB%9F%AC%EB%8B%9D,"딥 러닝 - 위키백과, 우리 모두의 백과사전",왜 다시 딥 러닝인가?,"딥 러닝이 부활하게 된 이유는 크게 세 가지로 꼽힌다. 첫 번째는 앞서 딥 러닝의 역사에서 언급한 바 있는 기존인공신경망모델의 단점이 극복되었다는 점이다. 그러나과적합문제만 해결되었다고 해서 느린 학습시간이 줄어드는 것은 아니다. 두 번째 이유로, 여기에는 하드웨어의 발전이라는 또다른 요인이 존재 한다. 특히 강력한GPU는 딥 러닝에서 복잡한 행렬 연산에 소요되는 시간을 크게 단축시켰다. 마지막으로 언급하지만 가장 중요한 세 번째 이유로 빅 데이터를 들 수 있다. 대량으로 쏟아져 나오는 데이터들, 그리고 그것들을 수집하기 위한 노력 특히 SNS 사용자들에 의해 생산되는 다량의 자료와 태그정보들 모두가 종합되고 분석 되어 학습에 이용될 수 있다. -인공신경망의 학습에 사용되는 트레이닝벡터는 이름이 붙어 있는(labeled) 데이터여야 하는데(supervised learning의 경우) 대량의 트레이닝셋 모두에 label을 달아주는 일은 불가능한 일이다. 이런 이유로 초기 학습에 사용되는 일부 데이터에 대해서만 지도학습(supervised learning)을 수행하고 나머지 트레이닝셋에 대해서는 비지도학습(unsupervised learning)을 진행하며, 학습된 결과는 기존 학습의 결과와 앞서 분석된 메타태그 정보들을 종합하여 인식기가 완성 된다.",2-0,되는 일부 데이터에 대해서만 지도학습(supervised learning)의 정의를 설명해주세요.,"이런 이유로 초기 학습에 사용되는 일부 데이터에 대해서만 지도학습(supervised learning)을 수행하고 나머지 트레이닝셋에 대해서는 비지도학습(unsupervised learning)을 진행하며, 학습된 결과는 기존 학습의 결과와 앞서 분석된 메타태그 정보들을 종합하여 인식기가 완성 된다.",definition
208,https://ko.wikipedia.org/wiki/%EB%94%A5_%EB%9F%AC%EB%8B%9D,"딥 러닝 - 위키백과, 우리 모두의 백과사전",왜 다시 딥 러닝인가?,"딥 러닝이 부활하게 된 이유는 크게 세 가지로 꼽힌다. 첫 번째는 앞서 딥 러닝의 역사에서 언급한 바 있는 기존인공신경망모델의 단점이 극복되었다는 점이다. 그러나과적합문제만 해결되었다고 해서 느린 학습시간이 줄어드는 것은 아니다. 두 번째 이유로, 여기에는 하드웨어의 발전이라는 또다른 요인이 존재 한다. 특히 강력한GPU는 딥 러닝에서 복잡한 행렬 연산에 소요되는 시간을 크게 단축시켰다. 마지막으로 언급하지만 가장 중요한 세 번째 이유로 빅 데이터를 들 수 있다. 대량으로 쏟아져 나오는 데이터들, 그리고 그것들을 수집하기 위한 노력 특히 SNS 사용자들에 의해 생산되는 다량의 자료와 태그정보들 모두가 종합되고 분석 되어 학습에 이용될 수 있다. -인공신경망의 학습에 사용되는 트레이닝벡터는 이름이 붙어 있는(labeled) 데이터여야 하는데(supervised learning의 경우) 대량의 트레이닝셋 모두에 label을 달아주는 일은 불가능한 일이다. 이런 이유로 초기 학습에 사용되는 일부 데이터에 대해서만 지도학습(supervised learning)을 수행하고 나머지 트레이닝셋에 대해서는 비지도학습(unsupervised learning)을 진행하며, 학습된 결과는 기존 학습의 결과와 앞서 분석된 메타태그 정보들을 종합하여 인식기가 완성 된다.",2-0,머지 트레이닝셋에 대해서는 비지도학습(unsupervised learning)의 정의를 설명해주세요.,"이런 이유로 초기 학습에 사용되는 일부 데이터에 대해서만 지도학습(supervised learning)을 수행하고 나머지 트레이닝셋에 대해서는 비지도학습(unsupervised learning)을 진행하며, 학습된 결과는 기존 학습의 결과와 앞서 분석된 메타태그 정보들을 종합하여 인식기가 완성 된다.",definition
209,https://ko.wikipedia.org/wiki/%EB%94%A5_%EB%9F%AC%EB%8B%9D,"딥 러닝 - 위키백과, 우리 모두의 백과사전",왜 다시 딥 러닝인가?,"딥 러닝의 부활 이후 다양한 분야, 특히 자동 음성 인식(ASR, automatic speech recognition)과 컴퓨터비전 분야에서 최고수준의 성능을 보여주고 있으며 이들은 보통 딥 러닝의 새로운 응용들의 지속적인 성능 향상을 위해 만들어진 TIMIT(Texas Instruments와 MIT가 제작한 음성 Database), MNIST(이미지 클러스터링을 위한 hand-written 숫자 이미지 데이터베이스로 National Institute of Standards and Technology가 제작) 등의 데이터베이스를 사용했다. 최근에는 Convolution Neural Networks 기반의 딥 러닝 알고리즘이 뛰어난 성능을 발휘하고 있으며, 컴퓨터비전과 음성인식등의 분야에서 특히 탁월한 성능을 보이고 있다. 다양한 종류의 심층 신경망 구조가 존재하지만, 대부분의 경우 대표적인 몇 가지 구조들에서 파생된 것이다. 그렇지만 여러 종류의 구조들의 성능을 동시에 비교하는 것이 항상 가능한 것은 아닌데, 그 이유는 특정 구조들의 경우 주어진데이터집합에 적합하도록 구현되지 않은 경우도 있기 때문이다.",2-1,"특히 자동 음성 인식(ASR, automatic speech recognition)의 정의를 설명해주세요.","딥 러닝의 부활 이후 다양한 분야, 특히 자동 음성 인식(ASR, automatic speech recognition)과 컴퓨터비전 분야에서 최고수준의 성능을 보여주고 있으며 이들은 보통 딥 러닝의 새로운 응용들의 지속적인 성능 향상을 위해 만들어진 TIMIT(Texas Instruments와 MIT가 제작한 음성 Database), MNIST(이미지 클러스터링을 위한 hand-written 숫자 이미지 데이터베이스로 National Institute of Standards and Technology가 제작) 등의 데이터베이스를 사용했다.",definition
210,https://ko.wikipedia.org/wiki/%EB%94%A5_%EB%9F%AC%EB%8B%9D,"딥 러닝 - 위키백과, 우리 모두의 백과사전","심층 신경망(Deep Neural Network, DNN)","심층 신경망(Deep Neural Network, DNN)은 입력층(input layer)과 출력층(output layer) 사이에 여러 개의 은닉층(hidden layer)들로 이뤄진인공신경망(Artificial Neural Network, ANN)이다.심층 신경망은 일반적인인공신경망과 마찬가지로 복잡한비선형관계(non-linear relationship)들을모델링할 수 있다. 예를 들어, 물체 식별모델을 위한 심층 신경망 구조에서는 각 물체가 영상의 기본적 요소들의 계층적 구성으로 표현될 수 있다.이때, 추가 계층들은 점진적으로 모여진 하위 계층들의 특징들을 규합시킬 수 있다. 심층 신경망의 이러한 특징은, 비슷하게 수행된인공신경망에 비해 더 적은 수의유닛(unit, node)들 만으로도 복잡한데이터를모델링할 수 있게 해준다. 이전의 심층 신경망들은 보통 앞먹임 신경망으로 설계되어 왔지만, 최근의 연구들은 심층 학습 구조들을 순환 신경망(Recurrent Neural Network, RNN)에 성공적으로 적용했다.",3-0,"딥 러닝에서 '심층 신경망(Deep Neural Network, DNN)'은(는) 무엇을 다루나요?","심층 신경망(Deep Neural Network, DNN)은 입력층(input layer)과 출력층(output layer) 사이에 여러 개의 은닉층(hidden layer)들로 이뤄진인공신경망(Artificial Neural Network, ANN)이다.심층 신경망은 일반적인인공신경망과 마찬가지로 복잡한비선형관계(non-linear relationship)들을모델링할 수 있다. 예를 들어, 물체 식별모델을 위한 심층 신경망 구조에서는 각 물체가 영상의 기본적 요소들의 계층적 구성으로 표현될 수 있다.이때, 추가 계층들은 점진적으로 모여진 하위 계층들의 특징들을 규합시킬 수 있다. 심층 신경망의 이러한 특징은, 비슷하게 수행된인공신경망에 비해 더 적은 수의유닛(unit, node)들 만으로도 복잡한데이터를모델링할 수 있게 해준다. 이전의 심층 신경망들은 보통 앞먹임 신경망으로 설계되어 왔지만, 최근의 연구들은 심층 학습 구조들을 순환 신경망(Recurrent Neural Networ",summarization
211,https://ko.wikipedia.org/wiki/%EB%94%A5_%EB%9F%AC%EB%8B%9D,"딥 러닝 - 위키백과, 우리 모두의 백과사전","심층 신경망(Deep Neural Network, DNN)","심층 신경망(Deep Neural Network, DNN)은 입력층(input layer)과 출력층(output layer) 사이에 여러 개의 은닉층(hidden layer)들로 이뤄진인공신경망(Artificial Neural Network, ANN)이다.심층 신경망은 일반적인인공신경망과 마찬가지로 복잡한비선형관계(non-linear relationship)들을모델링할 수 있다. 예를 들어, 물체 식별모델을 위한 심층 신경망 구조에서는 각 물체가 영상의 기본적 요소들의 계층적 구성으로 표현될 수 있다.이때, 추가 계층들은 점진적으로 모여진 하위 계층들의 특징들을 규합시킬 수 있다. 심층 신경망의 이러한 특징은, 비슷하게 수행된인공신경망에 비해 더 적은 수의유닛(unit, node)들 만으로도 복잡한데이터를모델링할 수 있게 해준다. 이전의 심층 신경망들은 보통 앞먹임 신경망으로 설계되어 왔지만, 최근의 연구들은 심층 학습 구조들을 순환 신경망(Recurrent Neural Network, RNN)에 성공적으로 적용했다.",3-0,"심층 신경망(Deep Neural Network, DNN)의 정의를 설명해주세요.","심층 신경망(Deep Neural Network, DNN)은 입력층(input layer)과 출력층(output layer) 사이에 여러 개의 은닉층(hidden layer)들로 이뤄진인공신경망(Artificial Neural Network, ANN)이다.",definition
212,https://ko.wikipedia.org/wiki/%EB%94%A5_%EB%9F%AC%EB%8B%9D,"딥 러닝 - 위키백과, 우리 모두의 백과사전","심층 신경망(Deep Neural Network, DNN)","심층 신경망(Deep Neural Network, DNN)은 입력층(input layer)과 출력층(output layer) 사이에 여러 개의 은닉층(hidden layer)들로 이뤄진인공신경망(Artificial Neural Network, ANN)이다.심층 신경망은 일반적인인공신경망과 마찬가지로 복잡한비선형관계(non-linear relationship)들을모델링할 수 있다. 예를 들어, 물체 식별모델을 위한 심층 신경망 구조에서는 각 물체가 영상의 기본적 요소들의 계층적 구성으로 표현될 수 있다.이때, 추가 계층들은 점진적으로 모여진 하위 계층들의 특징들을 규합시킬 수 있다. 심층 신경망의 이러한 특징은, 비슷하게 수행된인공신경망에 비해 더 적은 수의유닛(unit, node)들 만으로도 복잡한데이터를모델링할 수 있게 해준다. 이전의 심층 신경망들은 보통 앞먹임 신경망으로 설계되어 왔지만, 최근의 연구들은 심층 학습 구조들을 순환 신경망(Recurrent Neural Network, RNN)에 성공적으로 적용했다.",3-0,은 입력층(input layer)의 정의를 설명해주세요.,"심층 신경망(Deep Neural Network, DNN)은 입력층(input layer)과 출력층(output layer) 사이에 여러 개의 은닉층(hidden layer)들로 이뤄진인공신경망(Artificial Neural Network, ANN)이다.",definition
213,https://ko.wikipedia.org/wiki/%EB%94%A5_%EB%9F%AC%EB%8B%9D,"딥 러닝 - 위키백과, 우리 모두의 백과사전","심층 신경망(Deep Neural Network, DNN)","심층 신경망(Deep Neural Network, DNN)은 입력층(input layer)과 출력층(output layer) 사이에 여러 개의 은닉층(hidden layer)들로 이뤄진인공신경망(Artificial Neural Network, ANN)이다.심층 신경망은 일반적인인공신경망과 마찬가지로 복잡한비선형관계(non-linear relationship)들을모델링할 수 있다. 예를 들어, 물체 식별모델을 위한 심층 신경망 구조에서는 각 물체가 영상의 기본적 요소들의 계층적 구성으로 표현될 수 있다.이때, 추가 계층들은 점진적으로 모여진 하위 계층들의 특징들을 규합시킬 수 있다. 심층 신경망의 이러한 특징은, 비슷하게 수행된인공신경망에 비해 더 적은 수의유닛(unit, node)들 만으로도 복잡한데이터를모델링할 수 있게 해준다. 이전의 심층 신경망들은 보통 앞먹임 신경망으로 설계되어 왔지만, 최근의 연구들은 심층 학습 구조들을 순환 신경망(Recurrent Neural Network, RNN)에 성공적으로 적용했다.",3-0,과 출력층(output layer)의 정의를 설명해주세요.,"심층 신경망(Deep Neural Network, DNN)은 입력층(input layer)과 출력층(output layer) 사이에 여러 개의 은닉층(hidden layer)들로 이뤄진인공신경망(Artificial Neural Network, ANN)이다.",definition
214,https://ko.wikipedia.org/wiki/%EB%94%A5_%EB%9F%AC%EB%8B%9D,"딥 러닝 - 위키백과, 우리 모두의 백과사전","심층 신경망(Deep Neural Network, DNN)","일례로 언어 모델링(language modeling) 분야에 심층 신경망 구조를 적용한 사례 등이 있다합성곱 신경망(Convolutional Neural Network, CNN)의 경우에는컴퓨터 비전(computer vision) 분야에서 잘 적용되었을 뿐만 아니라, 각각의 성공적인 적용 사례에 대한 문서화 또한 잘 되어 있다.더욱 최근에는 합성곱 신경망이 자동음성인식(Automatic Speech Recognition, ASR)을 위한 음향 모델링(acoustic modeling) 분야에 적용되었으며, 기존의모델들보다 더욱 성공적으로 적용되었다는 평가를 받고 있다. 심층 신경망은 표준오류역전파 알고리즘으로 학습될 수 있다. 이때, 가중치(weight)들은 아래의 등식을 이용한 확률적경사 하강법(stochastic gradient descent)을 통하여 갱신될 수 있다. 여기서,η{\displaystyle \eta }는 학습률(learning rate)을 의미하며,C{\displaystyle C}는비용함수(cost function)를 의미한다.비용함수의 선택은 학습의 형태(지도 학습,자율 학습 (기계 학습),강화 학습등)와 활성화함수(activation function)같은 요인들에 의해서 결정된다. 예를 들면, 다종 분류 문제(multiclass classification problem)에지도 학습을 수행할 때, 일반적으로 활성화함수와비용함수는 각각 softmax 함수와 교차 엔트로피 함수(cross entropy function)로 결정된다.",3-1,일례로 언어 모델링(language modeling)의 정의를 설명해주세요.,"일례로 언어 모델링(language modeling) 분야에 심층 신경망 구조를 적용한 사례 등이 있다합성곱 신경망(Convolutional Neural Network, CNN)의 경우에는컴퓨터 비전(computer vision) 분야에서 잘 적용되었을 뿐만 아니라, 각각의 성공적인 적용 사례에 대한 문서화 또한 잘 되어 있다.",definition
215,https://ko.wikipedia.org/wiki/%EB%94%A5_%EB%9F%AC%EB%8B%9D,"딥 러닝 - 위키백과, 우리 모두의 백과사전","심층 신경망(Deep Neural Network, DNN)","일례로 언어 모델링(language modeling) 분야에 심층 신경망 구조를 적용한 사례 등이 있다합성곱 신경망(Convolutional Neural Network, CNN)의 경우에는컴퓨터 비전(computer vision) 분야에서 잘 적용되었을 뿐만 아니라, 각각의 성공적인 적용 사례에 대한 문서화 또한 잘 되어 있다.더욱 최근에는 합성곱 신경망이 자동음성인식(Automatic Speech Recognition, ASR)을 위한 음향 모델링(acoustic modeling) 분야에 적용되었으며, 기존의모델들보다 더욱 성공적으로 적용되었다는 평가를 받고 있다. 심층 신경망은 표준오류역전파 알고리즘으로 학습될 수 있다. 이때, 가중치(weight)들은 아래의 등식을 이용한 확률적경사 하강법(stochastic gradient descent)을 통하여 갱신될 수 있다. 여기서,η{\displaystyle \eta }는 학습률(learning rate)을 의미하며,C{\displaystyle C}는비용함수(cost function)를 의미한다.비용함수의 선택은 학습의 형태(지도 학습,자율 학습 (기계 학습),강화 학습등)와 활성화함수(activation function)같은 요인들에 의해서 결정된다. 예를 들면, 다종 분류 문제(multiclass classification problem)에지도 학습을 수행할 때, 일반적으로 활성화함수와비용함수는 각각 softmax 함수와 교차 엔트로피 함수(cross entropy function)로 결정된다.",3-1,"적용한 사례 등이 있다합성곱 신경망(Convolutional Neural Network, CNN)의 정의를 설명해주세요.","일례로 언어 모델링(language modeling) 분야에 심층 신경망 구조를 적용한 사례 등이 있다합성곱 신경망(Convolutional Neural Network, CNN)의 경우에는컴퓨터 비전(computer vision) 분야에서 잘 적용되었을 뿐만 아니라, 각각의 성공적인 적용 사례에 대한 문서화 또한 잘 되어 있다.",definition
216,https://ko.wikipedia.org/wiki/%EB%94%A5_%EB%9F%AC%EB%8B%9D,"딥 러닝 - 위키백과, 우리 모두의 백과사전","심층 신경망(Deep Neural Network, DNN)","일례로 언어 모델링(language modeling) 분야에 심층 신경망 구조를 적용한 사례 등이 있다합성곱 신경망(Convolutional Neural Network, CNN)의 경우에는컴퓨터 비전(computer vision) 분야에서 잘 적용되었을 뿐만 아니라, 각각의 성공적인 적용 사례에 대한 문서화 또한 잘 되어 있다.더욱 최근에는 합성곱 신경망이 자동음성인식(Automatic Speech Recognition, ASR)을 위한 음향 모델링(acoustic modeling) 분야에 적용되었으며, 기존의모델들보다 더욱 성공적으로 적용되었다는 평가를 받고 있다. 심층 신경망은 표준오류역전파 알고리즘으로 학습될 수 있다. 이때, 가중치(weight)들은 아래의 등식을 이용한 확률적경사 하강법(stochastic gradient descent)을 통하여 갱신될 수 있다. 여기서,η{\displaystyle \eta }는 학습률(learning rate)을 의미하며,C{\displaystyle C}는비용함수(cost function)를 의미한다.비용함수의 선택은 학습의 형태(지도 학습,자율 학습 (기계 학습),강화 학습등)와 활성화함수(activation function)같은 요인들에 의해서 결정된다. 예를 들면, 다종 분류 문제(multiclass classification problem)에지도 학습을 수행할 때, 일반적으로 활성화함수와비용함수는 각각 softmax 함수와 교차 엔트로피 함수(cross entropy function)로 결정된다.",3-1,의 경우에는컴퓨터 비전(computer vision)의 정의를 설명해주세요.,"일례로 언어 모델링(language modeling) 분야에 심층 신경망 구조를 적용한 사례 등이 있다합성곱 신경망(Convolutional Neural Network, CNN)의 경우에는컴퓨터 비전(computer vision) 분야에서 잘 적용되었을 뿐만 아니라, 각각의 성공적인 적용 사례에 대한 문서화 또한 잘 되어 있다.",definition
217,https://ko.wikipedia.org/wiki/%EB%94%A5_%EB%9F%AC%EB%8B%9D,"딥 러닝 - 위키백과, 우리 모두의 백과사전","심층 신경망(Deep Neural Network, DNN)","softmax 함수는pj=exp⁡(xj)∑kexp⁡(xk){\displaystyle p_{j}={\frac {\exp(x_{j})}{\sum _{k}\exp(x_{k})}}}로 정의된다, 이때,pj{\displaystyle p_{j}}는 클래스 확률(class probability)을 나타내며,xj{\displaystyle x_{j}}와xk{\displaystyle x_{k}}는 각각 유닛j{\displaystyle j}로의 전체 입력(total input)과 유닛k{\displaystyle k}로의 전체 입력을 나타낸다. 교차 엔트로피는C=−∑jdjlog⁡(pj){\displaystyle C=-\sum _{j}d_{j}\log(p_{j})}로 정의된다, 이때,dj{\displaystyle d_{j}}는 출력 유닛j{\displaystyle j}에 대한 목표 확률(target probability)을 나타내며,pj{\displaystyle p_{j}}는 해당 활성화함수를 적용한 이후의j{\displaystyle j}에 대한 확률 출력(probability output)이다.",3-2,는 클래스 확률(class probability)의 정의를 설명해주세요.,"softmax 함수는pj=exp⁡(xj)∑kexp⁡(xk){\displaystyle p_{j}={\frac {\exp(x_{j})}{\sum _{k}\exp(x_{k})}}}로 정의된다, 이때,pj{\displaystyle p_{j}}는 클래스 확률(class probability)을 나타내며,xj{\displaystyle x_{j}}와xk{\displaystyle x_{k}}는 각각 유닛j{\displaystyle j}로의 전체 입력(total input)과 유닛k{\displaystyle k}로의 전체 입력을 나타낸다.",definition
218,https://ko.wikipedia.org/wiki/%EB%94%A5_%EB%9F%AC%EB%8B%9D,"딥 러닝 - 위키백과, 우리 모두의 백과사전","심층 신경망(Deep Neural Network, DNN)","softmax 함수는pj=exp⁡(xj)∑kexp⁡(xk){\displaystyle p_{j}={\frac {\exp(x_{j})}{\sum _{k}\exp(x_{k})}}}로 정의된다, 이때,pj{\displaystyle p_{j}}는 클래스 확률(class probability)을 나타내며,xj{\displaystyle x_{j}}와xk{\displaystyle x_{k}}는 각각 유닛j{\displaystyle j}로의 전체 입력(total input)과 유닛k{\displaystyle k}로의 전체 입력을 나타낸다. 교차 엔트로피는C=−∑jdjlog⁡(pj){\displaystyle C=-\sum _{j}d_{j}\log(p_{j})}로 정의된다, 이때,dj{\displaystyle d_{j}}는 출력 유닛j{\displaystyle j}에 대한 목표 확률(target probability)을 나타내며,pj{\displaystyle p_{j}}는 해당 활성화함수를 적용한 이후의j{\displaystyle j}에 대한 확률 출력(probability output)이다.",3-2,로의 전체 입력(total input)의 정의를 설명해주세요.,"softmax 함수는pj=exp⁡(xj)∑kexp⁡(xk){\displaystyle p_{j}={\frac {\exp(x_{j})}{\sum _{k}\exp(x_{k})}}}로 정의된다, 이때,pj{\displaystyle p_{j}}는 클래스 확률(class probability)을 나타내며,xj{\displaystyle x_{j}}와xk{\displaystyle x_{k}}는 각각 유닛j{\displaystyle j}로의 전체 입력(total input)과 유닛k{\displaystyle k}로의 전체 입력을 나타낸다.",definition
219,https://ko.wikipedia.org/wiki/%EB%94%A5_%EB%9F%AC%EB%8B%9D,"딥 러닝 - 위키백과, 우리 모두의 백과사전","심층 신경망(Deep Neural Network, DNN)","softmax 함수는pj=exp⁡(xj)∑kexp⁡(xk){\displaystyle p_{j}={\frac {\exp(x_{j})}{\sum _{k}\exp(x_{k})}}}로 정의된다, 이때,pj{\displaystyle p_{j}}는 클래스 확률(class probability)을 나타내며,xj{\displaystyle x_{j}}와xk{\displaystyle x_{k}}는 각각 유닛j{\displaystyle j}로의 전체 입력(total input)과 유닛k{\displaystyle k}로의 전체 입력을 나타낸다. 교차 엔트로피는C=−∑jdjlog⁡(pj){\displaystyle C=-\sum _{j}d_{j}\log(p_{j})}로 정의된다, 이때,dj{\displaystyle d_{j}}는 출력 유닛j{\displaystyle j}에 대한 목표 확률(target probability)을 나타내며,pj{\displaystyle p_{j}}는 해당 활성화함수를 적용한 이후의j{\displaystyle j}에 대한 확률 출력(probability output)이다.",3-2,에 대한 목표 확률(target probability)의 정의를 설명해주세요.,"교차 엔트로피는C=−∑jdjlog⁡(pj){\displaystyle C=-\sum _{j}d_{j}\log(p_{j})}로 정의된다, 이때,dj{\displaystyle d_{j}}는 출력 유닛j{\displaystyle j}에 대한 목표 확률(target probability)을 나타내며,pj{\displaystyle p_{j}}는 해당 활성화함수를 적용한 이후의j{\displaystyle j}에 대한 확률 출력(probability output)이다.",definition
220,https://ko.wikipedia.org/wiki/%EB%94%A5_%EB%9F%AC%EB%8B%9D,"딥 러닝 - 위키백과, 우리 모두의 백과사전",심층 신경망의 문제점,"기존의인공신경망과 같이, 심층 신경망 또한 나이브(naive)한 방식으로 학습될 경우 많은 문제들이 발생할 수 있다. 그 중과적합과 높은시간 복잡도가 흔히 발생하는 문제들이다. 심층 신경망이과적합에 취약한 이유는 추가된 계층들이 학습데이터의 rare dependency의 모형화가 가능하도록 해주기 때문이다.과적합을 극복하기 위해서 weight decay (ℓ2{\displaystyle \ell _{2}}–regularization) 또는 sparsity (ℓ1{\displaystyle \ell _{1}}–regularization) 와 같은정칙화(regularization) 방법들이 사용될 수 있다.그리고 최근에 들어서는 심층 신경망에 적용되고 있는 정칙화 방법 중 하나로 dropout 정칙화가 등장했다. dropout 정칙화에서는 학습 도중 은닉 계층들의 몇몇유닛들이 임의로 생략된다. 이러한 방법은 학습 데이터(training data)에서 발생할 수 있는 rare dependency를 해결하는데 도움을 준다. 오차역전파법과경사 하강법은 구현의 용이함과 국지적 최적화(local optima)에 잘 도달한다는 특성으로 인해 다른 방법들에 비해 선호되어온 방법들이다. 그러나 이 방법들은 심층 신경망을 학습 시킬 때시간 복잡도가 매우 높다. 심층 신경망을 학습시킬 때에는 크기(계층의 수 와 계층 당 유닛 수), 학습률, 초기 가중치 등 많은매개변수(parameter)들이 고려되어야 한다.",4-0,딥 러닝에서 '심층 신경망의 문제점'은(는) 무엇을 다루나요?,"기존의인공신경망과 같이, 심층 신경망 또한 나이브(naive)한 방식으로 학습될 경우 많은 문제들이 발생할 수 있다. 그 중과적합과 높은시간 복잡도가 흔히 발생하는 문제들이다. 심층 신경망이과적합에 취약한 이유는 추가된 계층들이 학습데이터의 rare dependency의 모형화가 가능하도록 해주기 때문이다.과적합을 극복하기 위해서 weight decay (ℓ2{\displaystyle \ell _{2}}–regularization) 또는 sparsity (ℓ1{\displaystyle \ell _{1}}–regularization) 와 같은정칙화(regularization) 방법들이 사용될 수 있다.그리고 최근에 들어서는 심층 신경망에 적용되고 있는 정칙화 방법 중 하나로 dropout 정칙화가 등장했다. dropout 정칙화에서는 학습 도중 은닉 계층들의 몇몇유닛들이 임의로 생략된다. 이러한 방법은 학습 데이터(training data)에서 발생할 수 있는 rare dependen",summarization
221,https://ko.wikipedia.org/wiki/%EB%94%A5_%EB%9F%AC%EB%8B%9D,"딥 러닝 - 위키백과, 우리 모두의 백과사전",심층 신경망의 문제점,"기존의인공신경망과 같이, 심층 신경망 또한 나이브(naive)한 방식으로 학습될 경우 많은 문제들이 발생할 수 있다. 그 중과적합과 높은시간 복잡도가 흔히 발생하는 문제들이다. 심층 신경망이과적합에 취약한 이유는 추가된 계층들이 학습데이터의 rare dependency의 모형화가 가능하도록 해주기 때문이다.과적합을 극복하기 위해서 weight decay (ℓ2{\displaystyle \ell _{2}}–regularization) 또는 sparsity (ℓ1{\displaystyle \ell _{1}}–regularization) 와 같은정칙화(regularization) 방법들이 사용될 수 있다.그리고 최근에 들어서는 심층 신경망에 적용되고 있는 정칙화 방법 중 하나로 dropout 정칙화가 등장했다. dropout 정칙화에서는 학습 도중 은닉 계층들의 몇몇유닛들이 임의로 생략된다. 이러한 방법은 학습 데이터(training data)에서 발생할 수 있는 rare dependency를 해결하는데 도움을 준다. 오차역전파법과경사 하강법은 구현의 용이함과 국지적 최적화(local optima)에 잘 도달한다는 특성으로 인해 다른 방법들에 비해 선호되어온 방법들이다. 그러나 이 방법들은 심층 신경망을 학습 시킬 때시간 복잡도가 매우 높다. 심층 신경망을 학습시킬 때에는 크기(계층의 수 와 계층 당 유닛 수), 학습률, 초기 가중치 등 많은매개변수(parameter)들이 고려되어야 한다.",4-0,심층 신경망 또한 나이브(naive)의 정의를 설명해주세요.,"기존의인공신경망과 같이, 심층 신경망 또한 나이브(naive)한 방식으로 학습될 경우 많은 문제들이 발생할 수 있다.",definition
222,https://ko.wikipedia.org/wiki/%EB%94%A5_%EB%9F%AC%EB%8B%9D,"딥 러닝 - 위키백과, 우리 모두의 백과사전",심층 신경망의 문제점,"기존의인공신경망과 같이, 심층 신경망 또한 나이브(naive)한 방식으로 학습될 경우 많은 문제들이 발생할 수 있다. 그 중과적합과 높은시간 복잡도가 흔히 발생하는 문제들이다. 심층 신경망이과적합에 취약한 이유는 추가된 계층들이 학습데이터의 rare dependency의 모형화가 가능하도록 해주기 때문이다.과적합을 극복하기 위해서 weight decay (ℓ2{\displaystyle \ell _{2}}–regularization) 또는 sparsity (ℓ1{\displaystyle \ell _{1}}–regularization) 와 같은정칙화(regularization) 방법들이 사용될 수 있다.그리고 최근에 들어서는 심층 신경망에 적용되고 있는 정칙화 방법 중 하나로 dropout 정칙화가 등장했다. dropout 정칙화에서는 학습 도중 은닉 계층들의 몇몇유닛들이 임의로 생략된다. 이러한 방법은 학습 데이터(training data)에서 발생할 수 있는 rare dependency를 해결하는데 도움을 준다. 오차역전파법과경사 하강법은 구현의 용이함과 국지적 최적화(local optima)에 잘 도달한다는 특성으로 인해 다른 방법들에 비해 선호되어온 방법들이다. 그러나 이 방법들은 심층 신경망을 학습 시킬 때시간 복잡도가 매우 높다. 심층 신경망을 학습시킬 때에는 크기(계층의 수 와 계층 당 유닛 수), 학습률, 초기 가중치 등 많은매개변수(parameter)들이 고려되어야 한다.",4-0,와 같은정칙화(regularization)의 정의를 설명해주세요.,과적합을 극복하기 위해서 weight decay (ℓ2{\displaystyle \ell _{2}}–regularization) 또는 sparsity (ℓ1{\displaystyle \ell _{1}}–regularization) 와 같은정칙화(regularization) 방법들이 사용될 수 있다.,definition
223,https://ko.wikipedia.org/wiki/%EB%94%A5_%EB%9F%AC%EB%8B%9D,"딥 러닝 - 위키백과, 우리 모두의 백과사전",심층 신경망의 문제점,"기존의인공신경망과 같이, 심층 신경망 또한 나이브(naive)한 방식으로 학습될 경우 많은 문제들이 발생할 수 있다. 그 중과적합과 높은시간 복잡도가 흔히 발생하는 문제들이다. 심층 신경망이과적합에 취약한 이유는 추가된 계층들이 학습데이터의 rare dependency의 모형화가 가능하도록 해주기 때문이다.과적합을 극복하기 위해서 weight decay (ℓ2{\displaystyle \ell _{2}}–regularization) 또는 sparsity (ℓ1{\displaystyle \ell _{1}}–regularization) 와 같은정칙화(regularization) 방법들이 사용될 수 있다.그리고 최근에 들어서는 심층 신경망에 적용되고 있는 정칙화 방법 중 하나로 dropout 정칙화가 등장했다. dropout 정칙화에서는 학습 도중 은닉 계층들의 몇몇유닛들이 임의로 생략된다. 이러한 방법은 학습 데이터(training data)에서 발생할 수 있는 rare dependency를 해결하는데 도움을 준다. 오차역전파법과경사 하강법은 구현의 용이함과 국지적 최적화(local optima)에 잘 도달한다는 특성으로 인해 다른 방법들에 비해 선호되어온 방법들이다. 그러나 이 방법들은 심층 신경망을 학습 시킬 때시간 복잡도가 매우 높다. 심층 신경망을 학습시킬 때에는 크기(계층의 수 와 계층 당 유닛 수), 학습률, 초기 가중치 등 많은매개변수(parameter)들이 고려되어야 한다.",4-0,이러한 방법은 학습 데이터(training data)의 정의를 설명해주세요.,이러한 방법은 학습 데이터(training data)에서 발생할 수 있는 rare dependency를 해결하는데 도움을 준다.,definition
224,https://ko.wikipedia.org/wiki/%EB%94%A5_%EB%9F%AC%EB%8B%9D,"딥 러닝 - 위키백과, 우리 모두의 백과사전",심층 신경망의 문제점,"하지만 최적의매개변수들을 찾기 위해매개변수공간 전부를 확인하는 것은 계산에 필요한 시간과 자원의 제약으로 인해 불가능하다.시간 복잡도를 해결하기 위해, 미니 배치(mini batch, 여러 학습 예제들의 경사를 동시에 계산), 드롭 아웃(drop out)과 같은 다양한 '묘책’들이 등장하였다.또한,행렬및벡터계산에 특화된GPU는 많은 처리량을 바탕으로 두드러지는 학습 속도 향상을 보여주었다.",4-1,드롭 아웃(drop out)의 정의를 설명해주세요.,"시간 복잡도를 해결하기 위해, 미니 배치(mini batch, 여러 학습 예제들의 경사를 동시에 계산), 드롭 아웃(drop out)과 같은 다양한 '묘책’들이 등장하였다.",definition
225,https://ko.wikipedia.org/wiki/%EB%94%A5_%EB%9F%AC%EB%8B%9D,"딥 러닝 - 위키백과, 우리 모두의 백과사전","합성곱 신경망(Convolutional Neural Network, CNN)","합성곱 신경망(Convolutional Neural Network, CNN)은 최소한의 전처리(preprocess)를 사용하도록 설계된 다계층퍼셉트론(multilayer perceptrons)의 한 종류이다. CNN은 하나 또는 여러개의합성곱계층과 그 위에 올려진 일반적인 인공 신경망 계층들로 이루어져 있으며, 가중치와 통합 계층(pooling layer)들을 추가로 활용한다. 이러한 구조 덕분에 CNN은 2차원 구조의 입력 데이터를 충분히 활용할 수 있다. 다른 딥 러닝 구조들과 비교해서, CNN은 영상, 음성 분야 모두에서 좋은 성능을 보여준다. CNN은 또한 표준 역전달을 통해 훈련될 수 있다. CNN은 다른 피드포워드인공신경망기법들보다 쉽게 훈련되는 편이고 적은 수의 매개변수를 사용한다는 이점이 있다. 최근 딥 러닝에서는 합성곱 심층 신뢰 신경망 (Convolutional Deep Belief Network, CDBN) 가 개발되었는데, 기존 CNN과 구조적으로 매우 비슷해서, 그림의 2차원 구조를 잘 이용할 수 있으며 그와 동시에 심층 신뢰 신경망 (Deep Belief Network, DBN)에서의 선훈련에 의한 장점도 취할 수 있다. CDBN은 다양한 영상과 신호 처리 기법에 사용될 수 있는 일반적인 구조를 제공하며 CIFAR와 같은 표준 이미지 데이터에 대한 여러 벤치마크 결과에 사용되고 있다.",5-0,"딥 러닝에서 '합성곱 신경망(Convolutional Neural Network, CNN)'은(는) 무엇을 다루나요?","합성곱 신경망(Convolutional Neural Network, CNN)은 최소한의 전처리(preprocess)를 사용하도록 설계된 다계층퍼셉트론(multilayer perceptrons)의 한 종류이다. CNN은 하나 또는 여러개의합성곱계층과 그 위에 올려진 일반적인 인공 신경망 계층들로 이루어져 있으며, 가중치와 통합 계층(pooling layer)들을 추가로 활용한다. 이러한 구조 덕분에 CNN은 2차원 구조의 입력 데이터를 충분히 활용할 수 있다. 다른 딥 러닝 구조들과 비교해서, CNN은 영상, 음성 분야 모두에서 좋은 성능을 보여준다. CNN은 또한 표준 역전달을 통해 훈련될 수 있다. CNN은 다른 피드포워드인공신경망기법들보다 쉽게 훈련되는 편이고 적은 수의 매개변수를 사용한다는 이점이 있다. 최근 딥 러닝에서는 합성곱 심층 신뢰 신경망 (Convolutional Deep Belief Network, CDBN) 가 개발되었는데, 기존 CNN과 구조적으로 매우 비슷해서",summarization
226,https://ko.wikipedia.org/wiki/%EB%94%A5_%EB%9F%AC%EB%8B%9D,"딥 러닝 - 위키백과, 우리 모두의 백과사전","합성곱 신경망(Convolutional Neural Network, CNN)","합성곱 신경망(Convolutional Neural Network, CNN)은 최소한의 전처리(preprocess)를 사용하도록 설계된 다계층퍼셉트론(multilayer perceptrons)의 한 종류이다. CNN은 하나 또는 여러개의합성곱계층과 그 위에 올려진 일반적인 인공 신경망 계층들로 이루어져 있으며, 가중치와 통합 계층(pooling layer)들을 추가로 활용한다. 이러한 구조 덕분에 CNN은 2차원 구조의 입력 데이터를 충분히 활용할 수 있다. 다른 딥 러닝 구조들과 비교해서, CNN은 영상, 음성 분야 모두에서 좋은 성능을 보여준다. CNN은 또한 표준 역전달을 통해 훈련될 수 있다. CNN은 다른 피드포워드인공신경망기법들보다 쉽게 훈련되는 편이고 적은 수의 매개변수를 사용한다는 이점이 있다. 최근 딥 러닝에서는 합성곱 심층 신뢰 신경망 (Convolutional Deep Belief Network, CDBN) 가 개발되었는데, 기존 CNN과 구조적으로 매우 비슷해서, 그림의 2차원 구조를 잘 이용할 수 있으며 그와 동시에 심층 신뢰 신경망 (Deep Belief Network, DBN)에서의 선훈련에 의한 장점도 취할 수 있다. CDBN은 다양한 영상과 신호 처리 기법에 사용될 수 있는 일반적인 구조를 제공하며 CIFAR와 같은 표준 이미지 데이터에 대한 여러 벤치마크 결과에 사용되고 있다.",5-0,"합성곱 신경망(Convolutional Neural Network, CNN)의 정의를 설명해주세요.","합성곱 신경망(Convolutional Neural Network, CNN)은 최소한의 전처리(preprocess)를 사용하도록 설계된 다계층퍼셉트론(multilayer perceptrons)의 한 종류이다.",definition
227,https://ko.wikipedia.org/wiki/%EB%94%A5_%EB%9F%AC%EB%8B%9D,"딥 러닝 - 위키백과, 우리 모두의 백과사전","합성곱 신경망(Convolutional Neural Network, CNN)","합성곱 신경망(Convolutional Neural Network, CNN)은 최소한의 전처리(preprocess)를 사용하도록 설계된 다계층퍼셉트론(multilayer perceptrons)의 한 종류이다. CNN은 하나 또는 여러개의합성곱계층과 그 위에 올려진 일반적인 인공 신경망 계층들로 이루어져 있으며, 가중치와 통합 계층(pooling layer)들을 추가로 활용한다. 이러한 구조 덕분에 CNN은 2차원 구조의 입력 데이터를 충분히 활용할 수 있다. 다른 딥 러닝 구조들과 비교해서, CNN은 영상, 음성 분야 모두에서 좋은 성능을 보여준다. CNN은 또한 표준 역전달을 통해 훈련될 수 있다. CNN은 다른 피드포워드인공신경망기법들보다 쉽게 훈련되는 편이고 적은 수의 매개변수를 사용한다는 이점이 있다. 최근 딥 러닝에서는 합성곱 심층 신뢰 신경망 (Convolutional Deep Belief Network, CDBN) 가 개발되었는데, 기존 CNN과 구조적으로 매우 비슷해서, 그림의 2차원 구조를 잘 이용할 수 있으며 그와 동시에 심층 신뢰 신경망 (Deep Belief Network, DBN)에서의 선훈련에 의한 장점도 취할 수 있다. CDBN은 다양한 영상과 신호 처리 기법에 사용될 수 있는 일반적인 구조를 제공하며 CIFAR와 같은 표준 이미지 데이터에 대한 여러 벤치마크 결과에 사용되고 있다.",5-0,은 최소한의 전처리(preprocess)의 정의를 설명해주세요.,"합성곱 신경망(Convolutional Neural Network, CNN)은 최소한의 전처리(preprocess)를 사용하도록 설계된 다계층퍼셉트론(multilayer perceptrons)의 한 종류이다.",definition
228,https://ko.wikipedia.org/wiki/%EB%94%A5_%EB%9F%AC%EB%8B%9D,"딥 러닝 - 위키백과, 우리 모두의 백과사전","합성곱 신경망(Convolutional Neural Network, CNN)","합성곱 신경망(Convolutional Neural Network, CNN)은 최소한의 전처리(preprocess)를 사용하도록 설계된 다계층퍼셉트론(multilayer perceptrons)의 한 종류이다. CNN은 하나 또는 여러개의합성곱계층과 그 위에 올려진 일반적인 인공 신경망 계층들로 이루어져 있으며, 가중치와 통합 계층(pooling layer)들을 추가로 활용한다. 이러한 구조 덕분에 CNN은 2차원 구조의 입력 데이터를 충분히 활용할 수 있다. 다른 딥 러닝 구조들과 비교해서, CNN은 영상, 음성 분야 모두에서 좋은 성능을 보여준다. CNN은 또한 표준 역전달을 통해 훈련될 수 있다. CNN은 다른 피드포워드인공신경망기법들보다 쉽게 훈련되는 편이고 적은 수의 매개변수를 사용한다는 이점이 있다. 최근 딥 러닝에서는 합성곱 심층 신뢰 신경망 (Convolutional Deep Belief Network, CDBN) 가 개발되었는데, 기존 CNN과 구조적으로 매우 비슷해서, 그림의 2차원 구조를 잘 이용할 수 있으며 그와 동시에 심층 신뢰 신경망 (Deep Belief Network, DBN)에서의 선훈련에 의한 장점도 취할 수 있다. CDBN은 다양한 영상과 신호 처리 기법에 사용될 수 있는 일반적인 구조를 제공하며 CIFAR와 같은 표준 이미지 데이터에 대한 여러 벤치마크 결과에 사용되고 있다.",5-0,를 사용하도록 설계된 다계층퍼셉트론(multilayer perceptrons)의 정의를 설명해주세요.,"합성곱 신경망(Convolutional Neural Network, CNN)은 최소한의 전처리(preprocess)를 사용하도록 설계된 다계층퍼셉트론(multilayer perceptrons)의 한 종류이다.",definition
229,https://ko.wikipedia.org/wiki/%EB%94%A5_%EB%9F%AC%EB%8B%9D,"딥 러닝 - 위키백과, 우리 모두의 백과사전","순환 신경망(Recurrent Neural Network, RNN)","순환 신경망은인공신경망을 구성하는 유닛 사이의 연결이 Directed cycle을 구성하는 신경망을 말한다. 순환 신경망은 앞먹임 신경망과 달리, 임의의 입력을 처리하기 위해 신경망 내부의 메모리를 활용할 수 있다. 이러한 특성에 의해 순환 신경망은 필기체 인식(Handwriting recognition)과 같은 분야에 활용되고 있고, 높은 인식률을 나타낸다.순환 신경망을 구성할 수 있는 구조에는 여러 가지 방식이 사용되고 있다. 완전 순환망(Fully Recurrent Network), Hopfield Network, Elman Network, Echo state network(ESN), Long short term memory network(LSTM), Bi-directional RNN, Continuous-time RNN(CTRNN), Hierarchical RNN, Second Order RNN 등이 대표적인 예이다. 순환 신경망을 훈련(Training)시키기 위해 대표적으로경사 하강법, Hessian Free Optimization, Global Optimization Methods 방식이 쓰이고 있다.
하지만 순환 신경망은 많은 수의 뉴런 유닛이나 많은 수의 입력 유닛이 있는 경우에 훈련이 쉽지 않은 스케일링 이슈를 가지고있다.",6-0,"딥 러닝에서 '순환 신경망(Recurrent Neural Network, RNN)'은(는) 무엇을 다루나요?","순환 신경망은인공신경망을 구성하는 유닛 사이의 연결이 Directed cycle을 구성하는 신경망을 말한다. 순환 신경망은 앞먹임 신경망과 달리, 임의의 입력을 처리하기 위해 신경망 내부의 메모리를 활용할 수 있다. 이러한 특성에 의해 순환 신경망은 필기체 인식(Handwriting recognition)과 같은 분야에 활용되고 있고, 높은 인식률을 나타낸다.순환 신경망을 구성할 수 있는 구조에는 여러 가지 방식이 사용되고 있다. 완전 순환망(Fully Recurrent Network), Hopfield Network, Elman Network, Echo state network(ESN), Long short term memory network(LSTM), Bi-directional RNN, Continuous-time RNN(CTRNN), Hierarchical RNN, Second Order RNN 등이 대표적인 예이다. 순환 신경망을 훈련(Training)시키기 위해 대표적으로",summarization
230,https://ko.wikipedia.org/wiki/%EB%94%A5_%EB%9F%AC%EB%8B%9D,"딥 러닝 - 위키백과, 우리 모두의 백과사전","순환 신경망(Recurrent Neural Network, RNN)","순환 신경망은인공신경망을 구성하는 유닛 사이의 연결이 Directed cycle을 구성하는 신경망을 말한다. 순환 신경망은 앞먹임 신경망과 달리, 임의의 입력을 처리하기 위해 신경망 내부의 메모리를 활용할 수 있다. 이러한 특성에 의해 순환 신경망은 필기체 인식(Handwriting recognition)과 같은 분야에 활용되고 있고, 높은 인식률을 나타낸다.순환 신경망을 구성할 수 있는 구조에는 여러 가지 방식이 사용되고 있다. 완전 순환망(Fully Recurrent Network), Hopfield Network, Elman Network, Echo state network(ESN), Long short term memory network(LSTM), Bi-directional RNN, Continuous-time RNN(CTRNN), Hierarchical RNN, Second Order RNN 등이 대표적인 예이다. 순환 신경망을 훈련(Training)시키기 위해 대표적으로경사 하강법, Hessian Free Optimization, Global Optimization Methods 방식이 쓰이고 있다.
하지만 순환 신경망은 많은 수의 뉴런 유닛이나 많은 수의 입력 유닛이 있는 경우에 훈련이 쉽지 않은 스케일링 이슈를 가지고있다.",6-0,성에 의해 순환 신경망은 필기체 인식(Handwriting recognition)의 정의를 설명해주세요.,"이러한 특성에 의해 순환 신경망은 필기체 인식(Handwriting recognition)과 같은 분야에 활용되고 있고, 높은 인식률을 나타낸다.",definition
231,https://ko.wikipedia.org/wiki/%EB%94%A5_%EB%9F%AC%EB%8B%9D,"딥 러닝 - 위키백과, 우리 모두의 백과사전","순환 신경망(Recurrent Neural Network, RNN)","순환 신경망은인공신경망을 구성하는 유닛 사이의 연결이 Directed cycle을 구성하는 신경망을 말한다. 순환 신경망은 앞먹임 신경망과 달리, 임의의 입력을 처리하기 위해 신경망 내부의 메모리를 활용할 수 있다. 이러한 특성에 의해 순환 신경망은 필기체 인식(Handwriting recognition)과 같은 분야에 활용되고 있고, 높은 인식률을 나타낸다.순환 신경망을 구성할 수 있는 구조에는 여러 가지 방식이 사용되고 있다. 완전 순환망(Fully Recurrent Network), Hopfield Network, Elman Network, Echo state network(ESN), Long short term memory network(LSTM), Bi-directional RNN, Continuous-time RNN(CTRNN), Hierarchical RNN, Second Order RNN 등이 대표적인 예이다. 순환 신경망을 훈련(Training)시키기 위해 대표적으로경사 하강법, Hessian Free Optimization, Global Optimization Methods 방식이 쓰이고 있다.
하지만 순환 신경망은 많은 수의 뉴런 유닛이나 많은 수의 입력 유닛이 있는 경우에 훈련이 쉽지 않은 스케일링 이슈를 가지고있다.",6-0,완전 순환망(Fully Recurrent Network)의 정의를 설명해주세요.,"완전 순환망(Fully Recurrent Network), Hopfield Network, Elman Network, Echo state network(ESN), Long short term memory network(LSTM), Bi-directional RNN, Continuous-time RNN(CTRNN), Hierarchical RNN, Second Order RNN 등이 대표적인 예이다.",definition
232,https://ko.wikipedia.org/wiki/%EB%94%A5_%EB%9F%AC%EB%8B%9D,"딥 러닝 - 위키백과, 우리 모두의 백과사전","순환 신경망(Recurrent Neural Network, RNN)","순환 신경망은인공신경망을 구성하는 유닛 사이의 연결이 Directed cycle을 구성하는 신경망을 말한다. 순환 신경망은 앞먹임 신경망과 달리, 임의의 입력을 처리하기 위해 신경망 내부의 메모리를 활용할 수 있다. 이러한 특성에 의해 순환 신경망은 필기체 인식(Handwriting recognition)과 같은 분야에 활용되고 있고, 높은 인식률을 나타낸다.순환 신경망을 구성할 수 있는 구조에는 여러 가지 방식이 사용되고 있다. 완전 순환망(Fully Recurrent Network), Hopfield Network, Elman Network, Echo state network(ESN), Long short term memory network(LSTM), Bi-directional RNN, Continuous-time RNN(CTRNN), Hierarchical RNN, Second Order RNN 등이 대표적인 예이다. 순환 신경망을 훈련(Training)시키기 위해 대표적으로경사 하강법, Hessian Free Optimization, Global Optimization Methods 방식이 쓰이고 있다.
하지만 순환 신경망은 많은 수의 뉴런 유닛이나 많은 수의 입력 유닛이 있는 경우에 훈련이 쉽지 않은 스케일링 이슈를 가지고있다.",6-0,순환 신경망을 훈련(Training)의 정의를 설명해주세요.,"순환 신경망을 훈련(Training)시키기 위해 대표적으로경사 하강법, Hessian Free Optimization, Global Optimization Methods 방식이 쓰이고 있다.",definition
233,https://ko.wikipedia.org/wiki/%EB%94%A5_%EB%9F%AC%EB%8B%9D,"딥 러닝 - 위키백과, 우리 모두의 백과사전","제한 볼츠만 머신 (Restricted Boltzmann Machine, RBM)","볼츠만 머신에서, 층간 연결을 없앤 형태의 모델이다. 층간 연결을 없애면, 머신은 가시 유닛(Visible Unit)과 은닉 유닛(Hidden Unit)으로 이루어진 무방향이분 그래프형태의 모양이 된다. 결론적으로 모델의 층간 연결을 없앰으로써, 얻는 이점으로 뉴럴 네트워크는 깊어질 수 있었다. 가장 큰 이점은 가시 유닛이 관찰되고 고정(Clamped)되었을 때 은닉 유닛을 추론(Inference) 하는과정이 단 한 번에 끝난다는 것이다. RBM은 확률모델의 계산이 불가능하기 때문에, 학습시 근사법인나 또는제프리 힌튼교수가 발견한 CD()를 사용하는데, RBM의 모델의 간단함에서 오는 추론에 대한 이점은 샘플링 근간의 학습법이 실용적인 문제에 적용되는데 기여했다. 자세한 학습 방법은 아래에 설명되어 있다. RBM은 DBN의 기본 뼈대가 된다, RBM을 쌓아올리면서(Stacking), Greedy하게 학습함으로써, DBN을 완성한다. DBN을 아는 사람은 기본적으로 RBM은 무방향이기에, RBM이 방향성 있는 모델인 DBN이 되는지 의아할 것이다. 이는제프리 힌튼의 제자인의 우연 발견적인 연구 성과인데, 원래 힌튼 교수는이 방향성을 가질 때 생기는효과 때문에 학습이 매우 어려워 연구를 무방향성 모델로 선회했다가, RBM을 쌓으면, 다층 RBM이 되는 것이 아니라, DBN과 비슷해진다는 사실을 발견하게 된다. 이 발견은 DBN학습을 단순히 여러 개의 RBM 학습으로 환원시킴으로써(앞서서 얘기했듯이 RBM은 학습이 어렵지 않다) 어려운 DBN 학습의 복잡도를 층의 개수에 비례하는 복잡도로 낮추었다.",7-0,"딥 러닝에서 '제한 볼츠만 머신 (Restricted Boltzmann Machine, RBM)'은(는) 무엇을 다루나요?","볼츠만 머신에서, 층간 연결을 없앤 형태의 모델이다. 층간 연결을 없애면, 머신은 가시 유닛(Visible Unit)과 은닉 유닛(Hidden Unit)으로 이루어진 무방향이분 그래프형태의 모양이 된다. 결론적으로 모델의 층간 연결을 없앰으로써, 얻는 이점으로 뉴럴 네트워크는 깊어질 수 있었다. 가장 큰 이점은 가시 유닛이 관찰되고 고정(Clamped)되었을 때 은닉 유닛을 추론(Inference) 하는과정이 단 한 번에 끝난다는 것이다. RBM은 확률모델의 계산이 불가능하기 때문에, 학습시 근사법인나 또는제프리 힌튼교수가 발견한 CD()를 사용하는데, RBM의 모델의 간단함에서 오는 추론에 대한 이점은 샘플링 근간의 학습법이 실용적인 문제에 적용되는데 기여했다. 자세한 학습 방법은 아래에 설명되어 있다. RBM은 DBN의 기본 뼈대가 된다, RBM을 쌓아올리면서(Stacking), Greedy하게 학습함으로써, DBN을 완성한다. DBN을 아는 사람은 기본적으로 RBM은 무방향이기",summarization
234,https://ko.wikipedia.org/wiki/%EB%94%A5_%EB%9F%AC%EB%8B%9D,"딥 러닝 - 위키백과, 우리 모두의 백과사전","제한 볼츠만 머신 (Restricted Boltzmann Machine, RBM)","볼츠만 머신에서, 층간 연결을 없앤 형태의 모델이다. 층간 연결을 없애면, 머신은 가시 유닛(Visible Unit)과 은닉 유닛(Hidden Unit)으로 이루어진 무방향이분 그래프형태의 모양이 된다. 결론적으로 모델의 층간 연결을 없앰으로써, 얻는 이점으로 뉴럴 네트워크는 깊어질 수 있었다. 가장 큰 이점은 가시 유닛이 관찰되고 고정(Clamped)되었을 때 은닉 유닛을 추론(Inference) 하는과정이 단 한 번에 끝난다는 것이다. RBM은 확률모델의 계산이 불가능하기 때문에, 학습시 근사법인나 또는제프리 힌튼교수가 발견한 CD()를 사용하는데, RBM의 모델의 간단함에서 오는 추론에 대한 이점은 샘플링 근간의 학습법이 실용적인 문제에 적용되는데 기여했다. 자세한 학습 방법은 아래에 설명되어 있다. RBM은 DBN의 기본 뼈대가 된다, RBM을 쌓아올리면서(Stacking), Greedy하게 학습함으로써, DBN을 완성한다. DBN을 아는 사람은 기본적으로 RBM은 무방향이기에, RBM이 방향성 있는 모델인 DBN이 되는지 의아할 것이다. 이는제프리 힌튼의 제자인의 우연 발견적인 연구 성과인데, 원래 힌튼 교수는이 방향성을 가질 때 생기는효과 때문에 학습이 매우 어려워 연구를 무방향성 모델로 선회했다가, RBM을 쌓으면, 다층 RBM이 되는 것이 아니라, DBN과 비슷해진다는 사실을 발견하게 된다. 이 발견은 DBN학습을 단순히 여러 개의 RBM 학습으로 환원시킴으로써(앞서서 얘기했듯이 RBM은 학습이 어렵지 않다) 어려운 DBN 학습의 복잡도를 층의 개수에 비례하는 복잡도로 낮추었다.",7-0,머신은 가시 유닛(Visible Unit)의 정의를 설명해주세요.,"층간 연결을 없애면, 머신은 가시 유닛(Visible Unit)과 은닉 유닛(Hidden Unit)으로 이루어진 무방향이분 그래프형태의 모양이 된다.",definition
235,https://ko.wikipedia.org/wiki/%EB%94%A5_%EB%9F%AC%EB%8B%9D,"딥 러닝 - 위키백과, 우리 모두의 백과사전","제한 볼츠만 머신 (Restricted Boltzmann Machine, RBM)","볼츠만 머신에서, 층간 연결을 없앤 형태의 모델이다. 층간 연결을 없애면, 머신은 가시 유닛(Visible Unit)과 은닉 유닛(Hidden Unit)으로 이루어진 무방향이분 그래프형태의 모양이 된다. 결론적으로 모델의 층간 연결을 없앰으로써, 얻는 이점으로 뉴럴 네트워크는 깊어질 수 있었다. 가장 큰 이점은 가시 유닛이 관찰되고 고정(Clamped)되었을 때 은닉 유닛을 추론(Inference) 하는과정이 단 한 번에 끝난다는 것이다. RBM은 확률모델의 계산이 불가능하기 때문에, 학습시 근사법인나 또는제프리 힌튼교수가 발견한 CD()를 사용하는데, RBM의 모델의 간단함에서 오는 추론에 대한 이점은 샘플링 근간의 학습법이 실용적인 문제에 적용되는데 기여했다. 자세한 학습 방법은 아래에 설명되어 있다. RBM은 DBN의 기본 뼈대가 된다, RBM을 쌓아올리면서(Stacking), Greedy하게 학습함으로써, DBN을 완성한다. DBN을 아는 사람은 기본적으로 RBM은 무방향이기에, RBM이 방향성 있는 모델인 DBN이 되는지 의아할 것이다. 이는제프리 힌튼의 제자인의 우연 발견적인 연구 성과인데, 원래 힌튼 교수는이 방향성을 가질 때 생기는효과 때문에 학습이 매우 어려워 연구를 무방향성 모델로 선회했다가, RBM을 쌓으면, 다층 RBM이 되는 것이 아니라, DBN과 비슷해진다는 사실을 발견하게 된다. 이 발견은 DBN학습을 단순히 여러 개의 RBM 학습으로 환원시킴으로써(앞서서 얘기했듯이 RBM은 학습이 어렵지 않다) 어려운 DBN 학습의 복잡도를 층의 개수에 비례하는 복잡도로 낮추었다.",7-0,과 은닉 유닛(Hidden Unit)의 정의를 설명해주세요.,"층간 연결을 없애면, 머신은 가시 유닛(Visible Unit)과 은닉 유닛(Hidden Unit)으로 이루어진 무방향이분 그래프형태의 모양이 된다.",definition
236,https://ko.wikipedia.org/wiki/%EB%94%A5_%EB%9F%AC%EB%8B%9D,"딥 러닝 - 위키백과, 우리 모두의 백과사전","제한 볼츠만 머신 (Restricted Boltzmann Machine, RBM)","볼츠만 머신에서, 층간 연결을 없앤 형태의 모델이다. 층간 연결을 없애면, 머신은 가시 유닛(Visible Unit)과 은닉 유닛(Hidden Unit)으로 이루어진 무방향이분 그래프형태의 모양이 된다. 결론적으로 모델의 층간 연결을 없앰으로써, 얻는 이점으로 뉴럴 네트워크는 깊어질 수 있었다. 가장 큰 이점은 가시 유닛이 관찰되고 고정(Clamped)되었을 때 은닉 유닛을 추론(Inference) 하는과정이 단 한 번에 끝난다는 것이다. RBM은 확률모델의 계산이 불가능하기 때문에, 학습시 근사법인나 또는제프리 힌튼교수가 발견한 CD()를 사용하는데, RBM의 모델의 간단함에서 오는 추론에 대한 이점은 샘플링 근간의 학습법이 실용적인 문제에 적용되는데 기여했다. 자세한 학습 방법은 아래에 설명되어 있다. RBM은 DBN의 기본 뼈대가 된다, RBM을 쌓아올리면서(Stacking), Greedy하게 학습함으로써, DBN을 완성한다. DBN을 아는 사람은 기본적으로 RBM은 무방향이기에, RBM이 방향성 있는 모델인 DBN이 되는지 의아할 것이다. 이는제프리 힌튼의 제자인의 우연 발견적인 연구 성과인데, 원래 힌튼 교수는이 방향성을 가질 때 생기는효과 때문에 학습이 매우 어려워 연구를 무방향성 모델로 선회했다가, RBM을 쌓으면, 다층 RBM이 되는 것이 아니라, DBN과 비슷해진다는 사실을 발견하게 된다. 이 발견은 DBN학습을 단순히 여러 개의 RBM 학습으로 환원시킴으로써(앞서서 얘기했듯이 RBM은 학습이 어렵지 않다) 어려운 DBN 학습의 복잡도를 층의 개수에 비례하는 복잡도로 낮추었다.",7-0,큰 이점은 가시 유닛이 관찰되고 고정(Clamped)의 정의를 설명해주세요.,가장 큰 이점은 가시 유닛이 관찰되고 고정(Clamped)되었을 때 은닉 유닛을 추론(Inference) 하는과정이 단 한 번에 끝난다는 것이다.,definition
237,https://ko.wikipedia.org/wiki/%EB%94%A5_%EB%9F%AC%EB%8B%9D,"딥 러닝 - 위키백과, 우리 모두의 백과사전","제한 볼츠만 머신 (Restricted Boltzmann Machine, RBM)","이는 선행학습(Pre-training) 과 미세조정(fine-tuning)의 새로운 학습 패러다임으로 발전하게 된다. RBM 훈련 과정에서의 가중치 갱신은, 다음의 식을 기반으로경사 하강법을 통해 이루어진다.Δwij(t+1)=wij(t)+η∂log⁡(p(v))∂wij{\displaystyle \Delta w_{ij}(t+1)=w_{ij}(t)+\eta {\frac {\partial \log(p(v))}{\partial w_{ij}}}}여기서p(v){\displaystyle p(v)}는 다음의 식으로 주어지는 가시 벡터의 확률을 나타내고,p(v)=1Z∑he−E(v,h){\displaystyle p(v)={\frac {1}{Z}}\sum _{h}e^{-E(v,h)}}Z{\displaystyle Z}는 정규화(normalization)를 위해 사용되는 분배함수(partition function)이며,E(v,h){\displaystyle E(v,h)}는 신경망의 상태(state)에 부여되는 에너지 함수이다. 에너지가 낮을수록 해당 신경망이 더 적합한 상태임을 의미한다.",7-1,는 정규화(normalization)의 정의를 설명해주세요.,"Δwij(t+1)=wij(t)+η∂log⁡(p(v))∂wij{\displaystyle \Delta w_{ij}(t+1)=w_{ij}(t)+\eta {\frac {\partial \log(p(v))}{\partial w_{ij}}}}여기서p(v){\displaystyle p(v)}는 다음의 식으로 주어지는 가시 벡터의 확률을 나타내고,p(v)=1Z∑he−E(v,h){\displaystyle p(v)={\frac {1}{Z}}\sum _{h}e^{-E(v,h)}}Z{\displaystyle Z}는 정규화(normalization)를 위해 사용되는 분배함수(partition function)이며,E(v,h){\displaystyle E(v,h)}는 신경망의 상태(state)에 부여되는 에너지 함수이다.",definition
238,https://ko.wikipedia.org/wiki/%EB%94%A5_%EB%9F%AC%EB%8B%9D,"딥 러닝 - 위키백과, 우리 모두의 백과사전","제한 볼츠만 머신 (Restricted Boltzmann Machine, RBM)","이는 선행학습(Pre-training) 과 미세조정(fine-tuning)의 새로운 학습 패러다임으로 발전하게 된다. RBM 훈련 과정에서의 가중치 갱신은, 다음의 식을 기반으로경사 하강법을 통해 이루어진다.Δwij(t+1)=wij(t)+η∂log⁡(p(v))∂wij{\displaystyle \Delta w_{ij}(t+1)=w_{ij}(t)+\eta {\frac {\partial \log(p(v))}{\partial w_{ij}}}}여기서p(v){\displaystyle p(v)}는 다음의 식으로 주어지는 가시 벡터의 확률을 나타내고,p(v)=1Z∑he−E(v,h){\displaystyle p(v)={\frac {1}{Z}}\sum _{h}e^{-E(v,h)}}Z{\displaystyle Z}는 정규화(normalization)를 위해 사용되는 분배함수(partition function)이며,E(v,h){\displaystyle E(v,h)}는 신경망의 상태(state)에 부여되는 에너지 함수이다. 에너지가 낮을수록 해당 신경망이 더 적합한 상태임을 의미한다.",7-1,를 위해 사용되는 분배함수(partition function)의 정의를 설명해주세요.,"Δwij(t+1)=wij(t)+η∂log⁡(p(v))∂wij{\displaystyle \Delta w_{ij}(t+1)=w_{ij}(t)+\eta {\frac {\partial \log(p(v))}{\partial w_{ij}}}}여기서p(v){\displaystyle p(v)}는 다음의 식으로 주어지는 가시 벡터의 확률을 나타내고,p(v)=1Z∑he−E(v,h){\displaystyle p(v)={\frac {1}{Z}}\sum _{h}e^{-E(v,h)}}Z{\displaystyle Z}는 정규화(normalization)를 위해 사용되는 분배함수(partition function)이며,E(v,h){\displaystyle E(v,h)}는 신경망의 상태(state)에 부여되는 에너지 함수이다.",definition
239,https://ko.wikipedia.org/wiki/%EB%94%A5_%EB%9F%AC%EB%8B%9D,"딥 러닝 - 위키백과, 우리 모두의 백과사전","제한 볼츠만 머신 (Restricted Boltzmann Machine, RBM)","이는 선행학습(Pre-training) 과 미세조정(fine-tuning)의 새로운 학습 패러다임으로 발전하게 된다. RBM 훈련 과정에서의 가중치 갱신은, 다음의 식을 기반으로경사 하강법을 통해 이루어진다.Δwij(t+1)=wij(t)+η∂log⁡(p(v))∂wij{\displaystyle \Delta w_{ij}(t+1)=w_{ij}(t)+\eta {\frac {\partial \log(p(v))}{\partial w_{ij}}}}여기서p(v){\displaystyle p(v)}는 다음의 식으로 주어지는 가시 벡터의 확률을 나타내고,p(v)=1Z∑he−E(v,h){\displaystyle p(v)={\frac {1}{Z}}\sum _{h}e^{-E(v,h)}}Z{\displaystyle Z}는 정규화(normalization)를 위해 사용되는 분배함수(partition function)이며,E(v,h){\displaystyle E(v,h)}는 신경망의 상태(state)에 부여되는 에너지 함수이다. 에너지가 낮을수록 해당 신경망이 더 적합한 상태임을 의미한다.",7-1,는 신경망의 상태(state)의 정의를 설명해주세요.,"Δwij(t+1)=wij(t)+η∂log⁡(p(v))∂wij{\displaystyle \Delta w_{ij}(t+1)=w_{ij}(t)+\eta {\frac {\partial \log(p(v))}{\partial w_{ij}}}}여기서p(v){\displaystyle p(v)}는 다음의 식으로 주어지는 가시 벡터의 확률을 나타내고,p(v)=1Z∑he−E(v,h){\displaystyle p(v)={\frac {1}{Z}}\sum _{h}e^{-E(v,h)}}Z{\displaystyle Z}는 정규화(normalization)를 위해 사용되는 분배함수(partition function)이며,E(v,h){\displaystyle E(v,h)}는 신경망의 상태(state)에 부여되는 에너지 함수이다.",definition
240,https://ko.wikipedia.org/wiki/%EB%94%A5_%EB%9F%AC%EB%8B%9D,"딥 러닝 - 위키백과, 우리 모두의 백과사전","제한 볼츠만 머신 (Restricted Boltzmann Machine, RBM)","기울기∂log⁡(p(v))∂wij{\displaystyle {\frac {\partial \log(p(v))}{\partial w_{ij}}}}는 좀 더 간단하게⟨vihj⟩data−⟨vihj⟩model{\displaystyle \langle v_{i}h_{j}\rangle _{\text{data}}-\langle v_{i}h_{j}\rangle _{\text{model}}}로 표현이 되는데 이 때⟨⋯⟩p{\displaystyle \langle \cdots \rangle _{p}}는 분포p{\displaystyle p}에 관한 평균을 의미한다.⟨vihj⟩model{\displaystyle \langle v_{i}h_{j}\rangle _{\text{model}}}을 샘플링 하려면 alternating을 매우 많이 반복해야 하기 때문에 CD에서는 alternating Gibbs sampling을n{\displaystyle n}회만 반복한다.(실험을 통해n=1{\displaystyle n=1}일 경우에도 충분한 성능이 나온다고 알려져 있다).n{\displaystyle n}회 반복 후 샘플링 된 데이터가⟨vihj⟩model{\displaystyle \langle v_{i}h_{j}\rangle _{\text{model}}}를 대신한다. CD 수행 과정은 다음과 같다:
가시 유닛들을 훈련 벡터로 초기화 한다.",7-2,"딥 러닝의 '제한 볼츠만 머신 (Restricted Boltzmann Machine, RBM)'에서 다루는 핵심 내용은 무엇인가요?",기울기∂log⁡(p(v))∂wij{\displaystyle {\frac {\partial \log(p(v))}{\partial w_{ij}}}}는 좀 더 간단하게⟨vihj⟩data−⟨vihj⟩model{\displaystyle \langle v_{i}h_{j}\rangle _{\text{data}}-\langle v_{i}h_{j}\rangle _{\text{model}}}로 표현이 되는데 이 때⟨⋯⟩p{\displaystyle \langle \cdots \rangle _{p}}는 분포p{\displaystyle p}에 관한 평균을 의미한다.⟨vihj⟩model{\displaystyle \langle v_{i}h_{j}\rangle _{\text{model}}}을 샘플링 하려면 alternating을 매우 많이 반복해야 하기 때문에 CD에서는 alternating Gibbs sampling을n{\displaystyle n}회만 반복한다.(실험을 통해n=1{\displaystyle n,comprehension
241,https://ko.wikipedia.org/wiki/%EB%94%A5_%EB%9F%AC%EB%8B%9D,"딥 러닝 - 위키백과, 우리 모두의 백과사전","제한 볼츠만 머신 (Restricted Boltzmann Machine, RBM)","다음의 가시 유닛들이 주어지면 은닉 유닛들을 모두 동시에 갱신한다:p(hj=1∣V)=σ(bj+∑iviwij){\displaystyle p(h_{j}=1\mid {\textbf {V}})=\sigma (b_{j}+\sum _{i}v_{i}w_{ij})}.σ{\displaystyle \sigma }는 시그모이드 함수(sigmoid function)를 의미하며,bj{\displaystyle b_{j}}는hj{\displaystyle h_{j}}의 편향이다. 다음의 은닉 유닛들이 주어지면 가시 유닛들을 모두 동시에 갱신한다:p(vi=1∣H)=σ(ai+∑jhjwij){\displaystyle p(v_{i}=1\mid {\textbf {H}})=\sigma (a_{i}+\sum _{j}h_{j}w_{ij})}.ai{\displaystyle a_{i}}는vi{\displaystyle v_{i}}의 편향이다. 이 부분을 ""복원(reconstruction)""이라고 부른다. 복원된 가시 유닛들이 주어지면 2에서 쓰인 식을 이용하여 은닉 유닛들을 모두 동시에 다시 갱신한다. 다음과 같이 가중치를 갱신한다:Δwij∝⟨vihj⟩data−⟨vihj⟩reconstruction{\displaystyle \Delta w_{ij}\propto \langle v_{i}h_{j}\rangle _{\text{data}}-\langle v_{i}h_{j}\rangle _{\text{reconstruction}}}.",7-3,는 시그모이드 함수(sigmoid function)의 정의를 설명해주세요.,"σ{\displaystyle \sigma }는 시그모이드 함수(sigmoid function)를 의미하며,bj{\displaystyle b_{j}}는hj{\displaystyle h_{j}}의 편향이다.",definition
242,https://ko.wikipedia.org/wiki/%EB%94%A5_%EB%9F%AC%EB%8B%9D,"딥 러닝 - 위키백과, 우리 모두의 백과사전","제한 볼츠만 머신 (Restricted Boltzmann Machine, RBM)","다음의 가시 유닛들이 주어지면 은닉 유닛들을 모두 동시에 갱신한다:p(hj=1∣V)=σ(bj+∑iviwij){\displaystyle p(h_{j}=1\mid {\textbf {V}})=\sigma (b_{j}+\sum _{i}v_{i}w_{ij})}.σ{\displaystyle \sigma }는 시그모이드 함수(sigmoid function)를 의미하며,bj{\displaystyle b_{j}}는hj{\displaystyle h_{j}}의 편향이다. 다음의 은닉 유닛들이 주어지면 가시 유닛들을 모두 동시에 갱신한다:p(vi=1∣H)=σ(ai+∑jhjwij){\displaystyle p(v_{i}=1\mid {\textbf {H}})=\sigma (a_{i}+\sum _{j}h_{j}w_{ij})}.ai{\displaystyle a_{i}}는vi{\displaystyle v_{i}}의 편향이다. 이 부분을 ""복원(reconstruction)""이라고 부른다. 복원된 가시 유닛들이 주어지면 2에서 쓰인 식을 이용하여 은닉 유닛들을 모두 동시에 다시 갱신한다. 다음과 같이 가중치를 갱신한다:Δwij∝⟨vihj⟩data−⟨vihj⟩reconstruction{\displaystyle \Delta w_{ij}\propto \langle v_{i}h_{j}\rangle _{\text{data}}-\langle v_{i}h_{j}\rangle _{\text{reconstruction}}}.",7-3,복원(reconstruction)의 정의를 설명해주세요.,"이 부분을 ""복원(reconstruction)""이라고 부른다.",definition
243,https://ko.wikipedia.org/wiki/%EB%94%A5_%EB%9F%AC%EB%8B%9D,"딥 러닝 - 위키백과, 우리 모두의 백과사전","심층 신뢰 신경망 (Deep Belief Network, DBN)","심층 신뢰 신경망(Deep Belief Network, DBN)이란 기계학습에서 사용되는 그래프(generative graphical model)으로, 딥 러닝에서는 잠재변수(latent variable)의 다중계층으로 이루어진 심층 신경망을 의미한다. 계층 간에는 연결이 있지만 계층 내의 유닛 간에는 연결이 없다는 특징이 있다. DBN은 생성 모형이라는 특성상 선행학습에 사용될 수 있고, 선행학습을 통해 초기 가중치를 학습한 후역전파혹은 다른 판별 알고리즘을 통해 가중치의 미조정을 할 수 있다. 이러한 특성은 훈련용 데이터가 적을 때 굉장히 유용한데, 이는 훈련용 데이터가 적을수록 가중치의 초기값이 결과적인 모델에 끼치는 영향이 세지기 때문이다. 선행학습된 가중치 초기값은 임의로 설정된 가중치 초기값에 비해 최적의 가중치에 가깝게 되고 이는 미조정 단계의 성능과 속도향상을 가능케 한다. DBN은 비지도 방식으로 계층마다 학습을 진행하는데 이때 각각의 계층은 보통 RBM의 형태를 띄고 있다. RBM들을 쌓아 올리면서 DBN을 훈련시키는 방법에 대한 설명은 아래에 제공 되어 있다. RBM은 에너지 기반의 생성 모형으로 가시 유닛과 은닉 유닛으로 이루어진 무방향 이분 그래프 형태이다. 가시 유닛들과 은닉 유닛들 사이에만 연결이 존재한다. RBM이 훈련되고 나면 다른 RBM이 그 위에 쌓아 올려짐으로써 다중 계층 모형을 형성한다. RBM이 쌓아 올려질 때마다, 이미 훈련된 RBM의 최상위 계층이 새로 쌓이는 RBM의 입력으로 쓰인다.",8-0,"딥 러닝에서 '심층 신뢰 신경망 (Deep Belief Network, DBN)'은(는) 무엇을 다루나요?","심층 신뢰 신경망(Deep Belief Network, DBN)이란 기계학습에서 사용되는 그래프(generative graphical model)으로, 딥 러닝에서는 잠재변수(latent variable)의 다중계층으로 이루어진 심층 신경망을 의미한다. 계층 간에는 연결이 있지만 계층 내의 유닛 간에는 연결이 없다는 특징이 있다. DBN은 생성 모형이라는 특성상 선행학습에 사용될 수 있고, 선행학습을 통해 초기 가중치를 학습한 후역전파혹은 다른 판별 알고리즘을 통해 가중치의 미조정을 할 수 있다. 이러한 특성은 훈련용 데이터가 적을 때 굉장히 유용한데, 이는 훈련용 데이터가 적을수록 가중치의 초기값이 결과적인 모델에 끼치는 영향이 세지기 때문이다. 선행학습된 가중치 초기값은 임의로 설정된 가중치 초기값에 비해 최적의 가중치에 가깝게 되고 이는 미조정 단계의 성능과 속도향상을 가능케 한다. DBN은 비지도 방식으로 계층마다 학습을 진행하는데 이때 각각의 계층은 보통 RBM의 형태를 띄",summarization
244,https://ko.wikipedia.org/wiki/%EB%94%A5_%EB%9F%AC%EB%8B%9D,"딥 러닝 - 위키백과, 우리 모두의 백과사전","심층 신뢰 신경망 (Deep Belief Network, DBN)","심층 신뢰 신경망(Deep Belief Network, DBN)이란 기계학습에서 사용되는 그래프(generative graphical model)으로, 딥 러닝에서는 잠재변수(latent variable)의 다중계층으로 이루어진 심층 신경망을 의미한다. 계층 간에는 연결이 있지만 계층 내의 유닛 간에는 연결이 없다는 특징이 있다. DBN은 생성 모형이라는 특성상 선행학습에 사용될 수 있고, 선행학습을 통해 초기 가중치를 학습한 후역전파혹은 다른 판별 알고리즘을 통해 가중치의 미조정을 할 수 있다. 이러한 특성은 훈련용 데이터가 적을 때 굉장히 유용한데, 이는 훈련용 데이터가 적을수록 가중치의 초기값이 결과적인 모델에 끼치는 영향이 세지기 때문이다. 선행학습된 가중치 초기값은 임의로 설정된 가중치 초기값에 비해 최적의 가중치에 가깝게 되고 이는 미조정 단계의 성능과 속도향상을 가능케 한다. DBN은 비지도 방식으로 계층마다 학습을 진행하는데 이때 각각의 계층은 보통 RBM의 형태를 띄고 있다. RBM들을 쌓아 올리면서 DBN을 훈련시키는 방법에 대한 설명은 아래에 제공 되어 있다. RBM은 에너지 기반의 생성 모형으로 가시 유닛과 은닉 유닛으로 이루어진 무방향 이분 그래프 형태이다. 가시 유닛들과 은닉 유닛들 사이에만 연결이 존재한다. RBM이 훈련되고 나면 다른 RBM이 그 위에 쌓아 올려짐으로써 다중 계층 모형을 형성한다. RBM이 쌓아 올려질 때마다, 이미 훈련된 RBM의 최상위 계층이 새로 쌓이는 RBM의 입력으로 쓰인다.",8-0,"심층 신뢰 신경망(Deep Belief Network, DBN)의 정의를 설명해주세요.","심층 신뢰 신경망(Deep Belief Network, DBN)이란 기계학습에서 사용되는 그래프(generative graphical model)으로, 딥 러닝에서는 잠재변수(latent variable)의 다중계층으로 이루어진 심층 신경망을 의미한다.",definition
245,https://ko.wikipedia.org/wiki/%EB%94%A5_%EB%9F%AC%EB%8B%9D,"딥 러닝 - 위키백과, 우리 모두의 백과사전","심층 신뢰 신경망 (Deep Belief Network, DBN)","심층 신뢰 신경망(Deep Belief Network, DBN)이란 기계학습에서 사용되는 그래프(generative graphical model)으로, 딥 러닝에서는 잠재변수(latent variable)의 다중계층으로 이루어진 심층 신경망을 의미한다. 계층 간에는 연결이 있지만 계층 내의 유닛 간에는 연결이 없다는 특징이 있다. DBN은 생성 모형이라는 특성상 선행학습에 사용될 수 있고, 선행학습을 통해 초기 가중치를 학습한 후역전파혹은 다른 판별 알고리즘을 통해 가중치의 미조정을 할 수 있다. 이러한 특성은 훈련용 데이터가 적을 때 굉장히 유용한데, 이는 훈련용 데이터가 적을수록 가중치의 초기값이 결과적인 모델에 끼치는 영향이 세지기 때문이다. 선행학습된 가중치 초기값은 임의로 설정된 가중치 초기값에 비해 최적의 가중치에 가깝게 되고 이는 미조정 단계의 성능과 속도향상을 가능케 한다. DBN은 비지도 방식으로 계층마다 학습을 진행하는데 이때 각각의 계층은 보통 RBM의 형태를 띄고 있다. RBM들을 쌓아 올리면서 DBN을 훈련시키는 방법에 대한 설명은 아래에 제공 되어 있다. RBM은 에너지 기반의 생성 모형으로 가시 유닛과 은닉 유닛으로 이루어진 무방향 이분 그래프 형태이다. 가시 유닛들과 은닉 유닛들 사이에만 연결이 존재한다. RBM이 훈련되고 나면 다른 RBM이 그 위에 쌓아 올려짐으로써 다중 계층 모형을 형성한다. RBM이 쌓아 올려질 때마다, 이미 훈련된 RBM의 최상위 계층이 새로 쌓이는 RBM의 입력으로 쓰인다.",8-0,이란 기계학습에서 사용되는 그래프(generative graphical model)의 정의를 설명해주세요.,"심층 신뢰 신경망(Deep Belief Network, DBN)이란 기계학습에서 사용되는 그래프(generative graphical model)으로, 딥 러닝에서는 잠재변수(latent variable)의 다중계층으로 이루어진 심층 신경망을 의미한다.",definition
246,https://ko.wikipedia.org/wiki/%EB%94%A5_%EB%9F%AC%EB%8B%9D,"딥 러닝 - 위키백과, 우리 모두의 백과사전","심층 신뢰 신경망 (Deep Belief Network, DBN)","심층 신뢰 신경망(Deep Belief Network, DBN)이란 기계학습에서 사용되는 그래프(generative graphical model)으로, 딥 러닝에서는 잠재변수(latent variable)의 다중계층으로 이루어진 심층 신경망을 의미한다. 계층 간에는 연결이 있지만 계층 내의 유닛 간에는 연결이 없다는 특징이 있다. DBN은 생성 모형이라는 특성상 선행학습에 사용될 수 있고, 선행학습을 통해 초기 가중치를 학습한 후역전파혹은 다른 판별 알고리즘을 통해 가중치의 미조정을 할 수 있다. 이러한 특성은 훈련용 데이터가 적을 때 굉장히 유용한데, 이는 훈련용 데이터가 적을수록 가중치의 초기값이 결과적인 모델에 끼치는 영향이 세지기 때문이다. 선행학습된 가중치 초기값은 임의로 설정된 가중치 초기값에 비해 최적의 가중치에 가깝게 되고 이는 미조정 단계의 성능과 속도향상을 가능케 한다. DBN은 비지도 방식으로 계층마다 학습을 진행하는데 이때 각각의 계층은 보통 RBM의 형태를 띄고 있다. RBM들을 쌓아 올리면서 DBN을 훈련시키는 방법에 대한 설명은 아래에 제공 되어 있다. RBM은 에너지 기반의 생성 모형으로 가시 유닛과 은닉 유닛으로 이루어진 무방향 이분 그래프 형태이다. 가시 유닛들과 은닉 유닛들 사이에만 연결이 존재한다. RBM이 훈련되고 나면 다른 RBM이 그 위에 쌓아 올려짐으로써 다중 계층 모형을 형성한다. RBM이 쌓아 올려질 때마다, 이미 훈련된 RBM의 최상위 계층이 새로 쌓이는 RBM의 입력으로 쓰인다.",8-0,딥 러닝에서는 잠재변수(latent variable)의 정의를 설명해주세요.,"심층 신뢰 신경망(Deep Belief Network, DBN)이란 기계학습에서 사용되는 그래프(generative graphical model)으로, 딥 러닝에서는 잠재변수(latent variable)의 다중계층으로 이루어진 심층 신경망을 의미한다.",definition
247,https://ko.wikipedia.org/wiki/%EB%94%A5_%EB%9F%AC%EB%8B%9D,"딥 러닝 - 위키백과, 우리 모두의 백과사전","심층 신뢰 신경망 (Deep Belief Network, DBN)","이 입력을 이용하여 새 RBM이 훈련되고, 원하는 만큼의 계층이 쌓일 때까지 해당 과정이 반복된다. 실험결과에 따르면, CD의 최대가능도 근사가 굉장히 투박함에도 불구하고, 심층 신경망 구조를 학습하기에는 충분히 효과적인 방식이라고 한다.",8-1,"딥 러닝의 '심층 신뢰 신경망 (Deep Belief Network, DBN)'에서 다루는 핵심 내용은 무엇인가요?","이 입력을 이용하여 새 RBM이 훈련되고, 원하는 만큼의 계층이 쌓일 때까지 해당 과정이 반복된다. 실험결과에 따르면, CD의 최대가능도 근사가 굉장히 투박함에도 불구하고, 심층 신경망 구조를 학습하기에는 충분히 효과적인 방식이라고 한다.",comprehension
248,https://ko.wikipedia.org/wiki/%EB%94%A5_%EB%9F%AC%EB%8B%9D,"딥 러닝 - 위키백과, 우리 모두의 백과사전",자동 음성 인식,"아래 표는데이터에 대한 자동음성 인식결과를 보여준다. 이 데이터셋은 딥 러닝의 초창기 평가를 위한 일반적인 데이터로서, 미국의 8가지 방언을 사용하는 총 630명의 사람이 읽은 10가지 문장으로 이루어져 있다.데이터의 크기가 작기 때문에 다양한 설정을 효과적으로 적용할 수 있다. 더 중요한 점은 TIMIT에서 음소 순서 인식(phone-sequence recognition)을 고려한다는 점이다. 따라서, 단어 순서 인식(word-sequence recognition)과는 달리 아주 약한 ""언어모델""을 허용하고 음성 인식에서의 음향 모델 측면을 더 쉽게 분석할 수 있다. 2009 ~ 2010년 무렵, 크고 작은 범위의 음성인식에 대한 딥 러닝 기술 활용을 위해서 많은 투자가 있었는데, Li Deng과 그의 동료들은 TIMIT에서의 GMM 과 DNN 모델을 비교하는 실험을 수행하였다.결국 그들은 음성인식에서의 딥 러닝 활용에 있어서 가장 앞서나가게 되었다. 이 분석은 먼저 식별적 DNN과 발생적 모델 사이의 성능 비교(1.5% 이하의 오차율)로 수행되었다. 아래 표에 나타난 오차율은 앞에서 말한 초창기 실험을 포함하여 과거 20 여 년 간 수행된 실험들의 음소 오차율(Phone error rate)을 요약한 것이다.",9-0,딥 러닝에서 '자동 음성 인식'은(는) 무엇을 다루나요?,"아래 표는데이터에 대한 자동음성 인식결과를 보여준다. 이 데이터셋은 딥 러닝의 초창기 평가를 위한 일반적인 데이터로서, 미국의 8가지 방언을 사용하는 총 630명의 사람이 읽은 10가지 문장으로 이루어져 있다.데이터의 크기가 작기 때문에 다양한 설정을 효과적으로 적용할 수 있다. 더 중요한 점은 TIMIT에서 음소 순서 인식(phone-sequence recognition)을 고려한다는 점이다. 따라서, 단어 순서 인식(word-sequence recognition)과는 달리 아주 약한 ""언어모델""을 허용하고 음성 인식에서의 음향 모델 측면을 더 쉽게 분석할 수 있다. 2009 ~ 2010년 무렵, 크고 작은 범위의 음성인식에 대한 딥 러닝 기술 활용을 위해서 많은 투자가 있었는데, Li Deng과 그의 동료들은 TIMIT에서의 GMM 과 DNN 모델을 비교하는 실험을 수행하였다.결국 그들은 음성인식에서의 딥 러닝 활용에 있어서 가장 앞서나가게 되었다. 이 분석은 먼저 식별적 DNN",summarization
249,https://ko.wikipedia.org/wiki/%EB%94%A5_%EB%9F%AC%EB%8B%9D,"딥 러닝 - 위키백과, 우리 모두의 백과사전",자동 음성 인식,"아래 표는데이터에 대한 자동음성 인식결과를 보여준다. 이 데이터셋은 딥 러닝의 초창기 평가를 위한 일반적인 데이터로서, 미국의 8가지 방언을 사용하는 총 630명의 사람이 읽은 10가지 문장으로 이루어져 있다.데이터의 크기가 작기 때문에 다양한 설정을 효과적으로 적용할 수 있다. 더 중요한 점은 TIMIT에서 음소 순서 인식(phone-sequence recognition)을 고려한다는 점이다. 따라서, 단어 순서 인식(word-sequence recognition)과는 달리 아주 약한 ""언어모델""을 허용하고 음성 인식에서의 음향 모델 측면을 더 쉽게 분석할 수 있다. 2009 ~ 2010년 무렵, 크고 작은 범위의 음성인식에 대한 딥 러닝 기술 활용을 위해서 많은 투자가 있었는데, Li Deng과 그의 동료들은 TIMIT에서의 GMM 과 DNN 모델을 비교하는 실험을 수행하였다.결국 그들은 음성인식에서의 딥 러닝 활용에 있어서 가장 앞서나가게 되었다. 이 분석은 먼저 식별적 DNN과 발생적 모델 사이의 성능 비교(1.5% 이하의 오차율)로 수행되었다. 아래 표에 나타난 오차율은 앞에서 말한 초창기 실험을 포함하여 과거 20 여 년 간 수행된 실험들의 음소 오차율(Phone error rate)을 요약한 것이다.",9-0,년 간 수행된 실험들의 음소 오차율(Phone error rate)의 정의를 설명해주세요.,아래 표에 나타난 오차율은 앞에서 말한 초창기 실험을 포함하여 과거 20 여 년 간 수행된 실험들의 음소 오차율(Phone error rate)을 요약한 것이다.,definition
250,https://ko.wikipedia.org/wiki/%EB%94%A5_%EB%9F%AC%EB%8B%9D,"딥 러닝 - 위키백과, 우리 모두의 백과사전",자동 음성 인식,"아래 표는데이터에 대한 자동음성 인식결과를 보여준다. 이 데이터셋은 딥 러닝의 초창기 평가를 위한 일반적인 데이터로서, 미국의 8가지 방언을 사용하는 총 630명의 사람이 읽은 10가지 문장으로 이루어져 있다.데이터의 크기가 작기 때문에 다양한 설정을 효과적으로 적용할 수 있다. 더 중요한 점은 TIMIT에서 음소 순서 인식(phone-sequence recognition)을 고려한다는 점이다. 따라서, 단어 순서 인식(word-sequence recognition)과는 달리 아주 약한 ""언어모델""을 허용하고 음성 인식에서의 음향 모델 측면을 더 쉽게 분석할 수 있다. 2009 ~ 2010년 무렵, 크고 작은 범위의 음성인식에 대한 딥 러닝 기술 활용을 위해서 많은 투자가 있었는데, Li Deng과 그의 동료들은 TIMIT에서의 GMM 과 DNN 모델을 비교하는 실험을 수행하였다.결국 그들은 음성인식에서의 딥 러닝 활용에 있어서 가장 앞서나가게 되었다. 이 분석은 먼저 식별적 DNN과 발생적 모델 사이의 성능 비교(1.5% 이하의 오차율)로 수행되었다. 아래 표에 나타난 오차율은 앞에서 말한 초창기 실험을 포함하여 과거 20 여 년 간 수행된 실험들의 음소 오차율(Phone error rate)을 요약한 것이다.",9-0,2010년에 인공지능 분야에서 어떤 일이 있었나요?,"2009 ~ 2010년 무렵, 크고 작은 범위의 음성인식에 대한 딥 러닝 기술 활용을 위해서 많은 투자가 있었는데, Li Deng과 그의 동료들은 TIMIT에서의 GMM 과 DNN 모델을 비교하는 실험을 수행하였다.",temporal
251,https://ko.wikipedia.org/wiki/%EB%94%A5_%EB%9F%AC%EB%8B%9D,"딥 러닝 - 위키백과, 우리 모두의 백과사전",자동 음성 인식,"TIMIT로부터 대량 어휘 음성인식(large vocabulary speech recognition)으로의 딥 러닝의 확장은 2010년 산업계 연구자들에 의해 성공적으로 수행되었다.자동 음성 인식 분야의 2014년 10월까지의 최신 동향은마이크로소프트 리서치의 책에 잘 정리되어있다.또한 자동 음성인식과 관련된 배경 지식과 다양한 기계학습 패러다임의 영향을 잘 정리한 글을 참고할 수 있다.대용량 자동 음성인식은 최근 딥 러닝의 역사에서 산업계와 학계를 모두 아우르는 처음이자 가장 성공적인 케이스라고 할 수 있다. 2010년부터 2014년까지, 신호처리와 음성인식에 대한 주요 학술회의인 IEEE-ICASSP 와 Interspeech는 음성인식을 위한 딥 러닝 분야의 합격 논문 개수에 있어서 거의 기하급수적인 성장을 보여주었다. 더 중요한 것은, 현재 모든 주요 상업 음성인식 시스템(MS 코타나, 스카이프 번역기, 구글 나우, 애플 시리 등등)이 딥 러닝 기법에 기반하고있다는 점이다.뉘앙스 커뮤니케이션즈의 CTO의 최근 인터뷰도 참고할만하다. 일반적으로이미지분류를 위한 평가데이터로서 MNIST데이터베이스데이터가 이용된다. MNIST는 손으로 쓴 숫자들로 구성되어 있으며, 60000개의 학습 예제들과 10000개의 테스트 예제들을 포함한다. TIMIT와 유사하게, 적은 용량의 MNIST데이터는 복수의 테스트 환경설정이 가능하게 해준다. MNIST데이터에 대한 종합적인 결과들을 에서 확인할 수 있다.",9-1,로부터 대량 어휘 음성인식(large vocabulary speech recognition)의 정의를 설명해주세요.,TIMIT로부터 대량 어휘 음성인식(large vocabulary speech recognition)으로의 딥 러닝의 확장은 2010년 산업계 연구자들에 의해 성공적으로 수행되었다.,definition
252,https://ko.wikipedia.org/wiki/%EB%94%A5_%EB%9F%AC%EB%8B%9D,"딥 러닝 - 위키백과, 우리 모두의 백과사전",자동 음성 인식,"TIMIT로부터 대량 어휘 음성인식(large vocabulary speech recognition)으로의 딥 러닝의 확장은 2010년 산업계 연구자들에 의해 성공적으로 수행되었다.자동 음성 인식 분야의 2014년 10월까지의 최신 동향은마이크로소프트 리서치의 책에 잘 정리되어있다.또한 자동 음성인식과 관련된 배경 지식과 다양한 기계학습 패러다임의 영향을 잘 정리한 글을 참고할 수 있다.대용량 자동 음성인식은 최근 딥 러닝의 역사에서 산업계와 학계를 모두 아우르는 처음이자 가장 성공적인 케이스라고 할 수 있다. 2010년부터 2014년까지, 신호처리와 음성인식에 대한 주요 학술회의인 IEEE-ICASSP 와 Interspeech는 음성인식을 위한 딥 러닝 분야의 합격 논문 개수에 있어서 거의 기하급수적인 성장을 보여주었다. 더 중요한 것은, 현재 모든 주요 상업 음성인식 시스템(MS 코타나, 스카이프 번역기, 구글 나우, 애플 시리 등등)이 딥 러닝 기법에 기반하고있다는 점이다.뉘앙스 커뮤니케이션즈의 CTO의 최근 인터뷰도 참고할만하다. 일반적으로이미지분류를 위한 평가데이터로서 MNIST데이터베이스데이터가 이용된다. MNIST는 손으로 쓴 숫자들로 구성되어 있으며, 60000개의 학습 예제들과 10000개의 테스트 예제들을 포함한다. TIMIT와 유사하게, 적은 용량의 MNIST데이터는 복수의 테스트 환경설정이 가능하게 해준다. MNIST데이터에 대한 종합적인 결과들을 에서 확인할 수 있다.",9-1,2010년에 인공지능 분야에서 어떤 일이 있었나요?,TIMIT로부터 대량 어휘 음성인식(large vocabulary speech recognition)으로의 딥 러닝의 확장은 2010년 산업계 연구자들에 의해 성공적으로 수행되었다.,temporal
253,https://ko.wikipedia.org/wiki/%EB%94%A5_%EB%9F%AC%EB%8B%9D,"딥 러닝 - 위키백과, 우리 모두의 백과사전",자동 음성 인식,"TIMIT로부터 대량 어휘 음성인식(large vocabulary speech recognition)으로의 딥 러닝의 확장은 2010년 산업계 연구자들에 의해 성공적으로 수행되었다.자동 음성 인식 분야의 2014년 10월까지의 최신 동향은마이크로소프트 리서치의 책에 잘 정리되어있다.또한 자동 음성인식과 관련된 배경 지식과 다양한 기계학습 패러다임의 영향을 잘 정리한 글을 참고할 수 있다.대용량 자동 음성인식은 최근 딥 러닝의 역사에서 산업계와 학계를 모두 아우르는 처음이자 가장 성공적인 케이스라고 할 수 있다. 2010년부터 2014년까지, 신호처리와 음성인식에 대한 주요 학술회의인 IEEE-ICASSP 와 Interspeech는 음성인식을 위한 딥 러닝 분야의 합격 논문 개수에 있어서 거의 기하급수적인 성장을 보여주었다. 더 중요한 것은, 현재 모든 주요 상업 음성인식 시스템(MS 코타나, 스카이프 번역기, 구글 나우, 애플 시리 등등)이 딥 러닝 기법에 기반하고있다는 점이다.뉘앙스 커뮤니케이션즈의 CTO의 최근 인터뷰도 참고할만하다. 일반적으로이미지분류를 위한 평가데이터로서 MNIST데이터베이스데이터가 이용된다. MNIST는 손으로 쓴 숫자들로 구성되어 있으며, 60000개의 학습 예제들과 10000개의 테스트 예제들을 포함한다. TIMIT와 유사하게, 적은 용량의 MNIST데이터는 복수의 테스트 환경설정이 가능하게 해준다. MNIST데이터에 대한 종합적인 결과들을 에서 확인할 수 있다.",9-1,2014년에 인공지능 분야에서 어떤 일이 있었나요?,자동 음성 인식 분야의 2014년 10월까지의 최신 동향은마이크로소프트 리서치의 책에 잘 정리되어있다.,temporal
254,https://ko.wikipedia.org/wiki/%EB%94%A5_%EB%9F%AC%EB%8B%9D,"딥 러닝 - 위키백과, 우리 모두의 백과사전",자동 음성 인식,"현재까지 MNIST데이터에 대한 가장 우수한 결과는 Ciresan 등이 작성한에서 달성되었으며, 오차율 0.23%를 기록했다. 제프리 힌튼과 그의 제자들은 2012년 가을에 대규모 ImageNet 대회에서 당시 최신기계 학습방법들의 성능을 훌쩍 뛰어넘는 결과를 보여주며 우승하였다. 이로 인해컴퓨터 비전의 주요 분야인 영상 인식 및 사물 인식 분야에서의 딥 러닝의 중요성이 대두되었다. 그 당시, 대규모에 딥 러닝이 상당히 잘 작동한다는 것을 알고 있었던 그들은, 20년 전에 고안된 심층 합성곱 신경망 구조를 대규모 작업에 맞도록 대규모로 사용하였다. 2013년부터 2014년에 이르기까지, 딥 러닝을 이용한 ImageNet 과제 결과의 오차율은 대규모음성인식분야와 추세를 같이하며 빠르게 줄어나갔다. 자동음성인식분야의 자동 음성 번역 및 이해 분야로의 확장과 마찬가지로,이미지분류 분야는 자동 영상 captioning이라는 더욱 도전적인 분야로 확장되었다. 자동 영상 캡셔닝은 딥 러닝을 핵심 기반 기술로 사용하는 분야이다. 적용 사례로는 360°카메라화면을 이해할 수 있도록 딥 러닝을 통해 학습된자동차탑재용컴퓨터등이 있다.",9-2,2012년에 인공지능 분야에서 어떤 일이 있었나요?,제프리 힌튼과 그의 제자들은 2012년 가을에 대규모 ImageNet 대회에서 당시 최신기계 학습방법들의 성능을 훌쩍 뛰어넘는 결과를 보여주며 우승하였다.,temporal
255,https://ko.wikipedia.org/wiki/%EB%94%A5_%EB%9F%AC%EB%8B%9D,"딥 러닝 - 위키백과, 우리 모두의 백과사전",자동 음성 인식,"현재까지 MNIST데이터에 대한 가장 우수한 결과는 Ciresan 등이 작성한에서 달성되었으며, 오차율 0.23%를 기록했다. 제프리 힌튼과 그의 제자들은 2012년 가을에 대규모 ImageNet 대회에서 당시 최신기계 학습방법들의 성능을 훌쩍 뛰어넘는 결과를 보여주며 우승하였다. 이로 인해컴퓨터 비전의 주요 분야인 영상 인식 및 사물 인식 분야에서의 딥 러닝의 중요성이 대두되었다. 그 당시, 대규모에 딥 러닝이 상당히 잘 작동한다는 것을 알고 있었던 그들은, 20년 전에 고안된 심층 합성곱 신경망 구조를 대규모 작업에 맞도록 대규모로 사용하였다. 2013년부터 2014년에 이르기까지, 딥 러닝을 이용한 ImageNet 과제 결과의 오차율은 대규모음성인식분야와 추세를 같이하며 빠르게 줄어나갔다. 자동음성인식분야의 자동 음성 번역 및 이해 분야로의 확장과 마찬가지로,이미지분류 분야는 자동 영상 captioning이라는 더욱 도전적인 분야로 확장되었다. 자동 영상 캡셔닝은 딥 러닝을 핵심 기반 기술로 사용하는 분야이다. 적용 사례로는 360°카메라화면을 이해할 수 있도록 딥 러닝을 통해 학습된자동차탑재용컴퓨터등이 있다.",9-2,2013년에 인공지능 분야에서 어떤 일이 있었나요?,"2013년부터 2014년에 이르기까지, 딥 러닝을 이용한 ImageNet 과제 결과의 오차율은 대규모음성인식분야와 추세를 같이하며 빠르게 줄어나갔다.",temporal
256,https://ko.wikipedia.org/wiki/%EB%94%A5_%EB%9F%AC%EB%8B%9D,"딥 러닝 - 위키백과, 우리 모두의 백과사전",자연어 처리,"2000년대 초부터인공신경망은 언어 모형을 구현하기 위해 사용되어 왔다. 이 분야에서의 핵심 기법은 negative sampling과 단어 표현(word expression)이다.word2vec과 같은 단어 표현은 데이터집합으로 주어진 단어들 사이의 관계를 학습하는인공신경망을 이용하여 단어를 벡터 공간 상에 나타내는 것이라고 할 수 있다. 단어표현을 재귀 신경망(recursive neural network)의 입력 계층으로 이용하면 해당 신경망이compositional vector grammar를 통해 문장과 구(phrase)를 분석하도록 학습시킬 수 있다. 이compositional vector grammar는 재귀 신경망으로 구현된 PCFG 라고 할 수 있다. 단어표현을 기반으로 구성된 Recursive autoencoder는 문장 간의 유사도 판단과 의역 탐지를 하도록 훈련이 가능하다. 이러한 심층인공신경망구조들은 자동으로 감정 분석(sentiment analysis), 정보 검색(information retrieval)을 비롯한 다양한 자연언어처리 관련 연구에서 최첨단 기술로서 쓰이고 있다.",10-0,딥 러닝에서 '자연어 처리'은(는) 무엇을 다루나요?,"2000년대 초부터인공신경망은 언어 모형을 구현하기 위해 사용되어 왔다. 이 분야에서의 핵심 기법은 negative sampling과 단어 표현(word expression)이다.word2vec과 같은 단어 표현은 데이터집합으로 주어진 단어들 사이의 관계를 학습하는인공신경망을 이용하여 단어를 벡터 공간 상에 나타내는 것이라고 할 수 있다. 단어표현을 재귀 신경망(recursive neural network)의 입력 계층으로 이용하면 해당 신경망이compositional vector grammar를 통해 문장과 구(phrase)를 분석하도록 학습시킬 수 있다. 이compositional vector grammar는 재귀 신경망으로 구현된 PCFG 라고 할 수 있다. 단어표현을 기반으로 구성된 Recursive autoencoder는 문장 간의 유사도 판단과 의역 탐지를 하도록 훈련이 가능하다. 이러한 심층인공신경망구조들은 자동으로 감정 분석(sentiment analysis), 정보",summarization
257,https://ko.wikipedia.org/wiki/%EB%94%A5_%EB%9F%AC%EB%8B%9D,"딥 러닝 - 위키백과, 우리 모두의 백과사전",자연어 처리,"2000년대 초부터인공신경망은 언어 모형을 구현하기 위해 사용되어 왔다. 이 분야에서의 핵심 기법은 negative sampling과 단어 표현(word expression)이다.word2vec과 같은 단어 표현은 데이터집합으로 주어진 단어들 사이의 관계를 학습하는인공신경망을 이용하여 단어를 벡터 공간 상에 나타내는 것이라고 할 수 있다. 단어표현을 재귀 신경망(recursive neural network)의 입력 계층으로 이용하면 해당 신경망이compositional vector grammar를 통해 문장과 구(phrase)를 분석하도록 학습시킬 수 있다. 이compositional vector grammar는 재귀 신경망으로 구현된 PCFG 라고 할 수 있다. 단어표현을 기반으로 구성된 Recursive autoencoder는 문장 간의 유사도 판단과 의역 탐지를 하도록 훈련이 가능하다. 이러한 심층인공신경망구조들은 자동으로 감정 분석(sentiment analysis), 정보 검색(information retrieval)을 비롯한 다양한 자연언어처리 관련 연구에서 최첨단 기술로서 쓰이고 있다.",10-0,과 단어 표현(word expression)의 정의를 설명해주세요.,이 분야에서의 핵심 기법은 negative sampling과 단어 표현(word expression)이다.,definition
258,https://ko.wikipedia.org/wiki/%EB%94%A5_%EB%9F%AC%EB%8B%9D,"딥 러닝 - 위키백과, 우리 모두의 백과사전",자연어 처리,"2000년대 초부터인공신경망은 언어 모형을 구현하기 위해 사용되어 왔다. 이 분야에서의 핵심 기법은 negative sampling과 단어 표현(word expression)이다.word2vec과 같은 단어 표현은 데이터집합으로 주어진 단어들 사이의 관계를 학습하는인공신경망을 이용하여 단어를 벡터 공간 상에 나타내는 것이라고 할 수 있다. 단어표현을 재귀 신경망(recursive neural network)의 입력 계층으로 이용하면 해당 신경망이compositional vector grammar를 통해 문장과 구(phrase)를 분석하도록 학습시킬 수 있다. 이compositional vector grammar는 재귀 신경망으로 구현된 PCFG 라고 할 수 있다. 단어표현을 기반으로 구성된 Recursive autoencoder는 문장 간의 유사도 판단과 의역 탐지를 하도록 훈련이 가능하다. 이러한 심층인공신경망구조들은 자동으로 감정 분석(sentiment analysis), 정보 검색(information retrieval)을 비롯한 다양한 자연언어처리 관련 연구에서 최첨단 기술로서 쓰이고 있다.",10-0,단어표현을 재귀 신경망(recursive neural network)의 정의를 설명해주세요.,단어표현을 재귀 신경망(recursive neural network)의 입력 계층으로 이용하면 해당 신경망이compositional vector grammar를 통해 문장과 구(phrase)를 분석하도록 학습시킬 수 있다.,definition
259,https://ko.wikipedia.org/wiki/%EB%94%A5_%EB%9F%AC%EB%8B%9D,"딥 러닝 - 위키백과, 우리 모두의 백과사전",자연어 처리,"2000년대 초부터인공신경망은 언어 모형을 구현하기 위해 사용되어 왔다. 이 분야에서의 핵심 기법은 negative sampling과 단어 표현(word expression)이다.word2vec과 같은 단어 표현은 데이터집합으로 주어진 단어들 사이의 관계를 학습하는인공신경망을 이용하여 단어를 벡터 공간 상에 나타내는 것이라고 할 수 있다. 단어표현을 재귀 신경망(recursive neural network)의 입력 계층으로 이용하면 해당 신경망이compositional vector grammar를 통해 문장과 구(phrase)를 분석하도록 학습시킬 수 있다. 이compositional vector grammar는 재귀 신경망으로 구현된 PCFG 라고 할 수 있다. 단어표현을 기반으로 구성된 Recursive autoencoder는 문장 간의 유사도 판단과 의역 탐지를 하도록 훈련이 가능하다. 이러한 심층인공신경망구조들은 자동으로 감정 분석(sentiment analysis), 정보 검색(information retrieval)을 비롯한 다양한 자연언어처리 관련 연구에서 최첨단 기술로서 쓰이고 있다.",10-0,를 통해 문장과 구(phrase)의 정의를 설명해주세요.,단어표현을 재귀 신경망(recursive neural network)의 입력 계층으로 이용하면 해당 신경망이compositional vector grammar를 통해 문장과 구(phrase)를 분석하도록 학습시킬 수 있다.,definition
260,https://ko.wikipedia.org/wiki/%EB%94%A5_%EB%9F%AC%EB%8B%9D,"딥 러닝 - 위키백과, 우리 모두의 백과사전",자연어 처리,"2000년대 초부터인공신경망은 언어 모형을 구현하기 위해 사용되어 왔다. 이 분야에서의 핵심 기법은 negative sampling과 단어 표현(word expression)이다.word2vec과 같은 단어 표현은 데이터집합으로 주어진 단어들 사이의 관계를 학습하는인공신경망을 이용하여 단어를 벡터 공간 상에 나타내는 것이라고 할 수 있다. 단어표현을 재귀 신경망(recursive neural network)의 입력 계층으로 이용하면 해당 신경망이compositional vector grammar를 통해 문장과 구(phrase)를 분석하도록 학습시킬 수 있다. 이compositional vector grammar는 재귀 신경망으로 구현된 PCFG 라고 할 수 있다. 단어표현을 기반으로 구성된 Recursive autoencoder는 문장 간의 유사도 판단과 의역 탐지를 하도록 훈련이 가능하다. 이러한 심층인공신경망구조들은 자동으로 감정 분석(sentiment analysis), 정보 검색(information retrieval)을 비롯한 다양한 자연언어처리 관련 연구에서 최첨단 기술로서 쓰이고 있다.",10-0,2000년에 인공지능 분야에서 어떤 일이 있었나요?,2000년대 초부터인공신경망은 언어 모형을 구현하기 위해 사용되어 왔다.,temporal
261,https://ko.wikipedia.org/wiki/%EB%94%A5_%EB%9F%AC%EB%8B%9D,"딥 러닝 - 위키백과, 우리 모두의 백과사전",약물 발견과 독성학,"제약 산업에서 많은 수의 약들은 시장에 출시되지 못한다. 이렇게 실패하는 이유중 하나는 생각한 만큼의 효험을 보이지 못하거나, 예상치 못한 다른 작용을 일으키기 때문이다. 이를 해결하기 위해 2012년 George Dahl의 팀은 다중 DNN을 약의 효험을 예측하는 데에 활용하여 ""Merck Molecular Activity Challenge""에 우승하였고, 2014년 Sepp Hochreiter의 팀은 예상치 못한 다른 작용을 사전에 탐지하기 위해 딥 러닝을 활용하여 ""Tox21 Data Challenge""에서 우승하였다.이러한 성공은 딥 러닝이 약학에 있어 가상 실험 방법(Virtual Screening Method)에 적합함을 보여준다.현재 많은 수의 연구자들이 여러 가지 데이터를 조합하여 약물을 발견하는 데에 딥 러닝을 활용하고 있다.",11-0,딥 러닝에서 '약물 발견과 독성학'은(는) 무엇을 다루나요?,"제약 산업에서 많은 수의 약들은 시장에 출시되지 못한다. 이렇게 실패하는 이유중 하나는 생각한 만큼의 효험을 보이지 못하거나, 예상치 못한 다른 작용을 일으키기 때문이다. 이를 해결하기 위해 2012년 George Dahl의 팀은 다중 DNN을 약의 효험을 예측하는 데에 활용하여 ""Merck Molecular Activity Challenge""에 우승하였고, 2014년 Sepp Hochreiter의 팀은 예상치 못한 다른 작용을 사전에 탐지하기 위해 딥 러닝을 활용하여 ""Tox21 Data Challenge""에서 우승하였다.이러한 성공은 딥 러닝이 약학에 있어 가상 실험 방법(Virtual Screening Method)에 적합함을 보여준다.현재 많은 수의 연구자들이 여러 가지 데이터를 조합하여 약물을 발견하는 데에 딥 러닝을 활용하고 있다.",summarization
262,https://ko.wikipedia.org/wiki/%EB%94%A5_%EB%9F%AC%EB%8B%9D,"딥 러닝 - 위키백과, 우리 모두의 백과사전",약물 발견과 독성학,"제약 산업에서 많은 수의 약들은 시장에 출시되지 못한다. 이렇게 실패하는 이유중 하나는 생각한 만큼의 효험을 보이지 못하거나, 예상치 못한 다른 작용을 일으키기 때문이다. 이를 해결하기 위해 2012년 George Dahl의 팀은 다중 DNN을 약의 효험을 예측하는 데에 활용하여 ""Merck Molecular Activity Challenge""에 우승하였고, 2014년 Sepp Hochreiter의 팀은 예상치 못한 다른 작용을 사전에 탐지하기 위해 딥 러닝을 활용하여 ""Tox21 Data Challenge""에서 우승하였다.이러한 성공은 딥 러닝이 약학에 있어 가상 실험 방법(Virtual Screening Method)에 적합함을 보여준다.현재 많은 수의 연구자들이 여러 가지 데이터를 조합하여 약물을 발견하는 데에 딥 러닝을 활용하고 있다.",11-0,러닝이 약학에 있어 가상 실험 방법(Virtual Screening Method)의 정의를 설명해주세요.,이러한 성공은 딥 러닝이 약학에 있어 가상 실험 방법(Virtual Screening Method)에 적합함을 보여준다.,definition
263,https://ko.wikipedia.org/wiki/%EB%94%A5_%EB%9F%AC%EB%8B%9D,"딥 러닝 - 위키백과, 우리 모두의 백과사전",약물 발견과 독성학,"제약 산업에서 많은 수의 약들은 시장에 출시되지 못한다. 이렇게 실패하는 이유중 하나는 생각한 만큼의 효험을 보이지 못하거나, 예상치 못한 다른 작용을 일으키기 때문이다. 이를 해결하기 위해 2012년 George Dahl의 팀은 다중 DNN을 약의 효험을 예측하는 데에 활용하여 ""Merck Molecular Activity Challenge""에 우승하였고, 2014년 Sepp Hochreiter의 팀은 예상치 못한 다른 작용을 사전에 탐지하기 위해 딥 러닝을 활용하여 ""Tox21 Data Challenge""에서 우승하였다.이러한 성공은 딥 러닝이 약학에 있어 가상 실험 방법(Virtual Screening Method)에 적합함을 보여준다.현재 많은 수의 연구자들이 여러 가지 데이터를 조합하여 약물을 발견하는 데에 딥 러닝을 활용하고 있다.",11-0,2014년에 인공지능 분야에서 어떤 일이 있었나요?,"이를 해결하기 위해 2012년 George Dahl의 팀은 다중 DNN을 약의 효험을 예측하는 데에 활용하여 ""Merck Molecular Activity Challenge""에 우승하였고, 2014년 Sepp Hochreiter의 팀은 예상치 못한 다른 작용을 사전에 탐지하기 위해 딥 러닝을 활용하여 ""Tox21 Data Challenge""에서 우승하였다.",temporal
264,https://ko.wikipedia.org/wiki/%EB%94%A5_%EB%9F%AC%EB%8B%9D,"딥 러닝 - 위키백과, 우리 모두의 백과사전",고객 관계 관리,"최근 직접 마케팅 기획,고객 관계 관리자동화를 위한 수단 적합성 산출 등에 직접적으로 심층강화 학습을 활용하여 성공하는 사례들이 알려지고 있다.인공 신경망은RFM으로 정의된 고객들에 대한 활용 가능한 마케팅 활동의 값을 예측할 때 사용되었다. 예측된 함수는 고객 생명 주기 값(customer lifetime value, CLV)으로 변환되어 사용되었다.",12-0,딥 러닝에서 '고객 관계 관리'은(는) 무엇을 다루나요?,"최근 직접 마케팅 기획,고객 관계 관리자동화를 위한 수단 적합성 산출 등에 직접적으로 심층강화 학습을 활용하여 성공하는 사례들이 알려지고 있다.인공 신경망은RFM으로 정의된 고객들에 대한 활용 가능한 마케팅 활동의 값을 예측할 때 사용되었다. 예측된 함수는 고객 생명 주기 값(customer lifetime value, CLV)으로 변환되어 사용되었다.",summarization
265,https://ko.wikipedia.org/wiki/%EB%94%A5_%EB%9F%AC%EB%8B%9D,"딥 러닝 - 위키백과, 우리 모두의 백과사전",고객 관계 관리,"최근 직접 마케팅 기획,고객 관계 관리자동화를 위한 수단 적합성 산출 등에 직접적으로 심층강화 학습을 활용하여 성공하는 사례들이 알려지고 있다.인공 신경망은RFM으로 정의된 고객들에 대한 활용 가능한 마케팅 활동의 값을 예측할 때 사용되었다. 예측된 함수는 고객 생명 주기 값(customer lifetime value, CLV)으로 변환되어 사용되었다.",12-0,"예측된 함수는 고객 생명 주기 값(customer lifetime value, CLV)의 정의를 설명해주세요.","예측된 함수는 고객 생명 주기 값(customer lifetime value, CLV)으로 변환되어 사용되었다.",definition
266,https://ko.wikipedia.org/wiki/%EB%94%A5_%EB%9F%AC%EB%8B%9D,"딥 러닝 - 위키백과, 우리 모두의 백과사전",딥 러닝과 인간 두뇌,"딥 러닝은(Cognitive neuroscientist)들이 1990년대 초에 제안한(Brain development)과 밀접한 관련이 있다.이러한 발달 관점의 이론들이 도입되면서, 순수한 전산 기반의 딥 러닝 모델들을 위한 기술적인 기반도 마련되었다. 발달 이론에서는(Nerve growth factor)의 물결과 같은 뇌에서의 다양한 학습 역학이 결국은 서로 연관된 신경망들의자기조직화를 도와준다는 특징이 있다. 이는 나중에 전산 기반의 딥 러닝 모델에서도 활용되어서,인공신경망의 계층적인 필터 구조(각 동작 환경에서 필요한 정보만 걸러내는 다중 계층 구조)가 실제 뇌의 피질과 유사해보이게 되었다. 이러한 과정을 통해 자기조직적인 변환기의 계층구조가 만들어지고 각 환경에 맞도록 조율된다. 1995년에뉴욕 타임스에서는 다음과 같이 말하였다. ""...유아의 두뇌는 영양적인 요인의 영향으로 스스로 조직화되는 것 같다... 뇌에서 한 층의 조직이 먼저 성숙되고 다른 부분과 순차적으로 연결되는 방식으로 전체 뇌가 성숙될 때까지 반복된다.""인간의인식발달 및 진화와 관련하여 딥 러닝의 중요성은 많은 과학자들의 관심을 끌고 있다. 가까운 영장류 동물들과 인간이 차별화되는 부분 중 하나는 바로 발달 시기이다.다른 영장류 동물들의 뇌가 출산 전에 거의 완성되는 반면에, 인간의 뇌는 비교적 출산 후에도 계속 발달하는 편이다. 그래서 인간의 경우 뇌가 발달되는 중요한 시기 동안 세상 밖의 훨씬 더 복잡한 경험에 노출될 수 있다. 이러한 현상은 인간이 다른 동물들에 비하여 빠르게 변화하는 환경에 더 잘 적응할 수 있도록 만든다.",13-0,딥 러닝에서 '딥 러닝과 인간 두뇌'은(는) 무엇을 다루나요?,"딥 러닝은(Cognitive neuroscientist)들이 1990년대 초에 제안한(Brain development)과 밀접한 관련이 있다.이러한 발달 관점의 이론들이 도입되면서, 순수한 전산 기반의 딥 러닝 모델들을 위한 기술적인 기반도 마련되었다. 발달 이론에서는(Nerve growth factor)의 물결과 같은 뇌에서의 다양한 학습 역학이 결국은 서로 연관된 신경망들의자기조직화를 도와준다는 특징이 있다. 이는 나중에 전산 기반의 딥 러닝 모델에서도 활용되어서,인공신경망의 계층적인 필터 구조(각 동작 환경에서 필요한 정보만 걸러내는 다중 계층 구조)가 실제 뇌의 피질과 유사해보이게 되었다. 이러한 과정을 통해 자기조직적인 변환기의 계층구조가 만들어지고 각 환경에 맞도록 조율된다. 1995년에뉴욕 타임스에서는 다음과 같이 말하였다. ""...유아의 두뇌는 영양적인 요인의 영향으로 스스로 조직화되는 것 같다... 뇌에서 한 층의 조직이 먼저 성숙되고 다른 부분과 순차적으로 연결되는",summarization
267,https://ko.wikipedia.org/wiki/%EB%94%A5_%EB%9F%AC%EB%8B%9D,"딥 러닝 - 위키백과, 우리 모두의 백과사전",딥 러닝과 인간 두뇌,"딥 러닝은(Cognitive neuroscientist)들이 1990년대 초에 제안한(Brain development)과 밀접한 관련이 있다.이러한 발달 관점의 이론들이 도입되면서, 순수한 전산 기반의 딥 러닝 모델들을 위한 기술적인 기반도 마련되었다. 발달 이론에서는(Nerve growth factor)의 물결과 같은 뇌에서의 다양한 학습 역학이 결국은 서로 연관된 신경망들의자기조직화를 도와준다는 특징이 있다. 이는 나중에 전산 기반의 딥 러닝 모델에서도 활용되어서,인공신경망의 계층적인 필터 구조(각 동작 환경에서 필요한 정보만 걸러내는 다중 계층 구조)가 실제 뇌의 피질과 유사해보이게 되었다. 이러한 과정을 통해 자기조직적인 변환기의 계층구조가 만들어지고 각 환경에 맞도록 조율된다. 1995년에뉴욕 타임스에서는 다음과 같이 말하였다. ""...유아의 두뇌는 영양적인 요인의 영향으로 스스로 조직화되는 것 같다... 뇌에서 한 층의 조직이 먼저 성숙되고 다른 부분과 순차적으로 연결되는 방식으로 전체 뇌가 성숙될 때까지 반복된다.""인간의인식발달 및 진화와 관련하여 딥 러닝의 중요성은 많은 과학자들의 관심을 끌고 있다. 가까운 영장류 동물들과 인간이 차별화되는 부분 중 하나는 바로 발달 시기이다.다른 영장류 동물들의 뇌가 출산 전에 거의 완성되는 반면에, 인간의 뇌는 비교적 출산 후에도 계속 발달하는 편이다. 그래서 인간의 경우 뇌가 발달되는 중요한 시기 동안 세상 밖의 훨씬 더 복잡한 경험에 노출될 수 있다. 이러한 현상은 인간이 다른 동물들에 비하여 빠르게 변화하는 환경에 더 잘 적응할 수 있도록 만든다.",13-0,딥 러닝은(Cognitive neuroscientist)의 정의를 설명해주세요.,딥 러닝은(Cognitive neuroscientist)들이 1990년대 초에 제안한(Brain development)과 밀접한 관련이 있다.,definition
268,https://ko.wikipedia.org/wiki/%EB%94%A5_%EB%9F%AC%EB%8B%9D,"딥 러닝 - 위키백과, 우리 모두의 백과사전",딥 러닝과 인간 두뇌,"딥 러닝은(Cognitive neuroscientist)들이 1990년대 초에 제안한(Brain development)과 밀접한 관련이 있다.이러한 발달 관점의 이론들이 도입되면서, 순수한 전산 기반의 딥 러닝 모델들을 위한 기술적인 기반도 마련되었다. 발달 이론에서는(Nerve growth factor)의 물결과 같은 뇌에서의 다양한 학습 역학이 결국은 서로 연관된 신경망들의자기조직화를 도와준다는 특징이 있다. 이는 나중에 전산 기반의 딥 러닝 모델에서도 활용되어서,인공신경망의 계층적인 필터 구조(각 동작 환경에서 필요한 정보만 걸러내는 다중 계층 구조)가 실제 뇌의 피질과 유사해보이게 되었다. 이러한 과정을 통해 자기조직적인 변환기의 계층구조가 만들어지고 각 환경에 맞도록 조율된다. 1995년에뉴욕 타임스에서는 다음과 같이 말하였다. ""...유아의 두뇌는 영양적인 요인의 영향으로 스스로 조직화되는 것 같다... 뇌에서 한 층의 조직이 먼저 성숙되고 다른 부분과 순차적으로 연결되는 방식으로 전체 뇌가 성숙될 때까지 반복된다.""인간의인식발달 및 진화와 관련하여 딥 러닝의 중요성은 많은 과학자들의 관심을 끌고 있다. 가까운 영장류 동물들과 인간이 차별화되는 부분 중 하나는 바로 발달 시기이다.다른 영장류 동물들의 뇌가 출산 전에 거의 완성되는 반면에, 인간의 뇌는 비교적 출산 후에도 계속 발달하는 편이다. 그래서 인간의 경우 뇌가 발달되는 중요한 시기 동안 세상 밖의 훨씬 더 복잡한 경험에 노출될 수 있다. 이러한 현상은 인간이 다른 동물들에 비하여 빠르게 변화하는 환경에 더 잘 적응할 수 있도록 만든다.",13-0,년대 초에 제안한(Brain development)의 정의를 설명해주세요.,딥 러닝은(Cognitive neuroscientist)들이 1990년대 초에 제안한(Brain development)과 밀접한 관련이 있다.,definition
269,https://ko.wikipedia.org/wiki/%EB%94%A5_%EB%9F%AC%EB%8B%9D,"딥 러닝 - 위키백과, 우리 모두의 백과사전",딥 러닝과 인간 두뇌,"딥 러닝은(Cognitive neuroscientist)들이 1990년대 초에 제안한(Brain development)과 밀접한 관련이 있다.이러한 발달 관점의 이론들이 도입되면서, 순수한 전산 기반의 딥 러닝 모델들을 위한 기술적인 기반도 마련되었다. 발달 이론에서는(Nerve growth factor)의 물결과 같은 뇌에서의 다양한 학습 역학이 결국은 서로 연관된 신경망들의자기조직화를 도와준다는 특징이 있다. 이는 나중에 전산 기반의 딥 러닝 모델에서도 활용되어서,인공신경망의 계층적인 필터 구조(각 동작 환경에서 필요한 정보만 걸러내는 다중 계층 구조)가 실제 뇌의 피질과 유사해보이게 되었다. 이러한 과정을 통해 자기조직적인 변환기의 계층구조가 만들어지고 각 환경에 맞도록 조율된다. 1995년에뉴욕 타임스에서는 다음과 같이 말하였다. ""...유아의 두뇌는 영양적인 요인의 영향으로 스스로 조직화되는 것 같다... 뇌에서 한 층의 조직이 먼저 성숙되고 다른 부분과 순차적으로 연결되는 방식으로 전체 뇌가 성숙될 때까지 반복된다.""인간의인식발달 및 진화와 관련하여 딥 러닝의 중요성은 많은 과학자들의 관심을 끌고 있다. 가까운 영장류 동물들과 인간이 차별화되는 부분 중 하나는 바로 발달 시기이다.다른 영장류 동물들의 뇌가 출산 전에 거의 완성되는 반면에, 인간의 뇌는 비교적 출산 후에도 계속 발달하는 편이다. 그래서 인간의 경우 뇌가 발달되는 중요한 시기 동안 세상 밖의 훨씬 더 복잡한 경험에 노출될 수 있다. 이러한 현상은 인간이 다른 동물들에 비하여 빠르게 변화하는 환경에 더 잘 적응할 수 있도록 만든다.",13-0,발달 이론에서는(Nerve growth factor)의 정의를 설명해주세요.,발달 이론에서는(Nerve growth factor)의 물결과 같은 뇌에서의 다양한 학습 역학이 결국은 서로 연관된 신경망들의자기조직화를 도와준다는 특징이 있다.,definition
270,https://ko.wikipedia.org/wiki/%EB%94%A5_%EB%9F%AC%EB%8B%9D,"딥 러닝 - 위키백과, 우리 모두의 백과사전",딥 러닝과 인간 두뇌,"딥 러닝은(Cognitive neuroscientist)들이 1990년대 초에 제안한(Brain development)과 밀접한 관련이 있다.이러한 발달 관점의 이론들이 도입되면서, 순수한 전산 기반의 딥 러닝 모델들을 위한 기술적인 기반도 마련되었다. 발달 이론에서는(Nerve growth factor)의 물결과 같은 뇌에서의 다양한 학습 역학이 결국은 서로 연관된 신경망들의자기조직화를 도와준다는 특징이 있다. 이는 나중에 전산 기반의 딥 러닝 모델에서도 활용되어서,인공신경망의 계층적인 필터 구조(각 동작 환경에서 필요한 정보만 걸러내는 다중 계층 구조)가 실제 뇌의 피질과 유사해보이게 되었다. 이러한 과정을 통해 자기조직적인 변환기의 계층구조가 만들어지고 각 환경에 맞도록 조율된다. 1995년에뉴욕 타임스에서는 다음과 같이 말하였다. ""...유아의 두뇌는 영양적인 요인의 영향으로 스스로 조직화되는 것 같다... 뇌에서 한 층의 조직이 먼저 성숙되고 다른 부분과 순차적으로 연결되는 방식으로 전체 뇌가 성숙될 때까지 반복된다.""인간의인식발달 및 진화와 관련하여 딥 러닝의 중요성은 많은 과학자들의 관심을 끌고 있다. 가까운 영장류 동물들과 인간이 차별화되는 부분 중 하나는 바로 발달 시기이다.다른 영장류 동물들의 뇌가 출산 전에 거의 완성되는 반면에, 인간의 뇌는 비교적 출산 후에도 계속 발달하는 편이다. 그래서 인간의 경우 뇌가 발달되는 중요한 시기 동안 세상 밖의 훨씬 더 복잡한 경험에 노출될 수 있다. 이러한 현상은 인간이 다른 동물들에 비하여 빠르게 변화하는 환경에 더 잘 적응할 수 있도록 만든다.",13-0,1990년에 인공지능 분야에서 어떤 일이 있었나요?,딥 러닝은(Cognitive neuroscientist)들이 1990년대 초에 제안한(Brain development)과 밀접한 관련이 있다.,temporal
271,https://ko.wikipedia.org/wiki/%EB%94%A5_%EB%9F%AC%EB%8B%9D,"딥 러닝 - 위키백과, 우리 모두의 백과사전",딥 러닝과 인간 두뇌,"딥 러닝은(Cognitive neuroscientist)들이 1990년대 초에 제안한(Brain development)과 밀접한 관련이 있다.이러한 발달 관점의 이론들이 도입되면서, 순수한 전산 기반의 딥 러닝 모델들을 위한 기술적인 기반도 마련되었다. 발달 이론에서는(Nerve growth factor)의 물결과 같은 뇌에서의 다양한 학습 역학이 결국은 서로 연관된 신경망들의자기조직화를 도와준다는 특징이 있다. 이는 나중에 전산 기반의 딥 러닝 모델에서도 활용되어서,인공신경망의 계층적인 필터 구조(각 동작 환경에서 필요한 정보만 걸러내는 다중 계층 구조)가 실제 뇌의 피질과 유사해보이게 되었다. 이러한 과정을 통해 자기조직적인 변환기의 계층구조가 만들어지고 각 환경에 맞도록 조율된다. 1995년에뉴욕 타임스에서는 다음과 같이 말하였다. ""...유아의 두뇌는 영양적인 요인의 영향으로 스스로 조직화되는 것 같다... 뇌에서 한 층의 조직이 먼저 성숙되고 다른 부분과 순차적으로 연결되는 방식으로 전체 뇌가 성숙될 때까지 반복된다.""인간의인식발달 및 진화와 관련하여 딥 러닝의 중요성은 많은 과학자들의 관심을 끌고 있다. 가까운 영장류 동물들과 인간이 차별화되는 부분 중 하나는 바로 발달 시기이다.다른 영장류 동물들의 뇌가 출산 전에 거의 완성되는 반면에, 인간의 뇌는 비교적 출산 후에도 계속 발달하는 편이다. 그래서 인간의 경우 뇌가 발달되는 중요한 시기 동안 세상 밖의 훨씬 더 복잡한 경험에 노출될 수 있다. 이러한 현상은 인간이 다른 동물들에 비하여 빠르게 변화하는 환경에 더 잘 적응할 수 있도록 만든다.",13-0,1995년에 인공지능 분야에서 어떤 일이 있었나요?,1995년에뉴욕 타임스에서는 다음과 같이 말하였다.,temporal
272,https://ko.wikipedia.org/wiki/%EB%94%A5_%EB%9F%AC%EB%8B%9D,"딥 러닝 - 위키백과, 우리 모두의 백과사전",딥 러닝과 인간 두뇌,"이러한 변화의 정도는 대뇌 피질 발달에 반영되기도 하고, 또한 두뇌의자기조직화시기에 자극적인 환경으로부터의 정보 추출에 변화를 준다. 물론, 이러한 유연성은 인간이 다른 동물들에 비해 긴 미성숙기(보호자에게 도움을 받고 훈련을 받아야 하는 의존적인 시기)를 가지게 된 원인이기도 하다. 딥 러닝의 이런 이론들은 결국 인간 진화의 기본적인 조건으로서 문화와인식의 공진화를 보여준다. 딥 러닝은 종종강인공지능의 현실화를 향한 발걸음으로 묘사되기도 하기 때문에 많은 기관에서 딥 러닝의 활용에 관심을 보이고 있다. 2013년 3월,제프리 힌튼과 두 명의 제자(Alex Krizhevsky and Ilya Sutskever)가구글에 채용되었다. 이들은 구글의 기존기계 학습제품들을 향상시키고 구글이 가지고있는 데이터를 더 잘 활용할 수 있도록 돕는 일을 할 것이다. 구글은 또한힌튼의 회사 DNNresearch를 인수하였다. 2013년 12월에는페이스북이 캘리포니아, 런던, 뉴욕에서 운영될인공지능연구실의 수장으로얀 르쿤을 채용했다고 발표하였다. 이 인공지능 연구실에서는 딥 러닝 기법들을 연구 하여 페이스북의 사진에 자동으로 사람의 이름을 연결시키는 등의 기능을 구현할 예정이다.2014년, 구글은 영국의스타트업기업인딥마인드 테크놀로지스를 인수하였다.딥마인드에서는 화면의 정보만을 가지고 비디오 게임을 어떻게 플레이하는지를 스스로 학습하는 시스템을 개발하였다.바이두는앤드류 응을 그들의 새로운 실리콘밸리 딥 러닝 연구실의 수장으로 채용하였다.",13-1,제프리 힌튼과 두 명의 제자(Alex Krizhevsky and Ilya Sutskever)의 정의를 설명해주세요.,"2013년 3월,제프리 힌튼과 두 명의 제자(Alex Krizhevsky and Ilya Sutskever)가구글에 채용되었다.",definition
273,https://ko.wikipedia.org/wiki/%EB%94%A5_%EB%9F%AC%EB%8B%9D,"딥 러닝 - 위키백과, 우리 모두의 백과사전",딥 러닝과 인간 두뇌,"이러한 변화의 정도는 대뇌 피질 발달에 반영되기도 하고, 또한 두뇌의자기조직화시기에 자극적인 환경으로부터의 정보 추출에 변화를 준다. 물론, 이러한 유연성은 인간이 다른 동물들에 비해 긴 미성숙기(보호자에게 도움을 받고 훈련을 받아야 하는 의존적인 시기)를 가지게 된 원인이기도 하다. 딥 러닝의 이런 이론들은 결국 인간 진화의 기본적인 조건으로서 문화와인식의 공진화를 보여준다. 딥 러닝은 종종강인공지능의 현실화를 향한 발걸음으로 묘사되기도 하기 때문에 많은 기관에서 딥 러닝의 활용에 관심을 보이고 있다. 2013년 3월,제프리 힌튼과 두 명의 제자(Alex Krizhevsky and Ilya Sutskever)가구글에 채용되었다. 이들은 구글의 기존기계 학습제품들을 향상시키고 구글이 가지고있는 데이터를 더 잘 활용할 수 있도록 돕는 일을 할 것이다. 구글은 또한힌튼의 회사 DNNresearch를 인수하였다. 2013년 12월에는페이스북이 캘리포니아, 런던, 뉴욕에서 운영될인공지능연구실의 수장으로얀 르쿤을 채용했다고 발표하였다. 이 인공지능 연구실에서는 딥 러닝 기법들을 연구 하여 페이스북의 사진에 자동으로 사람의 이름을 연결시키는 등의 기능을 구현할 예정이다.2014년, 구글은 영국의스타트업기업인딥마인드 테크놀로지스를 인수하였다.딥마인드에서는 화면의 정보만을 가지고 비디오 게임을 어떻게 플레이하는지를 스스로 학습하는 시스템을 개발하였다.바이두는앤드류 응을 그들의 새로운 실리콘밸리 딥 러닝 연구실의 수장으로 채용하였다.",13-1,2013년에 인공지능 분야에서 어떤 일이 있었나요?,"2013년 3월,제프리 힌튼과 두 명의 제자(Alex Krizhevsky and Ilya Sutskever)가구글에 채용되었다.",temporal
274,https://ko.wikipedia.org/wiki/%EB%94%A5_%EB%9F%AC%EB%8B%9D,"딥 러닝 - 위키백과, 우리 모두의 백과사전",딥 러닝과 인간 두뇌,"이러한 변화의 정도는 대뇌 피질 발달에 반영되기도 하고, 또한 두뇌의자기조직화시기에 자극적인 환경으로부터의 정보 추출에 변화를 준다. 물론, 이러한 유연성은 인간이 다른 동물들에 비해 긴 미성숙기(보호자에게 도움을 받고 훈련을 받아야 하는 의존적인 시기)를 가지게 된 원인이기도 하다. 딥 러닝의 이런 이론들은 결국 인간 진화의 기본적인 조건으로서 문화와인식의 공진화를 보여준다. 딥 러닝은 종종강인공지능의 현실화를 향한 발걸음으로 묘사되기도 하기 때문에 많은 기관에서 딥 러닝의 활용에 관심을 보이고 있다. 2013년 3월,제프리 힌튼과 두 명의 제자(Alex Krizhevsky and Ilya Sutskever)가구글에 채용되었다. 이들은 구글의 기존기계 학습제품들을 향상시키고 구글이 가지고있는 데이터를 더 잘 활용할 수 있도록 돕는 일을 할 것이다. 구글은 또한힌튼의 회사 DNNresearch를 인수하였다. 2013년 12월에는페이스북이 캘리포니아, 런던, 뉴욕에서 운영될인공지능연구실의 수장으로얀 르쿤을 채용했다고 발표하였다. 이 인공지능 연구실에서는 딥 러닝 기법들을 연구 하여 페이스북의 사진에 자동으로 사람의 이름을 연결시키는 등의 기능을 구현할 예정이다.2014년, 구글은 영국의스타트업기업인딥마인드 테크놀로지스를 인수하였다.딥마인드에서는 화면의 정보만을 가지고 비디오 게임을 어떻게 플레이하는지를 스스로 학습하는 시스템을 개발하였다.바이두는앤드류 응을 그들의 새로운 실리콘밸리 딥 러닝 연구실의 수장으로 채용하였다.",13-1,2014년에 인공지능 분야에서 어떤 일이 있었나요?,"2014년, 구글은 영국의스타트업기업인딥마인드 테크놀로지스를 인수하였다.",temporal
275,https://ko.wikipedia.org/wiki/%EB%94%A5_%EB%9F%AC%EB%8B%9D,"딥 러닝 - 위키백과, 우리 모두의 백과사전",부정적 시각과 코멘트,"딥 러닝에 대한 부정적 시각중 하나로 딥 러닝에 사용되는 방법들의 이론적인 뒷받침이 빈약하다는 것이 있다. 대부분의 딥 러닝 알고리즘은경사 하강법에 기초를 두고 있다. 그런데경사 하강법자체는 이론적으로 이해가 잘 되었지만, 이와 함께 사용하는 다른 알고리즘은 이론적인 검증이 빈약하다. 그러한 알고리즘 중 하나인 contrastive divergence는 이 알고리즘이 실제로 정말 수렴하는지, 수렴한다면 얼마나 빠르게 수렴하는지에 대한 부분이 현재 분명하게 증명되지 않았다. 이와 같이, 딥 러닝에 사용되는 방법들은 이론적이기보다는 경험적으로 검증된 방법들을 사용하기 때문에 종종 블랙박스로 이해되기도 한다. 또다른 사람들은 보통 사람들이 딥 러닝을 모든 것을 해결해주는 솔루션으로 바라보는 것에 대해 딥 러닝은 유일한 솔루션이 아니고, 강한 인공 지능을 실현하는 데에 한 걸음 더 다가갈 수 있게 해주는 것으로 봐야한다고 주장한다. 딥 러닝을 모든 것을 해결해주는 솔루션으로 보기에는 기능적으로 여전히 부족한 점이 많기 때문이다. 심리학자인게리 마커스는 다음과 같이 말했다. ""현실적으로, 딥 러닝은 지능형 기계를 구축하는 것의 일부분에 불과합니다. 딥 러닝에 쓰이는 테크닉들은 인과 관계를 나타내는 능력이 부족하고 논리적 추론을 하는 것에 확실한 방법을 가지고있지 않습니다. 그리고 이 방법들은 어떤 물체가 무엇인지, 용도가 무엇인지 등과 같은 추상적인 정보를 인식하는 데에 오랜 시간이 걸립니다.왓슨과 같이 현재 가장 강력한 인공지능 시스템은 딥 러닝을 복잡한 여러 개의 테크닉 중 단지 한 부분을 위해 사용하고 있습니다.""",14-0,딥 러닝에서 '부정적 시각과 코멘트'은(는) 무엇을 다루나요?,"딥 러닝에 대한 부정적 시각중 하나로 딥 러닝에 사용되는 방법들의 이론적인 뒷받침이 빈약하다는 것이 있다. 대부분의 딥 러닝 알고리즘은경사 하강법에 기초를 두고 있다. 그런데경사 하강법자체는 이론적으로 이해가 잘 되었지만, 이와 함께 사용하는 다른 알고리즘은 이론적인 검증이 빈약하다. 그러한 알고리즘 중 하나인 contrastive divergence는 이 알고리즘이 실제로 정말 수렴하는지, 수렴한다면 얼마나 빠르게 수렴하는지에 대한 부분이 현재 분명하게 증명되지 않았다. 이와 같이, 딥 러닝에 사용되는 방법들은 이론적이기보다는 경험적으로 검증된 방법들을 사용하기 때문에 종종 블랙박스로 이해되기도 한다. 또다른 사람들은 보통 사람들이 딥 러닝을 모든 것을 해결해주는 솔루션으로 바라보는 것에 대해 딥 러닝은 유일한 솔루션이 아니고, 강한 인공 지능을 실현하는 데에 한 걸음 더 다가갈 수 있게 해주는 것으로 봐야한다고 주장한다. 딥 러닝을 모든 것을 해결해주는 솔루션으로 보기에는 기능적",summarization
276,https://ko.wikipedia.org/wiki/%EB%94%A5_%EB%9F%AC%EB%8B%9D,"딥 러닝 - 위키백과, 우리 모두의 백과사전",딥 러닝 소프트웨어 라이브러리,"Theano보관됨2016-05-31 -웨이백 머신
Deeplearning4j, JVM에서의 분산 딥 러닝 라이브러리.
ND4J보관됨2020-06-01 -웨이백 머신
NVIDIA cuDNNDNN의 프리미티브를 제공해주는 라이브러리.
DeepLearnToolbox,MATLAB/Octave딥 러닝을 위한 툴박스.
convnetjs,자바스크립트로 구현된 딥 러닝 라이브러리.
Gensim자연언어처리를 위한 툴킷.
CaffeBerkeley Vision and Learning Center (BVLC)에서 만든 딥러닝 프레임워크
Tensorflow구글에서 발표한 기계학습 오픈소스 library
CNTK Microsoft에서 발표한 오픈소스 library
확률적 앵무새
java deep neural networks with gnu acceleration: 딥러닝 구현
http://neuralnetworksanddeeplearning.com/
http://www.deeplearning.net/tutorial/보관됨2014-07-04 -웨이백 머신
http://theanalyticsstore.com/deep-learning/
http://deview.kr/2013/detail.nhn?topicSeq=39
http://www.toptal.com/machine-learning/an-introduction-to-deep-learning-from-perceptrons-to-deep-networks
인공지능과 딥러닝 빅데이터 안고 부활하다
상상 속 기계가 스스로 학습 기계로
폭넓은 관심과 남다른 통찰로 딥러닝 시대 열어
BnF 데이터
예일 LUX",15-0,딥 러닝에서 '딥 러닝 소프트웨어 라이브러리'은(는) 무엇을 다루나요?,"Theano보관됨2016-05-31 -웨이백 머신
Deeplearning4j, JVM에서의 분산 딥 러닝 라이브러리.
ND4J보관됨2020-06-01 -웨이백 머신
NVIDIA cuDNNDNN의 프리미티브를 제공해주는 라이브러리.
DeepLearnToolbox,MATLAB/Octave딥 러닝을 위한 툴박스.
convnetjs,자바스크립트로 구현된 딥 러닝 라이브러리.
Gensim자연언어처리를 위한 툴킷.
CaffeBerkeley Vision and Learning Center (BVLC)에서 만든 딥러닝 프레임워크
Tensorflow구글에서 발표한 기계학습 오픈소스 library
CNTK Microsoft에서 발표한 오픈소스 library
확률적 앵무새
java deep neural networks with gnu acceleration: 딥러닝 구현
http://neuralnetworksanddeeplearning.com/
http://www.deeplearning.net/tuto",summarization
277,https://ko.wikipedia.org/wiki/%EB%8C%80%ED%98%95_%EC%96%B8%EC%96%B4_%EB%AA%A8%EB%8D%B8,"대형 언어 모델 - 위키백과, 우리 모두의 백과사전",개요,"대형 언어 모델(영어:large language model,LLM)또는거대 언어 모델(巨大言語 - )은 수많은 파라미터(보통 수십억 웨이트 이상)를 보유한인공 신경망으로 구성되는언어 모델이다.자기 지도 학습이나 반자기지도학습을 사용하여 레이블링되지 않은 상당한 양의 텍스트로 훈련된다.LLM은 2018년 즈음에 모습을 드러냈으며 다양한 작업을 위해 수행된다. 이전의 특정 작업의 특수한지도 학습모델의 훈련 패러다임에서 벗어나자연어 처리연구로 초점이 옮겨졌다. 대규모 언어 모델(LLM) 은AI 챗봇기술을 가능하게 하는 요소이며 많은 화제를 불러일으키고 있는 주제 중 하나다. 대규모 언어 모델(LLM)의 작동 방식은 크게 3가지로 나뉘고 있다. 토큰화, 트랜스포머 모델, 프롬프트 등.토큰화는자연어 처리의 일부로 일반 인간 언어를 저수준 기계 시스템(LLMS)이 이해할 수 있는 시퀀스로 변환하는 작업을 말하며 여기에는 섹션에 숫자 값을 할당하고 빠른 분석을 위해 인코딩하는 작업이 수반된다. 이는 음성학의 AI 버전과 같으며 토큰화의 목적은 인공지능이 문장의 구조를 예측하기 위한 학습 가이드 또는 공식과 같은 컨텍스트 백터를 생성하는 것이 목적. 언어를 더 많이 연구하고 문장이 어떻게 구성되는지 이해할수록 특정 유형의 문장에서 다음 언어에 대한 예측이 더 정확해진다. 이로 인해 온라인에서 사람들이 사용하는 다양한 커뮤니케이션 스타일을 재현하는 모델을 개발할 수 있다.",0-0,대형 언어 모델이란 무엇인가요?,"대형 언어 모델(영어:large language model,LLM)또는거대 언어 모델(巨大言語 - )은 수많은 파라미터(보통 수십억 웨이트 이상)를 보유한인공 신경망으로 구성되는언어 모델이다.자기 지도 학습이나 반자기지도학습을 사용하여 레이블링되지 않은 상당한 양의 텍스트로 훈련된다.LLM은 2018년 즈음에 모습을 드러냈으며 다양한 작업을 위해 수행된다. 이전의 특정 작업의 특수한지도 학습모델의 훈련 패러다임에서 벗어나자연어 처리연구로 초점이 옮겨졌다. 대규모 언어 모델(LLM) 은AI 챗봇기술을 가능하게 하는 요소이며 많은 화제를 불러일으키고 있는 주제 중 하나다. 대규모 언어 모델(LLM)의 작동 방식은 크게 3가지로 나뉘고 있다. 토큰화, 트랜스포머 모델, 프롬프트 등.토큰화는자연어 처리의 일부로 일반 인간 언어를 저수준 기계 시스템(LLMS)이 이해할 수 있는 시퀀스로 변환하는 작업을 말하며 여기에는 섹션에 숫자 값을 할당하고 빠른 분석을 위해 인코딩하는 작업이 수반된다.",summarization
278,https://ko.wikipedia.org/wiki/%EB%8C%80%ED%98%95_%EC%96%B8%EC%96%B4_%EB%AA%A8%EB%8D%B8,"대형 언어 모델 - 위키백과, 우리 모두의 백과사전",개요,"대형 언어 모델(영어:large language model,LLM)또는거대 언어 모델(巨大言語 - )은 수많은 파라미터(보통 수십억 웨이트 이상)를 보유한인공 신경망으로 구성되는언어 모델이다.자기 지도 학습이나 반자기지도학습을 사용하여 레이블링되지 않은 상당한 양의 텍스트로 훈련된다.LLM은 2018년 즈음에 모습을 드러냈으며 다양한 작업을 위해 수행된다. 이전의 특정 작업의 특수한지도 학습모델의 훈련 패러다임에서 벗어나자연어 처리연구로 초점이 옮겨졌다. 대규모 언어 모델(LLM) 은AI 챗봇기술을 가능하게 하는 요소이며 많은 화제를 불러일으키고 있는 주제 중 하나다. 대규모 언어 모델(LLM)의 작동 방식은 크게 3가지로 나뉘고 있다. 토큰화, 트랜스포머 모델, 프롬프트 등.토큰화는자연어 처리의 일부로 일반 인간 언어를 저수준 기계 시스템(LLMS)이 이해할 수 있는 시퀀스로 변환하는 작업을 말하며 여기에는 섹션에 숫자 값을 할당하고 빠른 분석을 위해 인코딩하는 작업이 수반된다. 이는 음성학의 AI 버전과 같으며 토큰화의 목적은 인공지능이 문장의 구조를 예측하기 위한 학습 가이드 또는 공식과 같은 컨텍스트 백터를 생성하는 것이 목적. 언어를 더 많이 연구하고 문장이 어떻게 구성되는지 이해할수록 특정 유형의 문장에서 다음 언어에 대한 예측이 더 정확해진다. 이로 인해 온라인에서 사람들이 사용하는 다양한 커뮤니케이션 스타일을 재현하는 모델을 개발할 수 있다.",0-0,대규모 언어 모델(LLM)의 정의를 설명해주세요.,대규모 언어 모델(LLM) 은AI 챗봇기술을 가능하게 하는 요소이며 많은 화제를 불러일으키고 있는 주제 중 하나다.,definition
279,https://ko.wikipedia.org/wiki/%EB%8C%80%ED%98%95_%EC%96%B8%EC%96%B4_%EB%AA%A8%EB%8D%B8,"대형 언어 모델 - 위키백과, 우리 모두의 백과사전",개요,"대형 언어 모델(영어:large language model,LLM)또는거대 언어 모델(巨大言語 - )은 수많은 파라미터(보통 수십억 웨이트 이상)를 보유한인공 신경망으로 구성되는언어 모델이다.자기 지도 학습이나 반자기지도학습을 사용하여 레이블링되지 않은 상당한 양의 텍스트로 훈련된다.LLM은 2018년 즈음에 모습을 드러냈으며 다양한 작업을 위해 수행된다. 이전의 특정 작업의 특수한지도 학습모델의 훈련 패러다임에서 벗어나자연어 처리연구로 초점이 옮겨졌다. 대규모 언어 모델(LLM) 은AI 챗봇기술을 가능하게 하는 요소이며 많은 화제를 불러일으키고 있는 주제 중 하나다. 대규모 언어 모델(LLM)의 작동 방식은 크게 3가지로 나뉘고 있다. 토큰화, 트랜스포머 모델, 프롬프트 등.토큰화는자연어 처리의 일부로 일반 인간 언어를 저수준 기계 시스템(LLMS)이 이해할 수 있는 시퀀스로 변환하는 작업을 말하며 여기에는 섹션에 숫자 값을 할당하고 빠른 분석을 위해 인코딩하는 작업이 수반된다. 이는 음성학의 AI 버전과 같으며 토큰화의 목적은 인공지능이 문장의 구조를 예측하기 위한 학습 가이드 또는 공식과 같은 컨텍스트 백터를 생성하는 것이 목적. 언어를 더 많이 연구하고 문장이 어떻게 구성되는지 이해할수록 특정 유형의 문장에서 다음 언어에 대한 예측이 더 정확해진다. 이로 인해 온라인에서 사람들이 사용하는 다양한 커뮤니케이션 스타일을 재현하는 모델을 개발할 수 있다.",0-0,일반 인간 언어를 저수준 기계 시스템(LLMS)의 정의를 설명해주세요.,토큰화는자연어 처리의 일부로 일반 인간 언어를 저수준 기계 시스템(LLMS)이 이해할 수 있는 시퀀스로 변환하는 작업을 말하며 여기에는 섹션에 숫자 값을 할당하고 빠른 분석을 위해 인코딩하는 작업이 수반된다.,definition
280,https://ko.wikipedia.org/wiki/%EB%8C%80%ED%98%95_%EC%96%B8%EC%96%B4_%EB%AA%A8%EB%8D%B8,"대형 언어 모델 - 위키백과, 우리 모두의 백과사전",개요,"대형 언어 모델(영어:large language model,LLM)또는거대 언어 모델(巨大言語 - )은 수많은 파라미터(보통 수십억 웨이트 이상)를 보유한인공 신경망으로 구성되는언어 모델이다.자기 지도 학습이나 반자기지도학습을 사용하여 레이블링되지 않은 상당한 양의 텍스트로 훈련된다.LLM은 2018년 즈음에 모습을 드러냈으며 다양한 작업을 위해 수행된다. 이전의 특정 작업의 특수한지도 학습모델의 훈련 패러다임에서 벗어나자연어 처리연구로 초점이 옮겨졌다. 대규모 언어 모델(LLM) 은AI 챗봇기술을 가능하게 하는 요소이며 많은 화제를 불러일으키고 있는 주제 중 하나다. 대규모 언어 모델(LLM)의 작동 방식은 크게 3가지로 나뉘고 있다. 토큰화, 트랜스포머 모델, 프롬프트 등.토큰화는자연어 처리의 일부로 일반 인간 언어를 저수준 기계 시스템(LLMS)이 이해할 수 있는 시퀀스로 변환하는 작업을 말하며 여기에는 섹션에 숫자 값을 할당하고 빠른 분석을 위해 인코딩하는 작업이 수반된다. 이는 음성학의 AI 버전과 같으며 토큰화의 목적은 인공지능이 문장의 구조를 예측하기 위한 학습 가이드 또는 공식과 같은 컨텍스트 백터를 생성하는 것이 목적. 언어를 더 많이 연구하고 문장이 어떻게 구성되는지 이해할수록 특정 유형의 문장에서 다음 언어에 대한 예측이 더 정확해진다. 이로 인해 온라인에서 사람들이 사용하는 다양한 커뮤니케이션 스타일을 재현하는 모델을 개발할 수 있다.",0-0,2018년에 인공지능 분야에서 어떤 일이 있었나요?,LLM은 2018년 즈음에 모습을 드러냈으며 다양한 작업을 위해 수행된다.,temporal
281,https://ko.wikipedia.org/wiki/%EB%8C%80%ED%98%95_%EC%96%B8%EC%96%B4_%EB%AA%A8%EB%8D%B8,"대형 언어 모델 - 위키백과, 우리 모두의 백과사전",개요,"트랜스포머 모델은 순차적 데이터를 검사하여 어떤 단어가 서로 뒤따를 가능성이 높은지 관련 패턴을 식별하는 신경망의 일종으로 각각 다른 분석을 수행하여 어떤 단어가 호환되는지 결정하는 계층으로 구성된다. 이러한 모델은 언어를 학습하지 않고 알고리즘에 의존하여 사람이 쓴 단어를 이해하고 예를 들어, 힙스터 커피 블로그를 제공함으로써 커피에 대한 표준 글을 작성하도록 학습시킨다. 프롬프트는 개발자가 정보를 분석하고 토큰화하기 위해 대규모 언어 모델 LLM에 제공하는 정보로 프롬프트는 기본적으로 다양한 사용 사례에서 LLM에 도움이 되는 학습 데이터이다. 더 정확한 프롬프트를 받을수록 LLM은 다음 단어를 더 잘 예측하고 정확한 문장을 구성할 수 있다. 따라서딥러닝AI의 적절한 학습을 위해서는 적절한 프롬프트를 선택하는 것이 중요하다. 2017년 이전에도 당대 기준으로는 상당히 큰 언어 모델들이 존재했다. 1990년대에는 IBM의 정렬 모델(IBM aligned model)이 통계적 언어 모델링의 선구적 역할을 했다.",0-1,의 정렬 모델(IBM aligned model)의 정의를 설명해주세요.,1990년대에는 IBM의 정렬 모델(IBM aligned model)이 통계적 언어 모델링의 선구적 역할을 했다.,definition
282,https://ko.wikipedia.org/wiki/%EB%8C%80%ED%98%95_%EC%96%B8%EC%96%B4_%EB%AA%A8%EB%8D%B8,"대형 언어 모델 - 위키백과, 우리 모두의 백과사전",개요,"트랜스포머 모델은 순차적 데이터를 검사하여 어떤 단어가 서로 뒤따를 가능성이 높은지 관련 패턴을 식별하는 신경망의 일종으로 각각 다른 분석을 수행하여 어떤 단어가 호환되는지 결정하는 계층으로 구성된다. 이러한 모델은 언어를 학습하지 않고 알고리즘에 의존하여 사람이 쓴 단어를 이해하고 예를 들어, 힙스터 커피 블로그를 제공함으로써 커피에 대한 표준 글을 작성하도록 학습시킨다. 프롬프트는 개발자가 정보를 분석하고 토큰화하기 위해 대규모 언어 모델 LLM에 제공하는 정보로 프롬프트는 기본적으로 다양한 사용 사례에서 LLM에 도움이 되는 학습 데이터이다. 더 정확한 프롬프트를 받을수록 LLM은 다음 단어를 더 잘 예측하고 정확한 문장을 구성할 수 있다. 따라서딥러닝AI의 적절한 학습을 위해서는 적절한 프롬프트를 선택하는 것이 중요하다. 2017년 이전에도 당대 기준으로는 상당히 큰 언어 모델들이 존재했다. 1990년대에는 IBM의 정렬 모델(IBM aligned model)이 통계적 언어 모델링의 선구적 역할을 했다.",0-1,2017년에 인공지능 분야에서 어떤 일이 있었나요?,2017년 이전에도 당대 기준으로는 상당히 큰 언어 모델들이 존재했다.,temporal
283,https://ko.wikipedia.org/wiki/%EB%8C%80%ED%98%95_%EC%96%B8%EC%96%B4_%EB%AA%A8%EB%8D%B8,"대형 언어 모델 - 위키백과, 우리 모두의 백과사전",개요,"트랜스포머 모델은 순차적 데이터를 검사하여 어떤 단어가 서로 뒤따를 가능성이 높은지 관련 패턴을 식별하는 신경망의 일종으로 각각 다른 분석을 수행하여 어떤 단어가 호환되는지 결정하는 계층으로 구성된다. 이러한 모델은 언어를 학습하지 않고 알고리즘에 의존하여 사람이 쓴 단어를 이해하고 예를 들어, 힙스터 커피 블로그를 제공함으로써 커피에 대한 표준 글을 작성하도록 학습시킨다. 프롬프트는 개발자가 정보를 분석하고 토큰화하기 위해 대규모 언어 모델 LLM에 제공하는 정보로 프롬프트는 기본적으로 다양한 사용 사례에서 LLM에 도움이 되는 학습 데이터이다. 더 정확한 프롬프트를 받을수록 LLM은 다음 단어를 더 잘 예측하고 정확한 문장을 구성할 수 있다. 따라서딥러닝AI의 적절한 학습을 위해서는 적절한 프롬프트를 선택하는 것이 중요하다. 2017년 이전에도 당대 기준으로는 상당히 큰 언어 모델들이 존재했다. 1990년대에는 IBM의 정렬 모델(IBM aligned model)이 통계적 언어 모델링의 선구적 역할을 했다.",0-1,1990년에 인공지능 분야에서 어떤 일이 있었나요?,1990년대에는 IBM의 정렬 모델(IBM aligned model)이 통계적 언어 모델링의 선구적 역할을 했다.,temporal
284,https://ko.wikipedia.org/wiki/%EB%8C%80%ED%98%95_%EC%96%B8%EC%96%B4_%EB%AA%A8%EB%8D%B8,"대형 언어 모델 - 위키백과, 우리 모두의 백과사전",개요,"2001년에는 3억 단어 규모의 말뭉치로 학습한 스무딩된 n-그램 모델(smoothed n-gram model)이 당시 최고 수준의 퍼플렉시티(perplexity)를 기록하기도 했다.2000년대에 접어들면서 인터넷 사용이 보편화되자 일부 연구자들은 웹 전체를 말뭉치로 활용하는 '웹을 말뭉치로(web as corpus)'접근을 통해 인터넷 규모의 언어 데이터세트를 구축했고, 이를 기반으로 통계적 언어 모델을 학습시켰다.2009년경에는 대부분의 자연어처리 과제에서 통계 기반 언어 모델이 기호 기반(symbolic) 언어 모델보다 우위를 점하게 되었는데, 이는 대규모 데이터를 효과적으로 활용할 수 있었기 때문이다. 2012년경 이미지 처리 분야에서 신경망이 주류가 된 이후,언어 모델링에도 신경망이 적용되기 시작했다. 구글은 2016년 자사의 번역 시스템을 기존의 통계적 방식에서 신경망 기계번역(NMT) 방식으로 전환하였다. 이는 트랜스포머가 등장하기 전이었기 때문에, 순차적(seq2seq) 심층 LSTM 네트워크를 사용하였다. 2017년 NeurIPS 학회에서 구글 연구진은 트랜스포머 아키텍처를 소개하는 기념비적인 논문 'Attention Is All You Need'를 발표했다. 이 논문은 2014년의 seq2seq 기술을 개선하는 것을 목표로 했으며,주로 바다나우(Bahdanau) 등이 2014년에 개발한 어텐션 메커니즘을 기반으로 했다.",0-2,이 당시 최고 수준의 퍼플렉시티(perplexity)의 정의를 설명해주세요.,2001년에는 3억 단어 규모의 말뭉치로 학습한 스무딩된 n-그램 모델(smoothed n-gram model)이 당시 최고 수준의 퍼플렉시티(perplexity)를 기록하기도 했다.,definition
285,https://ko.wikipedia.org/wiki/%EB%8C%80%ED%98%95_%EC%96%B8%EC%96%B4_%EB%AA%A8%EB%8D%B8,"대형 언어 모델 - 위키백과, 우리 모두의 백과사전",개요,"2001년에는 3억 단어 규모의 말뭉치로 학습한 스무딩된 n-그램 모델(smoothed n-gram model)이 당시 최고 수준의 퍼플렉시티(perplexity)를 기록하기도 했다.2000년대에 접어들면서 인터넷 사용이 보편화되자 일부 연구자들은 웹 전체를 말뭉치로 활용하는 '웹을 말뭉치로(web as corpus)'접근을 통해 인터넷 규모의 언어 데이터세트를 구축했고, 이를 기반으로 통계적 언어 모델을 학습시켰다.2009년경에는 대부분의 자연어처리 과제에서 통계 기반 언어 모델이 기호 기반(symbolic) 언어 모델보다 우위를 점하게 되었는데, 이는 대규모 데이터를 효과적으로 활용할 수 있었기 때문이다. 2012년경 이미지 처리 분야에서 신경망이 주류가 된 이후,언어 모델링에도 신경망이 적용되기 시작했다. 구글은 2016년 자사의 번역 시스템을 기존의 통계적 방식에서 신경망 기계번역(NMT) 방식으로 전환하였다. 이는 트랜스포머가 등장하기 전이었기 때문에, 순차적(seq2seq) 심층 LSTM 네트워크를 사용하였다. 2017년 NeurIPS 학회에서 구글 연구진은 트랜스포머 아키텍처를 소개하는 기념비적인 논문 'Attention Is All You Need'를 발표했다. 이 논문은 2014년의 seq2seq 기술을 개선하는 것을 목표로 했으며,주로 바다나우(Bahdanau) 등이 2014년에 개발한 어텐션 메커니즘을 기반으로 했다.",0-2,웹을 말뭉치로(web as corpus)의 정의를 설명해주세요.,"2000년대에 접어들면서 인터넷 사용이 보편화되자 일부 연구자들은 웹 전체를 말뭉치로 활용하는 '웹을 말뭉치로(web as corpus)'접근을 통해 인터넷 규모의 언어 데이터세트를 구축했고, 이를 기반으로 통계적 언어 모델을 학습시켰다.",definition
286,https://ko.wikipedia.org/wiki/%EB%8C%80%ED%98%95_%EC%96%B8%EC%96%B4_%EB%AA%A8%EB%8D%B8,"대형 언어 모델 - 위키백과, 우리 모두의 백과사전",개요,"2001년에는 3억 단어 규모의 말뭉치로 학습한 스무딩된 n-그램 모델(smoothed n-gram model)이 당시 최고 수준의 퍼플렉시티(perplexity)를 기록하기도 했다.2000년대에 접어들면서 인터넷 사용이 보편화되자 일부 연구자들은 웹 전체를 말뭉치로 활용하는 '웹을 말뭉치로(web as corpus)'접근을 통해 인터넷 규모의 언어 데이터세트를 구축했고, 이를 기반으로 통계적 언어 모델을 학습시켰다.2009년경에는 대부분의 자연어처리 과제에서 통계 기반 언어 모델이 기호 기반(symbolic) 언어 모델보다 우위를 점하게 되었는데, 이는 대규모 데이터를 효과적으로 활용할 수 있었기 때문이다. 2012년경 이미지 처리 분야에서 신경망이 주류가 된 이후,언어 모델링에도 신경망이 적용되기 시작했다. 구글은 2016년 자사의 번역 시스템을 기존의 통계적 방식에서 신경망 기계번역(NMT) 방식으로 전환하였다. 이는 트랜스포머가 등장하기 전이었기 때문에, 순차적(seq2seq) 심층 LSTM 네트워크를 사용하였다. 2017년 NeurIPS 학회에서 구글 연구진은 트랜스포머 아키텍처를 소개하는 기념비적인 논문 'Attention Is All You Need'를 발표했다. 이 논문은 2014년의 seq2seq 기술을 개선하는 것을 목표로 했으며,주로 바다나우(Bahdanau) 등이 2014년에 개발한 어텐션 메커니즘을 기반으로 했다.",0-2,서 통계 기반 언어 모델이 기호 기반(symbolic)의 정의를 설명해주세요.,"2009년경에는 대부분의 자연어처리 과제에서 통계 기반 언어 모델이 기호 기반(symbolic) 언어 모델보다 우위를 점하게 되었는데, 이는 대규모 데이터를 효과적으로 활용할 수 있었기 때문이다.",definition
287,https://ko.wikipedia.org/wiki/%EB%8C%80%ED%98%95_%EC%96%B8%EC%96%B4_%EB%AA%A8%EB%8D%B8,"대형 언어 모델 - 위키백과, 우리 모두의 백과사전",개요,"2001년에는 3억 단어 규모의 말뭉치로 학습한 스무딩된 n-그램 모델(smoothed n-gram model)이 당시 최고 수준의 퍼플렉시티(perplexity)를 기록하기도 했다.2000년대에 접어들면서 인터넷 사용이 보편화되자 일부 연구자들은 웹 전체를 말뭉치로 활용하는 '웹을 말뭉치로(web as corpus)'접근을 통해 인터넷 규모의 언어 데이터세트를 구축했고, 이를 기반으로 통계적 언어 모델을 학습시켰다.2009년경에는 대부분의 자연어처리 과제에서 통계 기반 언어 모델이 기호 기반(symbolic) 언어 모델보다 우위를 점하게 되었는데, 이는 대규모 데이터를 효과적으로 활용할 수 있었기 때문이다. 2012년경 이미지 처리 분야에서 신경망이 주류가 된 이후,언어 모델링에도 신경망이 적용되기 시작했다. 구글은 2016년 자사의 번역 시스템을 기존의 통계적 방식에서 신경망 기계번역(NMT) 방식으로 전환하였다. 이는 트랜스포머가 등장하기 전이었기 때문에, 순차적(seq2seq) 심층 LSTM 네트워크를 사용하였다. 2017년 NeurIPS 학회에서 구글 연구진은 트랜스포머 아키텍처를 소개하는 기념비적인 논문 'Attention Is All You Need'를 발표했다. 이 논문은 2014년의 seq2seq 기술을 개선하는 것을 목표로 했으며,주로 바다나우(Bahdanau) 등이 2014년에 개발한 어텐션 메커니즘을 기반으로 했다.",0-2,2001년에 인공지능 분야에서 어떤 일이 있었나요?,2001년에는 3억 단어 규모의 말뭉치로 학습한 스무딩된 n-그램 모델(smoothed n-gram model)이 당시 최고 수준의 퍼플렉시티(perplexity)를 기록하기도 했다.,temporal
288,https://ko.wikipedia.org/wiki/%EB%8C%80%ED%98%95_%EC%96%B8%EC%96%B4_%EB%AA%A8%EB%8D%B8,"대형 언어 모델 - 위키백과, 우리 모두의 백과사전",개요,"2001년에는 3억 단어 규모의 말뭉치로 학습한 스무딩된 n-그램 모델(smoothed n-gram model)이 당시 최고 수준의 퍼플렉시티(perplexity)를 기록하기도 했다.2000년대에 접어들면서 인터넷 사용이 보편화되자 일부 연구자들은 웹 전체를 말뭉치로 활용하는 '웹을 말뭉치로(web as corpus)'접근을 통해 인터넷 규모의 언어 데이터세트를 구축했고, 이를 기반으로 통계적 언어 모델을 학습시켰다.2009년경에는 대부분의 자연어처리 과제에서 통계 기반 언어 모델이 기호 기반(symbolic) 언어 모델보다 우위를 점하게 되었는데, 이는 대규모 데이터를 효과적으로 활용할 수 있었기 때문이다. 2012년경 이미지 처리 분야에서 신경망이 주류가 된 이후,언어 모델링에도 신경망이 적용되기 시작했다. 구글은 2016년 자사의 번역 시스템을 기존의 통계적 방식에서 신경망 기계번역(NMT) 방식으로 전환하였다. 이는 트랜스포머가 등장하기 전이었기 때문에, 순차적(seq2seq) 심층 LSTM 네트워크를 사용하였다. 2017년 NeurIPS 학회에서 구글 연구진은 트랜스포머 아키텍처를 소개하는 기념비적인 논문 'Attention Is All You Need'를 발표했다. 이 논문은 2014년의 seq2seq 기술을 개선하는 것을 목표로 했으며,주로 바다나우(Bahdanau) 등이 2014년에 개발한 어텐션 메커니즘을 기반으로 했다.",0-2,2000년에 인공지능 분야에서 어떤 일이 있었나요?,"2000년대에 접어들면서 인터넷 사용이 보편화되자 일부 연구자들은 웹 전체를 말뭉치로 활용하는 '웹을 말뭉치로(web as corpus)'접근을 통해 인터넷 규모의 언어 데이터세트를 구축했고, 이를 기반으로 통계적 언어 모델을 학습시켰다.",temporal
289,https://ko.wikipedia.org/wiki/%EB%8C%80%ED%98%95_%EC%96%B8%EC%96%B4_%EB%AA%A8%EB%8D%B8,"대형 언어 모델 - 위키백과, 우리 모두의 백과사전",개요,"이듬해인 2018년에는 BERT가 등장했고, 빠르게 자연어 처리 분야에서 사실상의 표준이 되었다.최초의 트랜스포머는 인코더와 디코더 블록을 모두 포함하고 있지만, BERT는 인코더만 가지고 있는 모델이다. 한편 2023년 이후에는 디코더 기반의 GPT 계열 모델이 프롬프트 기반 문제 해결 능력에서 뛰어난 성과를 보이며 BERT의 연구 활용은 점차 감소세를 보이고 있다. 디코더만 있는 GPT-1은 2018년에 처음 등장했지만, 대중의 주목을 받은 것은 2019년의 GPT-2였다. 이는 개발사인 오픈AI가 GPT-2가 악용될 가능성을 우려해 처음에는 공개를 보류하기도 할만큼 강력했기 때문이다.2020년에 발표된 GPT-3는 이보다 더 진일보한 성능을 보였으며, 2024년 기준으로 API를 통해서만 접근 가능하고 모델 자체는 다운로드해 로컬에서 실행할 수 없다. 대중적 관심을 끌게 된 계기는 2022년 출시된 ChatGPT였는데, 이 소비자 대상의 브라우저 기반 챗봇은 대중의 상상력을 자극하며 큰 화제를 모았다.2023년의 GPT-4는 정확도가 향상되었을 뿐만 아니라 멀티모달 기능 덕분에 '성배(Holy Grail)'라는 평가까지 받았다.오픈AI는 GPT-4의 구체적인 아키텍처와 파라미터 수를 공개하지 않았다.",0-3,성배(Holy Grail)의 정의를 설명해주세요.,2023년의 GPT-4는 정확도가 향상되었을 뿐만 아니라 멀티모달 기능 덕분에 '성배(Holy Grail)'라는 평가까지 받았다.,definition
290,https://ko.wikipedia.org/wiki/%EB%8C%80%ED%98%95_%EC%96%B8%EC%96%B4_%EB%AA%A8%EB%8D%B8,"대형 언어 모델 - 위키백과, 우리 모두의 백과사전",개요,"이듬해인 2018년에는 BERT가 등장했고, 빠르게 자연어 처리 분야에서 사실상의 표준이 되었다.최초의 트랜스포머는 인코더와 디코더 블록을 모두 포함하고 있지만, BERT는 인코더만 가지고 있는 모델이다. 한편 2023년 이후에는 디코더 기반의 GPT 계열 모델이 프롬프트 기반 문제 해결 능력에서 뛰어난 성과를 보이며 BERT의 연구 활용은 점차 감소세를 보이고 있다. 디코더만 있는 GPT-1은 2018년에 처음 등장했지만, 대중의 주목을 받은 것은 2019년의 GPT-2였다. 이는 개발사인 오픈AI가 GPT-2가 악용될 가능성을 우려해 처음에는 공개를 보류하기도 할만큼 강력했기 때문이다.2020년에 발표된 GPT-3는 이보다 더 진일보한 성능을 보였으며, 2024년 기준으로 API를 통해서만 접근 가능하고 모델 자체는 다운로드해 로컬에서 실행할 수 없다. 대중적 관심을 끌게 된 계기는 2022년 출시된 ChatGPT였는데, 이 소비자 대상의 브라우저 기반 챗봇은 대중의 상상력을 자극하며 큰 화제를 모았다.2023년의 GPT-4는 정확도가 향상되었을 뿐만 아니라 멀티모달 기능 덕분에 '성배(Holy Grail)'라는 평가까지 받았다.오픈AI는 GPT-4의 구체적인 아키텍처와 파라미터 수를 공개하지 않았다.",0-3,2018년에 인공지능 분야에서 어떤 일이 있었나요?,"이듬해인 2018년에는 BERT가 등장했고, 빠르게 자연어 처리 분야에서 사실상의 표준이 되었다.",temporal
291,https://ko.wikipedia.org/wiki/%EB%8C%80%ED%98%95_%EC%96%B8%EC%96%B4_%EB%AA%A8%EB%8D%B8,"대형 언어 모델 - 위키백과, 우리 모두의 백과사전",개요,"이듬해인 2018년에는 BERT가 등장했고, 빠르게 자연어 처리 분야에서 사실상의 표준이 되었다.최초의 트랜스포머는 인코더와 디코더 블록을 모두 포함하고 있지만, BERT는 인코더만 가지고 있는 모델이다. 한편 2023년 이후에는 디코더 기반의 GPT 계열 모델이 프롬프트 기반 문제 해결 능력에서 뛰어난 성과를 보이며 BERT의 연구 활용은 점차 감소세를 보이고 있다. 디코더만 있는 GPT-1은 2018년에 처음 등장했지만, 대중의 주목을 받은 것은 2019년의 GPT-2였다. 이는 개발사인 오픈AI가 GPT-2가 악용될 가능성을 우려해 처음에는 공개를 보류하기도 할만큼 강력했기 때문이다.2020년에 발표된 GPT-3는 이보다 더 진일보한 성능을 보였으며, 2024년 기준으로 API를 통해서만 접근 가능하고 모델 자체는 다운로드해 로컬에서 실행할 수 없다. 대중적 관심을 끌게 된 계기는 2022년 출시된 ChatGPT였는데, 이 소비자 대상의 브라우저 기반 챗봇은 대중의 상상력을 자극하며 큰 화제를 모았다.2023년의 GPT-4는 정확도가 향상되었을 뿐만 아니라 멀티모달 기능 덕분에 '성배(Holy Grail)'라는 평가까지 받았다.오픈AI는 GPT-4의 구체적인 아키텍처와 파라미터 수를 공개하지 않았다.",0-3,2023년에 인공지능 분야에서 어떤 일이 있었나요?,한편 2023년 이후에는 디코더 기반의 GPT 계열 모델이 프롬프트 기반 문제 해결 능력에서 뛰어난 성과를 보이며 BERT의 연구 활용은 점차 감소세를 보이고 있다.,temporal
292,https://ko.wikipedia.org/wiki/%EB%8C%80%ED%98%95_%EC%96%B8%EC%96%B4_%EB%AA%A8%EB%8D%B8,"대형 언어 모델 - 위키백과, 우리 모두의 백과사전",개요,"ChatGPT의 등장은 로봇공학, 소프트웨어 공학, 사회적 영향 연구 등의 컴퓨터 과학의 여러 하위 분야에서 LLM의 사용 증가로 이어졌다.2024년에는 오픈AI가 논리적 추론 기능을 강화한 모델 OpenAI o1을 출시했으며, 이 모델은 최종 답변을 생성하기 전에 장문의 사고 과정(Chains of Thought)을 먼저 생성하는 특징이 있다. 경쟁 언어 모델들은 주로 GPT 시리즈와 동일하거나 유사한 규모의 파라미터 수를 갖추는 것을 목표로 개발되고 있다. 2022년 이후에는 BLOOM, LLaMA 등의 오픈소스 기반 모델이 인기를 끌고 있다. 다만 이들 모델은 사용 용도에 제한이 있다. 반면 Mistral AI의 Mistral 7B 및 Mixtral 8x7B는 보다 자유로운 아파치 라이선스를 채택하였다. 2025년 1월에는 DeepSeek가 6,710억 개의 파라미터를 가진 가중치 공개 모델 DeepSeek R1을 발표했으며, 이는 OpenAI o1에 견줄 수 있는 성능을 훨씬 낮은 비용으로 제공한다. 2023년 이후에는 많은 LLM이 멀티모달(multimodal) 모델, 즉 이미지나 오디오 등의 데이터도 함께 처리할 수 있는 능력을 가진 모델로 훈련되고 있다. 이러한 LLM은 대형 멀티모달 모델 (Large Multimodal Model, LMM)이라 불린다. 2024년에는 가장 크고 강력한 언어 모델들은 여전히 트랜스포머 아키텍처를 기반으로 하고 있다.",0-4,변을 생성하기 전에 장문의 사고 과정(Chains of Thought)의 정의를 설명해주세요.,"2024년에는 오픈AI가 논리적 추론 기능을 강화한 모델 OpenAI o1을 출시했으며, 이 모델은 최종 답변을 생성하기 전에 장문의 사고 과정(Chains of Thought)을 먼저 생성하는 특징이 있다.",definition
293,https://ko.wikipedia.org/wiki/%EB%8C%80%ED%98%95_%EC%96%B8%EC%96%B4_%EB%AA%A8%EB%8D%B8,"대형 언어 모델 - 위키백과, 우리 모두의 백과사전",개요,"ChatGPT의 등장은 로봇공학, 소프트웨어 공학, 사회적 영향 연구 등의 컴퓨터 과학의 여러 하위 분야에서 LLM의 사용 증가로 이어졌다.2024년에는 오픈AI가 논리적 추론 기능을 강화한 모델 OpenAI o1을 출시했으며, 이 모델은 최종 답변을 생성하기 전에 장문의 사고 과정(Chains of Thought)을 먼저 생성하는 특징이 있다. 경쟁 언어 모델들은 주로 GPT 시리즈와 동일하거나 유사한 규모의 파라미터 수를 갖추는 것을 목표로 개발되고 있다. 2022년 이후에는 BLOOM, LLaMA 등의 오픈소스 기반 모델이 인기를 끌고 있다. 다만 이들 모델은 사용 용도에 제한이 있다. 반면 Mistral AI의 Mistral 7B 및 Mixtral 8x7B는 보다 자유로운 아파치 라이선스를 채택하였다. 2025년 1월에는 DeepSeek가 6,710억 개의 파라미터를 가진 가중치 공개 모델 DeepSeek R1을 발표했으며, 이는 OpenAI o1에 견줄 수 있는 성능을 훨씬 낮은 비용으로 제공한다. 2023년 이후에는 많은 LLM이 멀티모달(multimodal) 모델, 즉 이미지나 오디오 등의 데이터도 함께 처리할 수 있는 능력을 가진 모델로 훈련되고 있다. 이러한 LLM은 대형 멀티모달 모델 (Large Multimodal Model, LMM)이라 불린다. 2024년에는 가장 크고 강력한 언어 모델들은 여전히 트랜스포머 아키텍처를 기반으로 하고 있다.",0-4,이 멀티모달(multimodal)의 정의를 설명해주세요.,"2023년 이후에는 많은 LLM이 멀티모달(multimodal) 모델, 즉 이미지나 오디오 등의 데이터도 함께 처리할 수 있는 능력을 가진 모델로 훈련되고 있다.",definition
294,https://ko.wikipedia.org/wiki/%EB%8C%80%ED%98%95_%EC%96%B8%EC%96%B4_%EB%AA%A8%EB%8D%B8,"대형 언어 모델 - 위키백과, 우리 모두의 백과사전",개요,"ChatGPT의 등장은 로봇공학, 소프트웨어 공학, 사회적 영향 연구 등의 컴퓨터 과학의 여러 하위 분야에서 LLM의 사용 증가로 이어졌다.2024년에는 오픈AI가 논리적 추론 기능을 강화한 모델 OpenAI o1을 출시했으며, 이 모델은 최종 답변을 생성하기 전에 장문의 사고 과정(Chains of Thought)을 먼저 생성하는 특징이 있다. 경쟁 언어 모델들은 주로 GPT 시리즈와 동일하거나 유사한 규모의 파라미터 수를 갖추는 것을 목표로 개발되고 있다. 2022년 이후에는 BLOOM, LLaMA 등의 오픈소스 기반 모델이 인기를 끌고 있다. 다만 이들 모델은 사용 용도에 제한이 있다. 반면 Mistral AI의 Mistral 7B 및 Mixtral 8x7B는 보다 자유로운 아파치 라이선스를 채택하였다. 2025년 1월에는 DeepSeek가 6,710억 개의 파라미터를 가진 가중치 공개 모델 DeepSeek R1을 발표했으며, 이는 OpenAI o1에 견줄 수 있는 성능을 훨씬 낮은 비용으로 제공한다. 2023년 이후에는 많은 LLM이 멀티모달(multimodal) 모델, 즉 이미지나 오디오 등의 데이터도 함께 처리할 수 있는 능력을 가진 모델로 훈련되고 있다. 이러한 LLM은 대형 멀티모달 모델 (Large Multimodal Model, LMM)이라 불린다. 2024년에는 가장 크고 강력한 언어 모델들은 여전히 트랜스포머 아키텍처를 기반으로 하고 있다.",0-4,"은 대형 멀티모달 모델(Large Multimodal Model, LMM)의 정의를 설명해주세요.","이러한 LLM은 대형 멀티모달 모델 (Large Multimodal Model, LMM)이라 불린다.",definition
295,https://ko.wikipedia.org/wiki/%EB%8C%80%ED%98%95_%EC%96%B8%EC%96%B4_%EB%AA%A8%EB%8D%B8,"대형 언어 모델 - 위키백과, 우리 모두의 백과사전",개요,"ChatGPT의 등장은 로봇공학, 소프트웨어 공학, 사회적 영향 연구 등의 컴퓨터 과학의 여러 하위 분야에서 LLM의 사용 증가로 이어졌다.2024년에는 오픈AI가 논리적 추론 기능을 강화한 모델 OpenAI o1을 출시했으며, 이 모델은 최종 답변을 생성하기 전에 장문의 사고 과정(Chains of Thought)을 먼저 생성하는 특징이 있다. 경쟁 언어 모델들은 주로 GPT 시리즈와 동일하거나 유사한 규모의 파라미터 수를 갖추는 것을 목표로 개발되고 있다. 2022년 이후에는 BLOOM, LLaMA 등의 오픈소스 기반 모델이 인기를 끌고 있다. 다만 이들 모델은 사용 용도에 제한이 있다. 반면 Mistral AI의 Mistral 7B 및 Mixtral 8x7B는 보다 자유로운 아파치 라이선스를 채택하였다. 2025년 1월에는 DeepSeek가 6,710억 개의 파라미터를 가진 가중치 공개 모델 DeepSeek R1을 발표했으며, 이는 OpenAI o1에 견줄 수 있는 성능을 훨씬 낮은 비용으로 제공한다. 2023년 이후에는 많은 LLM이 멀티모달(multimodal) 모델, 즉 이미지나 오디오 등의 데이터도 함께 처리할 수 있는 능력을 가진 모델로 훈련되고 있다. 이러한 LLM은 대형 멀티모달 모델 (Large Multimodal Model, LMM)이라 불린다. 2024년에는 가장 크고 강력한 언어 모델들은 여전히 트랜스포머 아키텍처를 기반으로 하고 있다.",0-4,2024년에 인공지능 분야에서 어떤 일이 있었나요?,"2024년에는 오픈AI가 논리적 추론 기능을 강화한 모델 OpenAI o1을 출시했으며, 이 모델은 최종 답변을 생성하기 전에 장문의 사고 과정(Chains of Thought)을 먼저 생성하는 특징이 있다.",temporal
296,https://ko.wikipedia.org/wiki/%EB%8C%80%ED%98%95_%EC%96%B8%EC%96%B4_%EB%AA%A8%EB%8D%B8,"대형 언어 모델 - 위키백과, 우리 모두의 백과사전",개요,"ChatGPT의 등장은 로봇공학, 소프트웨어 공학, 사회적 영향 연구 등의 컴퓨터 과학의 여러 하위 분야에서 LLM의 사용 증가로 이어졌다.2024년에는 오픈AI가 논리적 추론 기능을 강화한 모델 OpenAI o1을 출시했으며, 이 모델은 최종 답변을 생성하기 전에 장문의 사고 과정(Chains of Thought)을 먼저 생성하는 특징이 있다. 경쟁 언어 모델들은 주로 GPT 시리즈와 동일하거나 유사한 규모의 파라미터 수를 갖추는 것을 목표로 개발되고 있다. 2022년 이후에는 BLOOM, LLaMA 등의 오픈소스 기반 모델이 인기를 끌고 있다. 다만 이들 모델은 사용 용도에 제한이 있다. 반면 Mistral AI의 Mistral 7B 및 Mixtral 8x7B는 보다 자유로운 아파치 라이선스를 채택하였다. 2025년 1월에는 DeepSeek가 6,710억 개의 파라미터를 가진 가중치 공개 모델 DeepSeek R1을 발표했으며, 이는 OpenAI o1에 견줄 수 있는 성능을 훨씬 낮은 비용으로 제공한다. 2023년 이후에는 많은 LLM이 멀티모달(multimodal) 모델, 즉 이미지나 오디오 등의 데이터도 함께 처리할 수 있는 능력을 가진 모델로 훈련되고 있다. 이러한 LLM은 대형 멀티모달 모델 (Large Multimodal Model, LMM)이라 불린다. 2024년에는 가장 크고 강력한 언어 모델들은 여전히 트랜스포머 아키텍처를 기반으로 하고 있다.",0-4,2022년에 인공지능 분야에서 어떤 일이 있었나요?,"2022년 이후에는 BLOOM, LLaMA 등의 오픈소스 기반 모델이 인기를 끌고 있다.",temporal
297,https://ko.wikipedia.org/wiki/%EB%8C%80%ED%98%95_%EC%96%B8%EC%96%B4_%EB%AA%A8%EB%8D%B8,"대형 언어 모델 - 위키백과, 우리 모두의 백과사전",개요,다만 최근에는 순환 신경망(RNN) 변형이나 상태공간 모델(State Space Model)인 Mamba와 같은 새로운 아키텍처를 적용한 시도도 일부 진행되고 있다. 퍼플렉시티(perplexity),0-5,다만 최근에는 순환 신경망(RNN)의 정의를 설명해주세요.,다만 최근에는 순환 신경망(RNN) 변형이나 상태공간 모델(State Space Model)인 Mamba와 같은 새로운 아키텍처를 적용한 시도도 일부 진행되고 있다.,definition
298,https://ko.wikipedia.org/wiki/%EB%8C%80%ED%98%95_%EC%96%B8%EC%96%B4_%EB%AA%A8%EB%8D%B8,"대형 언어 모델 - 위키백과, 우리 모두의 백과사전",개요,다만 최근에는 순환 신경망(RNN) 변형이나 상태공간 모델(State Space Model)인 Mamba와 같은 새로운 아키텍처를 적용한 시도도 일부 진행되고 있다. 퍼플렉시티(perplexity),0-5,변형이나 상태공간 모델(State Space Model)의 정의를 설명해주세요.,다만 최근에는 순환 신경망(RNN) 변형이나 상태공간 모델(State Space Model)인 Mamba와 같은 새로운 아키텍처를 적용한 시도도 일부 진행되고 있다.,definition
299,https://ko.wikipedia.org/wiki/%EB%8C%80%ED%98%95_%EC%96%B8%EC%96%B4_%EB%AA%A8%EB%8D%B8,"대형 언어 모델 - 위키백과, 우리 모두의 백과사전",작업별 데이터 세트 및 벤치마크,"또한 더 구체적인 다운스트림 작업에서 언어 모델의 역량을 평가하기 위해 많은 수의 테스트 데이터 세트와벤치마크가 개발되었다. 테스트는 일반 지식,상식적 추론, 수학적 문제 해결을 포함한 다양한 역량을 평가하도록 설계될 수 있다.",1-0,대형 언어 모델에서 '작업별 데이터 세트 및 벤치마크'은(는) 무엇을 다루나요?,"또한 더 구체적인 다운스트림 작업에서 언어 모델의 역량을 평가하기 위해 많은 수의 테스트 데이터 세트와벤치마크가 개발되었다. 테스트는 일반 지식,상식적 추론, 수학적 문제 해결을 포함한 다양한 역량을 평가하도록 설계될 수 있다.",summarization
300,https://ko.wikipedia.org/wiki/%EB%8C%80%ED%98%95_%EC%96%B8%EC%96%B4_%EB%AA%A8%EB%8D%B8,"대형 언어 모델 - 위키백과, 우리 모두의 백과사전",대형 언어 모델 목록,"↑This is the date that documentation describing the model's architecture was first released.
↑In many cases, researchers release or report on multiple versions of a model having different sizes. In these cases, the size of the largest model is listed here.
↑This is the license of the pre-trained model weights. In almost all cases the training code itself is open-source or can be easily replicated.
↑The smaller models including 66B are publicly available, while the 175B model is available on request.
↑Facebook's license and distribution scheme restricted access to approved researchers, but the model weights were leaked and became widely available.
↑As stated in Technical report: ""Given both the competitive landscape and the safety implications of large-scale models like GPT-4, this report contains no further details about the architecture (including model size), hardware, training compute, dataset construction, training method ...""Approximate number in the comparison chart that compares the relative storage, from the same report.
인공 초지능
멀티모덜 학습
검색증강생성
N-그램바이그램트라이그램
언어 모델(대형)
잠재 의미 분석
Seq2seq
워드 임베딩
Word2vec
음성 사용자 인터페이스",2-0,대형 언어 모델에서 '대형 언어 모델 목록'은(는) 무엇을 다루나요?,"↑This is the date that documentation describing the model's architecture was first released.
↑In many cases, researchers release or report on multiple versions of a model having different sizes. In these cases, the size of the largest model is listed here.
↑This is the license of the pre-trained model weights. In almost all cases the training code itself is open-source or can be easily replicated.
↑The smaller models including 66B are publicly available, while the 175B model is available on requ",summarization
301,https://ko.wikipedia.org/wiki/%EC%BB%B4%ED%93%A8%ED%84%B0_%EB%B9%84%EC%A0%84,"컴퓨터 비전 - 위키백과, 우리 모두의 백과사전",개요,"컴퓨터 비전(Computer Vision)은 기계의 시각에 해당하는 부분을 연구하는 컴퓨터 과학의 최신 연구 분야 중 하나이다. 공학적인 관점에서, 컴퓨터 비전은 인간의 시각이 할 수 있는 몇 가지 일을 수행하는 자율적인 시스템을 만드는 것을 목표로 한다 (많은 경우에는 인간의 시각을 능가하기도 한다).그리고 과학적 관점에서는 컴퓨터 비전은 이미지에서 정보를 추출하는 인공 시스템 관련 이론에 관여한다. 컴퓨터 비전은디지털 이미지나비디오로부터 높은 수준의 이해를 얻기 위해 컴퓨터를 만드는 방법을 다루는학제간 연구분야이다. 엔지니어링의 관점에서 볼 때 인간의 시각 시스템이 수행할 수 있는 작업을 자동화하려고 한다. ""컴퓨터 비전은 단일 이미지 또는 일련의 이미지에서 유용한 정보를 자동으로 추출, 분석 및 이해하는 것과 관련이 있다. 자동 시각적 이해를 달성하기 위한 이론적 및 알고리즘 기반의 개발이 포함된다."" 과학 분야인 컴퓨터 비전은 이미지에서 정보를 추출하는 인공 시스템 뒤에 있는 이론과 관련이 있다. 이미지 데이터는 비디오 시퀀스, 여러 카메라의 뷰, 의료용 스캐너의 다차원 데이터 등 다양한 형태를 취할 수 있다. 기술 분야로서 컴퓨터 비전은 컴퓨터 비전 시스템 구축을 위한 이론과 모델을 적용하려고 한다.머신 비전은 특히 공장 자동화의 맥락에서 시스템 엔지니어링 분야를 의미한다. 최근에는 컴퓨터 비전과 머신 비전이라는 용어가 더 많이 융합되었다.",0-0,컴퓨터 비전이란 무엇인가요?,"컴퓨터 비전(Computer Vision)은 기계의 시각에 해당하는 부분을 연구하는 컴퓨터 과학의 최신 연구 분야 중 하나이다. 공학적인 관점에서, 컴퓨터 비전은 인간의 시각이 할 수 있는 몇 가지 일을 수행하는 자율적인 시스템을 만드는 것을 목표로 한다 (많은 경우에는 인간의 시각을 능가하기도 한다).그리고 과학적 관점에서는 컴퓨터 비전은 이미지에서 정보를 추출하는 인공 시스템 관련 이론에 관여한다. 컴퓨터 비전은디지털 이미지나비디오로부터 높은 수준의 이해를 얻기 위해 컴퓨터를 만드는 방법을 다루는학제간 연구분야이다. 엔지니어링의 관점에서 볼 때 인간의 시각 시스템이 수행할 수 있는 작업을 자동화하려고 한다. ""컴퓨터 비전은 단일 이미지 또는 일련의 이미지에서 유용한 정보를 자동으로 추출, 분석 및 이해하는 것과 관련이 있다. 자동 시각적 이해를 달성하기 위한 이론적 및 알고리즘 기반의 개발이 포함된다."" 과학 분야인 컴퓨터 비전은 이미지에서 정보를 추출하는 인공 시스템 뒤에 있는",summarization
302,https://ko.wikipedia.org/wiki/%EC%BB%B4%ED%93%A8%ED%84%B0_%EB%B9%84%EC%A0%84,"컴퓨터 비전 - 위키백과, 우리 모두의 백과사전",개요,"컴퓨터 비전(Computer Vision)은 기계의 시각에 해당하는 부분을 연구하는 컴퓨터 과학의 최신 연구 분야 중 하나이다. 공학적인 관점에서, 컴퓨터 비전은 인간의 시각이 할 수 있는 몇 가지 일을 수행하는 자율적인 시스템을 만드는 것을 목표로 한다 (많은 경우에는 인간의 시각을 능가하기도 한다).그리고 과학적 관점에서는 컴퓨터 비전은 이미지에서 정보를 추출하는 인공 시스템 관련 이론에 관여한다. 컴퓨터 비전은디지털 이미지나비디오로부터 높은 수준의 이해를 얻기 위해 컴퓨터를 만드는 방법을 다루는학제간 연구분야이다. 엔지니어링의 관점에서 볼 때 인간의 시각 시스템이 수행할 수 있는 작업을 자동화하려고 한다. ""컴퓨터 비전은 단일 이미지 또는 일련의 이미지에서 유용한 정보를 자동으로 추출, 분석 및 이해하는 것과 관련이 있다. 자동 시각적 이해를 달성하기 위한 이론적 및 알고리즘 기반의 개발이 포함된다."" 과학 분야인 컴퓨터 비전은 이미지에서 정보를 추출하는 인공 시스템 뒤에 있는 이론과 관련이 있다. 이미지 데이터는 비디오 시퀀스, 여러 카메라의 뷰, 의료용 스캐너의 다차원 데이터 등 다양한 형태를 취할 수 있다. 기술 분야로서 컴퓨터 비전은 컴퓨터 비전 시스템 구축을 위한 이론과 모델을 적용하려고 한다.머신 비전은 특히 공장 자동화의 맥락에서 시스템 엔지니어링 분야를 의미한다. 최근에는 컴퓨터 비전과 머신 비전이라는 용어가 더 많이 융합되었다.",0-0,컴퓨터 비전(Computer Vision)의 정의를 설명해주세요.,컴퓨터 비전(Computer Vision)은 기계의 시각에 해당하는 부분을 연구하는 컴퓨터 과학의 최신 연구 분야 중 하나이다.,definition
303,https://ko.wikipedia.org/wiki/%EC%BB%B4%ED%93%A8%ED%84%B0_%EB%B9%84%EC%A0%84,"컴퓨터 비전 - 위키백과, 우리 모두의 백과사전",개요,"디지털 영상 처리
가상화가 낮은 순서부터:증강 현실 (AR)
혼합 현실 (MR)
가상 현실 (VR)
컴퓨터 매개 현실
메타버스아바타
6 자유도 (6DoF)
뇌-컴퓨터 인터페이스
위치 측정 및 동시 지도화
공간 오디오
360도 카메라
메타 퀘스트 3
플레이스테이션 VR2
오큘러스/메타 퀘스트 2
A-Frame
예일 LUX",0-1,증강 현실(AR)의 정의를 설명해주세요.,가상화가 낮은 순서부터:증강 현실 (AR),definition
304,https://ko.wikipedia.org/wiki/%EC%BB%B4%ED%93%A8%ED%84%B0_%EB%B9%84%EC%A0%84,"컴퓨터 비전 - 위키백과, 우리 모두의 백과사전",개요,"디지털 영상 처리
가상화가 낮은 순서부터:증강 현실 (AR)
혼합 현실 (MR)
가상 현실 (VR)
컴퓨터 매개 현실
메타버스아바타
6 자유도 (6DoF)
뇌-컴퓨터 인터페이스
위치 측정 및 동시 지도화
공간 오디오
360도 카메라
메타 퀘스트 3
플레이스테이션 VR2
오큘러스/메타 퀘스트 2
A-Frame
예일 LUX",0-1,혼합 현실(MR)의 정의를 설명해주세요.,가상화가 낮은 순서부터:증강 현실 (AR),definition
305,https://ko.wikipedia.org/wiki/%EA%B0%95%ED%99%94_%ED%95%99%EC%8A%B5,"강화 학습 - 위키백과, 우리 모두의 백과사전",개요,"강화 학습(reinforcement learning)은기계 학습의 한 영역이다. 행동심리학에서 영감을 받았으며, 어떤 환경 안에서 정의된 에이전트가 현재의 상태를 인식하여, 선택 가능한 행동들 중 보상을 최대화하는 행동 혹은 행동 순서를 선택하는 방법이다. 이러한 문제는 매우 포괄적이기 때문에게임 이론,제어이론,운용 과학,정보이론, 시뮬레이션 기반최적화,다중 에이전트 시스템,떼 지능,통계학,유전 알고리즘등의 분야에서도 연구된다. 운용 과학과 제어 이론에서 강화 학습이 연구되는 분야는 ""근사 동적 계획법""이라고 불린다. 또한 최적화 제어 이론에서도 유사한 문제를 연구하지만, 대부분의 연구가 최적해의 존재와 특성에 초점을 맞춘다는 점에서 학습과 근사의 측면에서 접근하는 강화 학습과는 다르다.경제학과 게임 이론 분야에서 강화 학습은 어떻게제한된 합리성하에서 평형이 일어날 수 있는지를 설명하는 데에 사용되기도 한다. 강화 학습에서 다루는 '환경'은 주로마르코프 결정 과정으로 주어진다.마르코프 결정 과정 문제를 해결하는 기존의 방식과 강화 학습이 다른 지점은, 강화 학습은 마르코프 결정 과정에 대한 지식을 요구하지 않는다는 점과, 강화 학습은 크기가 매우 커서 결정론적 방법을 적용할 수 없는 규모의 마르코프 결정 과정 문제를 다룬다는 점이다. 강화 학습은 또한 입출력 쌍으로 이루어진 훈련 집합이 제시되지 않으며, 잘못된 행동에 대해서도 명시적으로 정정이 일어나지 않는다는 점에서 일반적인지도 학습과 다르다.",0-0,강화 학습이란 무엇인가요?,"강화 학습(reinforcement learning)은기계 학습의 한 영역이다. 행동심리학에서 영감을 받았으며, 어떤 환경 안에서 정의된 에이전트가 현재의 상태를 인식하여, 선택 가능한 행동들 중 보상을 최대화하는 행동 혹은 행동 순서를 선택하는 방법이다. 이러한 문제는 매우 포괄적이기 때문에게임 이론,제어이론,운용 과학,정보이론, 시뮬레이션 기반최적화,다중 에이전트 시스템,떼 지능,통계학,유전 알고리즘등의 분야에서도 연구된다. 운용 과학과 제어 이론에서 강화 학습이 연구되는 분야는 ""근사 동적 계획법""이라고 불린다. 또한 최적화 제어 이론에서도 유사한 문제를 연구하지만, 대부분의 연구가 최적해의 존재와 특성에 초점을 맞춘다는 점에서 학습과 근사의 측면에서 접근하는 강화 학습과는 다르다.경제학과 게임 이론 분야에서 강화 학습은 어떻게제한된 합리성하에서 평형이 일어날 수 있는지를 설명하는 데에 사용되기도 한다. 강화 학습에서 다루는 '환경'은 주로마르코프 결정 과정으로 주어진다.마르코",summarization
306,https://ko.wikipedia.org/wiki/%EA%B0%95%ED%99%94_%ED%95%99%EC%8A%B5,"강화 학습 - 위키백과, 우리 모두의 백과사전",개요,"강화 학습(reinforcement learning)은기계 학습의 한 영역이다. 행동심리학에서 영감을 받았으며, 어떤 환경 안에서 정의된 에이전트가 현재의 상태를 인식하여, 선택 가능한 행동들 중 보상을 최대화하는 행동 혹은 행동 순서를 선택하는 방법이다. 이러한 문제는 매우 포괄적이기 때문에게임 이론,제어이론,운용 과학,정보이론, 시뮬레이션 기반최적화,다중 에이전트 시스템,떼 지능,통계학,유전 알고리즘등의 분야에서도 연구된다. 운용 과학과 제어 이론에서 강화 학습이 연구되는 분야는 ""근사 동적 계획법""이라고 불린다. 또한 최적화 제어 이론에서도 유사한 문제를 연구하지만, 대부분의 연구가 최적해의 존재와 특성에 초점을 맞춘다는 점에서 학습과 근사의 측면에서 접근하는 강화 학습과는 다르다.경제학과 게임 이론 분야에서 강화 학습은 어떻게제한된 합리성하에서 평형이 일어날 수 있는지를 설명하는 데에 사용되기도 한다. 강화 학습에서 다루는 '환경'은 주로마르코프 결정 과정으로 주어진다.마르코프 결정 과정 문제를 해결하는 기존의 방식과 강화 학습이 다른 지점은, 강화 학습은 마르코프 결정 과정에 대한 지식을 요구하지 않는다는 점과, 강화 학습은 크기가 매우 커서 결정론적 방법을 적용할 수 없는 규모의 마르코프 결정 과정 문제를 다룬다는 점이다. 강화 학습은 또한 입출력 쌍으로 이루어진 훈련 집합이 제시되지 않으며, 잘못된 행동에 대해서도 명시적으로 정정이 일어나지 않는다는 점에서 일반적인지도 학습과 다르다.",0-0,강화 학습(reinforcement learning)의 정의를 설명해주세요.,강화 학습(reinforcement learning)은기계 학습의 한 영역이다.,definition
307,https://ko.wikipedia.org/wiki/%EA%B0%95%ED%99%94_%ED%95%99%EC%8A%B5,"강화 학습 - 위키백과, 우리 모두의 백과사전",개요,"대신, 강화학습의 초점은 학습 과정에서의(on-line) 성능이며, 이는 탐색(exploration)과 이용(exploitation)의 균형을 맞춤으로써 제고된다.탐색과 이용의 균형 문제 강화 학습에서 가장 많이 연구된 문제로,멀티 암드 밴딧와 유한한 마르코프 결정 과정 등에서 연구되었다. 기본적으로 강화 학습의 문제는마르코프 결정 과정(MDP)으로 표현된다. 이런 관점에서 강화 학습 알고리즘은동적 계획법과 깊은 연관이 있다. 마르코프 결정 과정에서 상태 전이 확률(state transition probabilities)과 보상은 확률에 따른 값일 수도 있고, 이미 결정되어 있는 값일 수도 있다. 강화 학습이 원하지 않는 행동을 명시적으로 수정하는지도 학습과 다른 점은 온라인 수행에 중심을 두고 있다는 점이다. 강화 학습은 아직 조사되지 않는 영역을 탐험하는 것과 이미 알고 있는 지식을 이용하는 것의 균형을 잡는 것이다. 이 탐험과 이용 사이에 있는 트레이드오프는멀티 암드 밴딧과 같은 문제에서 알아 볼 수 있다. 수식으로 표현하면, 강화 학습 모델은 다음과 같이 구성된다. 환경 상태 집합,S{\displaystyle S};
행동 집합,A{\displaystyle A};
포상(∈R{\displaystyle \in \mathbb {R} })의 집합;.
매 시점t{\displaystyle t}에 에이전트는 자신의 상태(state)st∈S{\displaystyle s_{t}\in S}와 가능한 행동(action)A(st){\displaystyle A(s_{t})}를 가지고 있다.",0-1,이는 탐색(exploration)의 정의를 설명해주세요.,"대신, 강화학습의 초점은 학습 과정에서의(on-line) 성능이며, 이는 탐색(exploration)과 이용(exploitation)의 균형을 맞춤으로써 제고된다.",definition
308,https://ko.wikipedia.org/wiki/%EA%B0%95%ED%99%94_%ED%95%99%EC%8A%B5,"강화 학습 - 위키백과, 우리 모두의 백과사전",개요,"대신, 강화학습의 초점은 학습 과정에서의(on-line) 성능이며, 이는 탐색(exploration)과 이용(exploitation)의 균형을 맞춤으로써 제고된다.탐색과 이용의 균형 문제 강화 학습에서 가장 많이 연구된 문제로,멀티 암드 밴딧와 유한한 마르코프 결정 과정 등에서 연구되었다. 기본적으로 강화 학습의 문제는마르코프 결정 과정(MDP)으로 표현된다. 이런 관점에서 강화 학습 알고리즘은동적 계획법과 깊은 연관이 있다. 마르코프 결정 과정에서 상태 전이 확률(state transition probabilities)과 보상은 확률에 따른 값일 수도 있고, 이미 결정되어 있는 값일 수도 있다. 강화 학습이 원하지 않는 행동을 명시적으로 수정하는지도 학습과 다른 점은 온라인 수행에 중심을 두고 있다는 점이다. 강화 학습은 아직 조사되지 않는 영역을 탐험하는 것과 이미 알고 있는 지식을 이용하는 것의 균형을 잡는 것이다. 이 탐험과 이용 사이에 있는 트레이드오프는멀티 암드 밴딧과 같은 문제에서 알아 볼 수 있다. 수식으로 표현하면, 강화 학습 모델은 다음과 같이 구성된다. 환경 상태 집합,S{\displaystyle S};
행동 집합,A{\displaystyle A};
포상(∈R{\displaystyle \in \mathbb {R} })의 집합;.
매 시점t{\displaystyle t}에 에이전트는 자신의 상태(state)st∈S{\displaystyle s_{t}\in S}와 가능한 행동(action)A(st){\displaystyle A(s_{t})}를 가지고 있다.",0-1,과 이용(exploitation)의 정의를 설명해주세요.,"대신, 강화학습의 초점은 학습 과정에서의(on-line) 성능이며, 이는 탐색(exploration)과 이용(exploitation)의 균형을 맞춤으로써 제고된다.",definition
309,https://ko.wikipedia.org/wiki/%EA%B0%95%ED%99%94_%ED%95%99%EC%8A%B5,"강화 학습 - 위키백과, 우리 모두의 백과사전",개요,"대신, 강화학습의 초점은 학습 과정에서의(on-line) 성능이며, 이는 탐색(exploration)과 이용(exploitation)의 균형을 맞춤으로써 제고된다.탐색과 이용의 균형 문제 강화 학습에서 가장 많이 연구된 문제로,멀티 암드 밴딧와 유한한 마르코프 결정 과정 등에서 연구되었다. 기본적으로 강화 학습의 문제는마르코프 결정 과정(MDP)으로 표현된다. 이런 관점에서 강화 학습 알고리즘은동적 계획법과 깊은 연관이 있다. 마르코프 결정 과정에서 상태 전이 확률(state transition probabilities)과 보상은 확률에 따른 값일 수도 있고, 이미 결정되어 있는 값일 수도 있다. 강화 학습이 원하지 않는 행동을 명시적으로 수정하는지도 학습과 다른 점은 온라인 수행에 중심을 두고 있다는 점이다. 강화 학습은 아직 조사되지 않는 영역을 탐험하는 것과 이미 알고 있는 지식을 이용하는 것의 균형을 잡는 것이다. 이 탐험과 이용 사이에 있는 트레이드오프는멀티 암드 밴딧과 같은 문제에서 알아 볼 수 있다. 수식으로 표현하면, 강화 학습 모델은 다음과 같이 구성된다. 환경 상태 집합,S{\displaystyle S};
행동 집합,A{\displaystyle A};
포상(∈R{\displaystyle \in \mathbb {R} })의 집합;.
매 시점t{\displaystyle t}에 에이전트는 자신의 상태(state)st∈S{\displaystyle s_{t}\in S}와 가능한 행동(action)A(st){\displaystyle A(s_{t})}를 가지고 있다.",0-1,강화 학습의 문제는마르코프 결정 과정(MDP)의 정의를 설명해주세요.,기본적으로 강화 학습의 문제는마르코프 결정 과정(MDP)으로 표현된다.,definition
310,https://ko.wikipedia.org/wiki/%EA%B0%95%ED%99%94_%ED%95%99%EC%8A%B5,"강화 학습 - 위키백과, 우리 모두의 백과사전",개요,"에이전트는 어떤 행동a∈A(st) 을 취하고, 환경으로부터 새로운 상태st+1와 포상(reward)rt+1을 받는다. 이 상호작용에 기반해서 강화 학습 에이전트는 누적된 포상값R을 최대화하는 정책(policy) π:S→A을 개발한다. 종료 상태(terminal state)가 존재하는 MDPs에서는R=r0+r1+⋯+rn=∑t=1nrt{\displaystyle R=r_{0}+r_{1}+\cdots +r_{n}=\sum _{t=1}^{n}r_{t}}이고, 그렇지 않은 MDPs에서는R=∑t=1nγtrt{\displaystyle R=\sum _{t=1}^{n}\gamma ^{t}r_{t}}가 된다. 여기서γ{\displaystyle \gamma }는 미래의 포상이 현재에 얼마나 가치 있는지를 표현하는 할인율(discount factor)로 0과 1사이의 값이다. 강화 학습은 장기, 단기의 포상 사이 트레이드오프가 존재하는 문제를 다루는 데 적합하다. 이것은 로봇 제어, 엘리베이터 스케줄링, 통신망, 백개먼과 체스 같은 게임에 성공적으로 적용되어 왔다. 인간 피드백을 통한 강화 학습
강화학습과 인공지능
Deep Reinforcement Learning: Pong from Pixels
BnF 데이터
예일 LUX",0-2,와 포상(reward)의 정의를 설명해주세요.,"에이전트는 어떤 행동a∈A(st) 을 취하고, 환경으로부터 새로운 상태st+1와 포상(reward)rt+1을 받는다.",definition
311,https://ko.wikipedia.org/wiki/%EA%B0%95%ED%99%94_%ED%95%99%EC%8A%B5,"강화 학습 - 위키백과, 우리 모두의 백과사전",개요,"에이전트는 어떤 행동a∈A(st) 을 취하고, 환경으로부터 새로운 상태st+1와 포상(reward)rt+1을 받는다. 이 상호작용에 기반해서 강화 학습 에이전트는 누적된 포상값R을 최대화하는 정책(policy) π:S→A을 개발한다. 종료 상태(terminal state)가 존재하는 MDPs에서는R=r0+r1+⋯+rn=∑t=1nrt{\displaystyle R=r_{0}+r_{1}+\cdots +r_{n}=\sum _{t=1}^{n}r_{t}}이고, 그렇지 않은 MDPs에서는R=∑t=1nγtrt{\displaystyle R=\sum _{t=1}^{n}\gamma ^{t}r_{t}}가 된다. 여기서γ{\displaystyle \gamma }는 미래의 포상이 현재에 얼마나 가치 있는지를 표현하는 할인율(discount factor)로 0과 1사이의 값이다. 강화 학습은 장기, 단기의 포상 사이 트레이드오프가 존재하는 문제를 다루는 데 적합하다. 이것은 로봇 제어, 엘리베이터 스케줄링, 통신망, 백개먼과 체스 같은 게임에 성공적으로 적용되어 왔다. 인간 피드백을 통한 강화 학습
강화학습과 인공지능
Deep Reinforcement Learning: Pong from Pixels
BnF 데이터
예일 LUX",0-2,을 최대화하는 정책(policy)의 정의를 설명해주세요.,이 상호작용에 기반해서 강화 학습 에이전트는 누적된 포상값R을 최대화하는 정책(policy) π:S→A을 개발한다.,definition
312,https://ko.wikipedia.org/wiki/%EA%B0%95%ED%99%94_%ED%95%99%EC%8A%B5,"강화 학습 - 위키백과, 우리 모두의 백과사전",개요,"에이전트는 어떤 행동a∈A(st) 을 취하고, 환경으로부터 새로운 상태st+1와 포상(reward)rt+1을 받는다. 이 상호작용에 기반해서 강화 학습 에이전트는 누적된 포상값R을 최대화하는 정책(policy) π:S→A을 개발한다. 종료 상태(terminal state)가 존재하는 MDPs에서는R=r0+r1+⋯+rn=∑t=1nrt{\displaystyle R=r_{0}+r_{1}+\cdots +r_{n}=\sum _{t=1}^{n}r_{t}}이고, 그렇지 않은 MDPs에서는R=∑t=1nγtrt{\displaystyle R=\sum _{t=1}^{n}\gamma ^{t}r_{t}}가 된다. 여기서γ{\displaystyle \gamma }는 미래의 포상이 현재에 얼마나 가치 있는지를 표현하는 할인율(discount factor)로 0과 1사이의 값이다. 강화 학습은 장기, 단기의 포상 사이 트레이드오프가 존재하는 문제를 다루는 데 적합하다. 이것은 로봇 제어, 엘리베이터 스케줄링, 통신망, 백개먼과 체스 같은 게임에 성공적으로 적용되어 왔다. 인간 피드백을 통한 강화 학습
강화학습과 인공지능
Deep Reinforcement Learning: Pong from Pixels
BnF 데이터
예일 LUX",0-2,종료 상태(terminal state)의 정의를 설명해주세요.,"종료 상태(terminal state)가 존재하는 MDPs에서는R=r0+r1+⋯+rn=∑t=1nrt{\displaystyle R=r_{0}+r_{1}+\cdots +r_{n}=\sum _{t=1}^{n}r_{t}}이고, 그렇지 않은 MDPs에서는R=∑t=1nγtrt{\displaystyle R=\sum _{t=1}^{n}\gamma ^{t}r_{t}}가 된다.",definition
313,https://ko.wikipedia.org/wiki/%EC%8B%A0%EA%B2%BD%EB%A7%9D,"신경망 - 위키백과, 우리 모두의 백과사전",개요,"신경망(神經網) 또는뉴럴 네트워크(neural network)는신경회로 또는 신경의 망(網)으로, 현대적 의미에서는인공 뉴런이나 노드로 구성된인공 신경망을 의미한다.그러므로 신경망은 실제 생물학적 뉴런으로 구성된생물학적 신경망이거나인공지능(AI) 문제를 해결하기 위한 인공 신경망으로 구분할 수 있다. 생물학적 뉴런의 연결은 하중(무게)으로 모델링된다.
생물학적 신경망은 화학적으로 연결되거나 기능적으로 연결된 뉴런들의 그룹으로 구성된다. 하나의 뉴런은 다른 수많은 뉴런들과 연결될 수 있으며 망 내의 뉴런과 연결점들의 모든 수는 광활하다. 연결, 즉시냅스는 일반적으로축삭에서가지돌기,를 통해 구성되며다른 연결 또한 가능하다.
예일 LUX",0-0,신경망이란 무엇인가요?,"신경망(神經網) 또는뉴럴 네트워크(neural network)는신경회로 또는 신경의 망(網)으로, 현대적 의미에서는인공 뉴런이나 노드로 구성된인공 신경망을 의미한다.그러므로 신경망은 실제 생물학적 뉴런으로 구성된생물학적 신경망이거나인공지능(AI) 문제를 해결하기 위한 인공 신경망으로 구분할 수 있다. 생물학적 뉴런의 연결은 하중(무게)으로 모델링된다.
생물학적 신경망은 화학적으로 연결되거나 기능적으로 연결된 뉴런들의 그룹으로 구성된다. 하나의 뉴런은 다른 수많은 뉴런들과 연결될 수 있으며 망 내의 뉴런과 연결점들의 모든 수는 광활하다. 연결, 즉시냅스는 일반적으로축삭에서가지돌기,를 통해 구성되며다른 연결 또한 가능하다.
예일 LUX",summarization
314,https://ko.wikipedia.org/wiki/%EC%8B%A0%EA%B2%BD%EB%A7%9D,"신경망 - 위키백과, 우리 모두의 백과사전",개요,"신경망(神經網) 또는뉴럴 네트워크(neural network)는신경회로 또는 신경의 망(網)으로, 현대적 의미에서는인공 뉴런이나 노드로 구성된인공 신경망을 의미한다.그러므로 신경망은 실제 생물학적 뉴런으로 구성된생물학적 신경망이거나인공지능(AI) 문제를 해결하기 위한 인공 신경망으로 구분할 수 있다. 생물학적 뉴런의 연결은 하중(무게)으로 모델링된다.
생물학적 신경망은 화학적으로 연결되거나 기능적으로 연결된 뉴런들의 그룹으로 구성된다. 하나의 뉴런은 다른 수많은 뉴런들과 연결될 수 있으며 망 내의 뉴런과 연결점들의 모든 수는 광활하다. 연결, 즉시냅스는 일반적으로축삭에서가지돌기,를 통해 구성되며다른 연결 또한 가능하다.
예일 LUX",0-0,또는뉴럴 네트워크(neural network)의 정의를 설명해주세요.,"신경망(神經網) 또는뉴럴 네트워크(neural network)는신경회로 또는 신경의 망(網)으로, 현대적 의미에서는인공 뉴런이나 노드로 구성된인공 신경망을 의미한다.",definition
315,https://ko.wikipedia.org/wiki/%EC%8B%A0%EA%B2%BD%EB%A7%9D,"신경망 - 위키백과, 우리 모두의 백과사전",개요,"신경망(神經網) 또는뉴럴 네트워크(neural network)는신경회로 또는 신경의 망(網)으로, 현대적 의미에서는인공 뉴런이나 노드로 구성된인공 신경망을 의미한다.그러므로 신경망은 실제 생물학적 뉴런으로 구성된생물학적 신경망이거나인공지능(AI) 문제를 해결하기 위한 인공 신경망으로 구분할 수 있다. 생물학적 뉴런의 연결은 하중(무게)으로 모델링된다.
생물학적 신경망은 화학적으로 연결되거나 기능적으로 연결된 뉴런들의 그룹으로 구성된다. 하나의 뉴런은 다른 수많은 뉴런들과 연결될 수 있으며 망 내의 뉴런과 연결점들의 모든 수는 광활하다. 연결, 즉시냅스는 일반적으로축삭에서가지돌기,를 통해 구성되며다른 연결 또한 가능하다.
예일 LUX",0-0,로 구성된생물학적 신경망이거나인공지능(AI)의 정의를 설명해주세요.,그러므로 신경망은 실제 생물학적 뉴런으로 구성된생물학적 신경망이거나인공지능(AI) 문제를 해결하기 위한 인공 신경망으로 구분할 수 있다.,definition
316,https://ko.wikipedia.org/wiki/%ED%95%A9%EC%84%B1%EA%B3%B1_%EC%8B%A0%EA%B2%BD%EB%A7%9D,"합성곱 신경망 - 위키백과, 우리 모두의 백과사전",개요,"합성곱 신경망(콘볼루션 신경망, Convolutional neural network, CNN)은 시각적 영상을 분석하는 데 사용되는 다층의 피드-포워드적인인공신경망의 한 종류이다. 필터링 기법을 인공신경망에 적용하여 이미지를 효과적으로 처리할 수 있는 심층 신경망 기법으로 행렬로 표현된 필터의 각 요소가 데이터 처리에 적합하도록 자동으로 학습되는 과정을 통해 이미지를 분류하는 기법이다. 합성곱 신경망은 정규화 된 버전의 다층 퍼셉트론이다. 다층 퍼셉트론은 일반적으로 완전히 연결된 네트워크, 즉 한 계층의 각 뉴런이 다음 계층의 모든 뉴런에 연결되는 신경망 구조이다. 이와 같이 네트워크가 완전 연결된 경우 주어진 데이터에과적합되는 경향이 있다. 일반적인 정규화를 위해 최적화 함수에 특정 척도를 추가하는 방법이 흔히 쓰이지만, CNN은 정규화를 위한 다른 접근 방식을 취한다. 데이터에서 계층적 패턴을 활용하고 더 작고 간단한 패턴을 사용하여 더 복잡한 패턴을 표현함으로써 정규화와 같은 효과를 내는 것이다. 따라서 합성곱 신경망의 연결 구조의 복잡성은 유사한 기능의 다층 퍼셉트론에 비해 극단적으로 낮다.[출처 필요]
합성곱 신경망은 뉴런 사이의 연결 패턴이 동물 시각 피질의 조직과 유사하다는 점에 영감을 받았다. 개별 피질 뉴런은 수용장(receptive field)으로 알려진 시야의 제한된 영역에서만 자극에 반응한다. 상이한 뉴런의 수용 필드는 전체 시야를 볼 수 있도록 부분적으로 중첩된다.[출처 필요]
합성곱 신경망을 이용한 영상 분류는 다른 영상 분류 알고리즘에 비해 상대적으로 전처리를 거의 사용하지 않는다.",0-0,합성곱 신경망이란 무엇인가요?,"합성곱 신경망(콘볼루션 신경망, Convolutional neural network, CNN)은 시각적 영상을 분석하는 데 사용되는 다층의 피드-포워드적인인공신경망의 한 종류이다. 필터링 기법을 인공신경망에 적용하여 이미지를 효과적으로 처리할 수 있는 심층 신경망 기법으로 행렬로 표현된 필터의 각 요소가 데이터 처리에 적합하도록 자동으로 학습되는 과정을 통해 이미지를 분류하는 기법이다. 합성곱 신경망은 정규화 된 버전의 다층 퍼셉트론이다. 다층 퍼셉트론은 일반적으로 완전히 연결된 네트워크, 즉 한 계층의 각 뉴런이 다음 계층의 모든 뉴런에 연결되는 신경망 구조이다. 이와 같이 네트워크가 완전 연결된 경우 주어진 데이터에과적합되는 경향이 있다. 일반적인 정규화를 위해 최적화 함수에 특정 척도를 추가하는 방법이 흔히 쓰이지만, CNN은 정규화를 위한 다른 접근 방식을 취한다. 데이터에서 계층적 패턴을 활용하고 더 작고 간단한 패턴을 사용하여 더 복잡한 패턴을 표현함으로써 정규화와 같은",summarization
317,https://ko.wikipedia.org/wiki/%ED%95%A9%EC%84%B1%EA%B3%B1_%EC%8B%A0%EA%B2%BD%EB%A7%9D,"합성곱 신경망 - 위키백과, 우리 모두의 백과사전",개요,"합성곱 신경망(콘볼루션 신경망, Convolutional neural network, CNN)은 시각적 영상을 분석하는 데 사용되는 다층의 피드-포워드적인인공신경망의 한 종류이다. 필터링 기법을 인공신경망에 적용하여 이미지를 효과적으로 처리할 수 있는 심층 신경망 기법으로 행렬로 표현된 필터의 각 요소가 데이터 처리에 적합하도록 자동으로 학습되는 과정을 통해 이미지를 분류하는 기법이다. 합성곱 신경망은 정규화 된 버전의 다층 퍼셉트론이다. 다층 퍼셉트론은 일반적으로 완전히 연결된 네트워크, 즉 한 계층의 각 뉴런이 다음 계층의 모든 뉴런에 연결되는 신경망 구조이다. 이와 같이 네트워크가 완전 연결된 경우 주어진 데이터에과적합되는 경향이 있다. 일반적인 정규화를 위해 최적화 함수에 특정 척도를 추가하는 방법이 흔히 쓰이지만, CNN은 정규화를 위한 다른 접근 방식을 취한다. 데이터에서 계층적 패턴을 활용하고 더 작고 간단한 패턴을 사용하여 더 복잡한 패턴을 표현함으로써 정규화와 같은 효과를 내는 것이다. 따라서 합성곱 신경망의 연결 구조의 복잡성은 유사한 기능의 다층 퍼셉트론에 비해 극단적으로 낮다.[출처 필요]
합성곱 신경망은 뉴런 사이의 연결 패턴이 동물 시각 피질의 조직과 유사하다는 점에 영감을 받았다. 개별 피질 뉴런은 수용장(receptive field)으로 알려진 시야의 제한된 영역에서만 자극에 반응한다. 상이한 뉴런의 수용 필드는 전체 시야를 볼 수 있도록 부분적으로 중첩된다.[출처 필요]
합성곱 신경망을 이용한 영상 분류는 다른 영상 분류 알고리즘에 비해 상대적으로 전처리를 거의 사용하지 않는다.",0-0,개별 피질 뉴런은 수용장(receptive field)의 정의를 설명해주세요.,개별 피질 뉴런은 수용장(receptive field)으로 알려진 시야의 제한된 영역에서만 자극에 반응한다.,definition
318,https://ko.wikipedia.org/wiki/%ED%95%A9%EC%84%B1%EA%B3%B1_%EC%8B%A0%EA%B2%BD%EB%A7%9D,"합성곱 신경망 - 위키백과, 우리 모두의 백과사전",개요,"이는 신경망이 기존 알고리즘에서 수작업으로 제작된 필터를 학습한다는 것을 의미한다. 기존 영상 분류 알고리듬에서 설계자가 영상의 특징들을 미리 이해해 알고리듬을 만드는 과정이 없는 것이 합성곱 신경망의 주요한 장점이다.[출처 필요]
합성곱 신경망은 크게 합성곱층(Convolution layer)과 풀링층(통합 계층, Pooling layer), 완전하게 연결된 층(fully connected layer)들로 구성된다. 그리고 분류연산이라는 행렬 곱 연산을 준비한다. 우선 기존 사진의 정보를 가진 신경망에 합성곱층과 풀링층을 완전하게 연결된 층 이전에 추가하여 원본 이미지에 필터링 기법을 적용한다. 이어 해당 이미지에 분류연산을 수행시킨다. 이를 통해 합성곱층이 이미지에 분류연산이 하고자 하는 필터를 씌울 수 있다. 여기서 다시 풀링 계층은 각 이미지의 국소적인 부분을 하나의 대표적인 스칼라 값으로 변환하여 행렬 곱 연산으로 인해 커진 이미지 크기를 줄이는 등의 기능을 수행한다. 구글 이미지",0-1,완전하게 연결된 층(fully connected layer)의 정의를 설명해주세요.,"합성곱 신경망은 크게 합성곱층(Convolution layer)과 풀링층(통합 계층, Pooling layer), 완전하게 연결된 층(fully connected layer)들로 구성된다.",definition
319,https://ko.wikipedia.org/wiki/%EC%88%9C%ED%99%98_%EC%8B%A0%EA%B2%BD%EB%A7%9D,"순환 신경망 - 위키백과, 우리 모두의 백과사전",개요,"순환 신경망(Recurrent neural network,RNN)은인공 신경망의 한 종류로, 유닛간의 연결이순환적 구조를 갖는 특징을 갖고 있다. 이러한 구조는 시변적 동적 특징을 모델링 할 수 있도록 신경망 내부에 상태를 저장할 수 있게 해주므로,순방향 신경망과 달리 내부의메모리를 이용해시퀀스형태의 입력을 처리할 수 있다.따라서 순환 인공 신경망은필기 인식이나음성 인식과 같이 시변적 특징을 지니는 데이터를 처리하는데 적용할 수 있다. 순환 신경망이라는 이름은 입력받는 신호의 길이가 한정되지 않은동적데이터를 처리한다는 점에서 붙여진 이름으로,유한 임펄스구조와무한 임펄스구조를 모두 일컫는다.유한 임펄스 순환 신경망은유향 비순환 그래프이므로 적절하게 풀어서 재구성한다면 순방향 신경망으로도 표현할 수 있지만, 무한 임펄스 순환 신경망은유향 그래프이므로 순방향 신경망으로 표현하는 것이 불가능하다. 순환 신경망은 추가적인 저장공간을 가질 수 있다. 이 저장공간이 그래프의 형태를 가짐으로써 시간 지연의 기능을 하거나 피드백 루프를 가질 수도 있다. 이와 같은 저장공간을 게이트된 상태(gated state) 또는 게이트된 메모리(gated memory)라고 하며,LSTM과게이트 순환 유닛(GRU)이 이를 응용하는 대표적인 예시이다. RNN은 1986년의 연구에 기반을 둔다.RNN의 특수한 예시인 홉필드 네트워크가 1982년존 홉필드에 의해 발명되었고, 1993년에는 신경 기억 압축기가 ""Very Deep Learning""를 구현하는데 성공했는데, 1000개 이상의 레이어로 구성된 정적 RNN이 사용되었다.",0-0,순환 신경망이란 무엇인가요?,"순환 신경망(Recurrent neural network,RNN)은인공 신경망의 한 종류로, 유닛간의 연결이순환적 구조를 갖는 특징을 갖고 있다. 이러한 구조는 시변적 동적 특징을 모델링 할 수 있도록 신경망 내부에 상태를 저장할 수 있게 해주므로,순방향 신경망과 달리 내부의메모리를 이용해시퀀스형태의 입력을 처리할 수 있다.따라서 순환 인공 신경망은필기 인식이나음성 인식과 같이 시변적 특징을 지니는 데이터를 처리하는데 적용할 수 있다. 순환 신경망이라는 이름은 입력받는 신호의 길이가 한정되지 않은동적데이터를 처리한다는 점에서 붙여진 이름으로,유한 임펄스구조와무한 임펄스구조를 모두 일컫는다.유한 임펄스 순환 신경망은유향 비순환 그래프이므로 적절하게 풀어서 재구성한다면 순방향 신경망으로도 표현할 수 있지만, 무한 임펄스 순환 신경망은유향 그래프이므로 순방향 신경망으로 표현하는 것이 불가능하다. 순환 신경망은 추가적인 저장공간을 가질 수 있다. 이 저장공간이 그래프의 형태를 가짐으로써 시",summarization
320,https://ko.wikipedia.org/wiki/%EC%88%9C%ED%99%98_%EC%8B%A0%EA%B2%BD%EB%A7%9D,"순환 신경망 - 위키백과, 우리 모두의 백과사전",개요,"순환 신경망(Recurrent neural network,RNN)은인공 신경망의 한 종류로, 유닛간의 연결이순환적 구조를 갖는 특징을 갖고 있다. 이러한 구조는 시변적 동적 특징을 모델링 할 수 있도록 신경망 내부에 상태를 저장할 수 있게 해주므로,순방향 신경망과 달리 내부의메모리를 이용해시퀀스형태의 입력을 처리할 수 있다.따라서 순환 인공 신경망은필기 인식이나음성 인식과 같이 시변적 특징을 지니는 데이터를 처리하는데 적용할 수 있다. 순환 신경망이라는 이름은 입력받는 신호의 길이가 한정되지 않은동적데이터를 처리한다는 점에서 붙여진 이름으로,유한 임펄스구조와무한 임펄스구조를 모두 일컫는다.유한 임펄스 순환 신경망은유향 비순환 그래프이므로 적절하게 풀어서 재구성한다면 순방향 신경망으로도 표현할 수 있지만, 무한 임펄스 순환 신경망은유향 그래프이므로 순방향 신경망으로 표현하는 것이 불가능하다. 순환 신경망은 추가적인 저장공간을 가질 수 있다. 이 저장공간이 그래프의 형태를 가짐으로써 시간 지연의 기능을 하거나 피드백 루프를 가질 수도 있다. 이와 같은 저장공간을 게이트된 상태(gated state) 또는 게이트된 메모리(gated memory)라고 하며,LSTM과게이트 순환 유닛(GRU)이 이를 응용하는 대표적인 예시이다. RNN은 1986년의 연구에 기반을 둔다.RNN의 특수한 예시인 홉필드 네트워크가 1982년존 홉필드에 의해 발명되었고, 1993년에는 신경 기억 압축기가 ""Very Deep Learning""를 구현하는데 성공했는데, 1000개 이상의 레이어로 구성된 정적 RNN이 사용되었다.",0-0,"순환 신경망(Recurrent neural network,RNN)의 정의를 설명해주세요.","순환 신경망(Recurrent neural network,RNN)은인공 신경망의 한 종류로, 유닛간의 연결이순환적 구조를 갖는 특징을 갖고 있다.",definition
321,https://ko.wikipedia.org/wiki/%EC%88%9C%ED%99%98_%EC%8B%A0%EA%B2%BD%EB%A7%9D,"순환 신경망 - 위키백과, 우리 모두의 백과사전",개요,"순환 신경망(Recurrent neural network,RNN)은인공 신경망의 한 종류로, 유닛간의 연결이순환적 구조를 갖는 특징을 갖고 있다. 이러한 구조는 시변적 동적 특징을 모델링 할 수 있도록 신경망 내부에 상태를 저장할 수 있게 해주므로,순방향 신경망과 달리 내부의메모리를 이용해시퀀스형태의 입력을 처리할 수 있다.따라서 순환 인공 신경망은필기 인식이나음성 인식과 같이 시변적 특징을 지니는 데이터를 처리하는데 적용할 수 있다. 순환 신경망이라는 이름은 입력받는 신호의 길이가 한정되지 않은동적데이터를 처리한다는 점에서 붙여진 이름으로,유한 임펄스구조와무한 임펄스구조를 모두 일컫는다.유한 임펄스 순환 신경망은유향 비순환 그래프이므로 적절하게 풀어서 재구성한다면 순방향 신경망으로도 표현할 수 있지만, 무한 임펄스 순환 신경망은유향 그래프이므로 순방향 신경망으로 표현하는 것이 불가능하다. 순환 신경망은 추가적인 저장공간을 가질 수 있다. 이 저장공간이 그래프의 형태를 가짐으로써 시간 지연의 기능을 하거나 피드백 루프를 가질 수도 있다. 이와 같은 저장공간을 게이트된 상태(gated state) 또는 게이트된 메모리(gated memory)라고 하며,LSTM과게이트 순환 유닛(GRU)이 이를 응용하는 대표적인 예시이다. RNN은 1986년의 연구에 기반을 둔다.RNN의 특수한 예시인 홉필드 네트워크가 1982년존 홉필드에 의해 발명되었고, 1993년에는 신경 기억 압축기가 ""Very Deep Learning""를 구현하는데 성공했는데, 1000개 이상의 레이어로 구성된 정적 RNN이 사용되었다.",0-0,이와 같은 저장공간을 게이트된 상태(gated state)의 정의를 설명해주세요.,"이와 같은 저장공간을 게이트된 상태(gated state) 또는 게이트된 메모리(gated memory)라고 하며,LSTM과게이트 순환 유닛(GRU)이 이를 응용하는 대표적인 예시이다.",definition
322,https://ko.wikipedia.org/wiki/%EC%88%9C%ED%99%98_%EC%8B%A0%EA%B2%BD%EB%A7%9D,"순환 신경망 - 위키백과, 우리 모두의 백과사전",개요,"순환 신경망(Recurrent neural network,RNN)은인공 신경망의 한 종류로, 유닛간의 연결이순환적 구조를 갖는 특징을 갖고 있다. 이러한 구조는 시변적 동적 특징을 모델링 할 수 있도록 신경망 내부에 상태를 저장할 수 있게 해주므로,순방향 신경망과 달리 내부의메모리를 이용해시퀀스형태의 입력을 처리할 수 있다.따라서 순환 인공 신경망은필기 인식이나음성 인식과 같이 시변적 특징을 지니는 데이터를 처리하는데 적용할 수 있다. 순환 신경망이라는 이름은 입력받는 신호의 길이가 한정되지 않은동적데이터를 처리한다는 점에서 붙여진 이름으로,유한 임펄스구조와무한 임펄스구조를 모두 일컫는다.유한 임펄스 순환 신경망은유향 비순환 그래프이므로 적절하게 풀어서 재구성한다면 순방향 신경망으로도 표현할 수 있지만, 무한 임펄스 순환 신경망은유향 그래프이므로 순방향 신경망으로 표현하는 것이 불가능하다. 순환 신경망은 추가적인 저장공간을 가질 수 있다. 이 저장공간이 그래프의 형태를 가짐으로써 시간 지연의 기능을 하거나 피드백 루프를 가질 수도 있다. 이와 같은 저장공간을 게이트된 상태(gated state) 또는 게이트된 메모리(gated memory)라고 하며,LSTM과게이트 순환 유닛(GRU)이 이를 응용하는 대표적인 예시이다. RNN은 1986년의 연구에 기반을 둔다.RNN의 특수한 예시인 홉필드 네트워크가 1982년존 홉필드에 의해 발명되었고, 1993년에는 신경 기억 압축기가 ""Very Deep Learning""를 구현하는데 성공했는데, 1000개 이상의 레이어로 구성된 정적 RNN이 사용되었다.",0-0,또는 게이트된 메모리(gated memory)의 정의를 설명해주세요.,"이와 같은 저장공간을 게이트된 상태(gated state) 또는 게이트된 메모리(gated memory)라고 하며,LSTM과게이트 순환 유닛(GRU)이 이를 응용하는 대표적인 예시이다.",definition
323,https://ko.wikipedia.org/wiki/%EC%88%9C%ED%99%98_%EC%8B%A0%EA%B2%BD%EB%A7%9D,"순환 신경망 - 위키백과, 우리 모두의 백과사전",개요,"순환 신경망(Recurrent neural network,RNN)은인공 신경망의 한 종류로, 유닛간의 연결이순환적 구조를 갖는 특징을 갖고 있다. 이러한 구조는 시변적 동적 특징을 모델링 할 수 있도록 신경망 내부에 상태를 저장할 수 있게 해주므로,순방향 신경망과 달리 내부의메모리를 이용해시퀀스형태의 입력을 처리할 수 있다.따라서 순환 인공 신경망은필기 인식이나음성 인식과 같이 시변적 특징을 지니는 데이터를 처리하는데 적용할 수 있다. 순환 신경망이라는 이름은 입력받는 신호의 길이가 한정되지 않은동적데이터를 처리한다는 점에서 붙여진 이름으로,유한 임펄스구조와무한 임펄스구조를 모두 일컫는다.유한 임펄스 순환 신경망은유향 비순환 그래프이므로 적절하게 풀어서 재구성한다면 순방향 신경망으로도 표현할 수 있지만, 무한 임펄스 순환 신경망은유향 그래프이므로 순방향 신경망으로 표현하는 것이 불가능하다. 순환 신경망은 추가적인 저장공간을 가질 수 있다. 이 저장공간이 그래프의 형태를 가짐으로써 시간 지연의 기능을 하거나 피드백 루프를 가질 수도 있다. 이와 같은 저장공간을 게이트된 상태(gated state) 또는 게이트된 메모리(gated memory)라고 하며,LSTM과게이트 순환 유닛(GRU)이 이를 응용하는 대표적인 예시이다. RNN은 1986년의 연구에 기반을 둔다.RNN의 특수한 예시인 홉필드 네트워크가 1982년존 홉필드에 의해 발명되었고, 1993년에는 신경 기억 압축기가 ""Very Deep Learning""를 구현하는데 성공했는데, 1000개 이상의 레이어로 구성된 정적 RNN이 사용되었다.",0-0,1986년에 인공지능 분야에서 어떤 일이 있었나요?,RNN은 1986년의 연구에 기반을 둔다.,temporal
324,https://ko.wikipedia.org/wiki/%EC%88%9C%ED%99%98_%EC%8B%A0%EA%B2%BD%EB%A7%9D,"순환 신경망 - 위키백과, 우리 모두의 백과사전",개요,"1997년와에 의해 발명된LSTM은 네트워크는 여러 응용분야에서 독보적인 정확성을 보여주었다. 2007년을 전후로, LSTM은음성 인식분야에서 기존의 전통적인 모델들을 아득히 능가하는 성능을 보여주었다.2009년에는 CTC(Connectionist temporal classification) 기술로 훈련시킨 LSTM이 처음으로필기체 인식시합에서 승리를 거둠으로써, 패턴 인식 분야에 독보적인 기능을 가지고 있음이 증명되었다.2014년에는 중국의 검색엔진인바이두가 기존의 음성 인식 알고리즘은 전혀 사용하지 않고 오직 CTC로 훈련된 RNN만으로Switchboard Hub5'00 speech recognition dataset벤치마크를 갱신했다. LSTM은 또한 큰 단어에 대한 음성 인식과음성 합성분야에서도 발전을 이루어 현재구글 안드로이드에서 응용되고있다.2015년에는 구글의 음성 인식 능력이 CTC 기반 LSTM을 통해 49%가량 향상되었다. 또한기계 번역,언어 모델링,다국어 언어 처리 분야에서의 기록도 우수한 능력으로 연달아 갱신했다.합성곱 신경망과 함께 응용되어분야에서도 커다란 향상을 일으켰다.LSTM을 돌리는데 필요한 막대한 계산량에 따른 하드웨어의 부담을 줄이기 위해 하드웨어 가속기를 사용해 LSTM을 가속하고자 하는 연구도 꾸준히 진행되고 있다.",0-1,1997년에 인공지능 분야에서 어떤 일이 있었나요?,1997년와에 의해 발명된LSTM은 네트워크는 여러 응용분야에서 독보적인 정확성을 보여주었다.,temporal
325,https://ko.wikipedia.org/wiki/%EC%88%9C%ED%99%98_%EC%8B%A0%EA%B2%BD%EB%A7%9D,"순환 신경망 - 위키백과, 우리 모두의 백과사전",개요,"1997년와에 의해 발명된LSTM은 네트워크는 여러 응용분야에서 독보적인 정확성을 보여주었다. 2007년을 전후로, LSTM은음성 인식분야에서 기존의 전통적인 모델들을 아득히 능가하는 성능을 보여주었다.2009년에는 CTC(Connectionist temporal classification) 기술로 훈련시킨 LSTM이 처음으로필기체 인식시합에서 승리를 거둠으로써, 패턴 인식 분야에 독보적인 기능을 가지고 있음이 증명되었다.2014년에는 중국의 검색엔진인바이두가 기존의 음성 인식 알고리즘은 전혀 사용하지 않고 오직 CTC로 훈련된 RNN만으로Switchboard Hub5'00 speech recognition dataset벤치마크를 갱신했다. LSTM은 또한 큰 단어에 대한 음성 인식과음성 합성분야에서도 발전을 이루어 현재구글 안드로이드에서 응용되고있다.2015년에는 구글의 음성 인식 능력이 CTC 기반 LSTM을 통해 49%가량 향상되었다. 또한기계 번역,언어 모델링,다국어 언어 처리 분야에서의 기록도 우수한 능력으로 연달아 갱신했다.합성곱 신경망과 함께 응용되어분야에서도 커다란 향상을 일으켰다.LSTM을 돌리는데 필요한 막대한 계산량에 따른 하드웨어의 부담을 줄이기 위해 하드웨어 가속기를 사용해 LSTM을 가속하고자 하는 연구도 꾸준히 진행되고 있다.",0-1,2007년에 인공지능 분야에서 어떤 일이 있었나요?,"2007년을 전후로, LSTM은음성 인식분야에서 기존의 전통적인 모델들을 아득히 능가하는 성능을 보여주었다.",temporal
326,https://ko.wikipedia.org/wiki/%EC%88%9C%ED%99%98_%EC%8B%A0%EA%B2%BD%EB%A7%9D,"순환 신경망 - 위키백과, 우리 모두의 백과사전",완전순환(Fully recurrent),"RNN은뉴런과 유사한노드들이 이룬 레이어가 연속되어있는 구조를 가진다. 각각의 노드들은 다음 단계의 모든 레이어들과단방향 그래프를 이루며, 시간에 따라 달라지는 실숫값의 활성화(activation)값을 가진다. 또한 각 노드들 간 연결관계는 실숫값의를 가지며 이 값은 끊임없이 바뀐다. 노드의 종류로는 신경망 외부로부터 값을 입력받는 입력 노드, 결괏값을 산출하는 출력 노드, 입력 노드에서 출력 노드 사이에 존재하는 은닉 노드가 있다. 이산 시간 데이터로지도 학습을 하는 경우, 단위시간 한 번에 실수 벡터 하나가 입력 노드로 들어온다. 또한 매 순간 입력 노드를 제외한 모든 노드들은, 각자 연결된 노드들로부터 활성화값을 각 연결의 가중치와 함께 가중합으로 받아, 비선형 함수를 통해 활성화값을 계산한 뒤 저장한다. 지도 학습을 위해 주어진 데이터는 특정 순간마다 출력 노드 값이 이루어야 하는 값(target)을 알려준다. 매 순간마다 신경망이 생성한 출력값과, 원래 이루었어야 하는 값 사이의 편차의 합으로 오차를 정의한다. 이 오차를 줄이는 방향으로 신경망의 학습이 이루어진다. 일례로 음성 인식을 통해 발음된 숫자를 알아맞추는 프로그램을 생각해보자. 이 경우 최종 출력값은 숫자를 분류하기 위한 레이블이 될 것이다. 강화 학습의 경우, 아무도 출력 값이 어떠해야한다는 정보를 가르쳐주지 않는다. 대신 RNN의 성능을 평가하기 위한(영어:fitness function)나 보상 함수가 출력값을 받아들인 뒤, 액츄에이터를 통해 환경에 영향을 줌으로써 입력값을 변화시킨다.",1-0,순환 신경망에서 '완전순환(Fully recurrent)'은(는) 무엇을 다루나요?,"RNN은뉴런과 유사한노드들이 이룬 레이어가 연속되어있는 구조를 가진다. 각각의 노드들은 다음 단계의 모든 레이어들과단방향 그래프를 이루며, 시간에 따라 달라지는 실숫값의 활성화(activation)값을 가진다. 또한 각 노드들 간 연결관계는 실숫값의를 가지며 이 값은 끊임없이 바뀐다. 노드의 종류로는 신경망 외부로부터 값을 입력받는 입력 노드, 결괏값을 산출하는 출력 노드, 입력 노드에서 출력 노드 사이에 존재하는 은닉 노드가 있다. 이산 시간 데이터로지도 학습을 하는 경우, 단위시간 한 번에 실수 벡터 하나가 입력 노드로 들어온다. 또한 매 순간 입력 노드를 제외한 모든 노드들은, 각자 연결된 노드들로부터 활성화값을 각 연결의 가중치와 함께 가중합으로 받아, 비선형 함수를 통해 활성화값을 계산한 뒤 저장한다. 지도 학습을 위해 주어진 데이터는 특정 순간마다 출력 노드 값이 이루어야 하는 값(target)을 알려준다. 매 순간마다 신경망이 생성한 출력값과, 원래 이루었어야 하는 값",summarization
327,https://ko.wikipedia.org/wiki/%EC%88%9C%ED%99%98_%EC%8B%A0%EA%B2%BD%EB%A7%9D,"순환 신경망 - 위키백과, 우리 모두의 백과사전",완전순환(Fully recurrent),"RNN은뉴런과 유사한노드들이 이룬 레이어가 연속되어있는 구조를 가진다. 각각의 노드들은 다음 단계의 모든 레이어들과단방향 그래프를 이루며, 시간에 따라 달라지는 실숫값의 활성화(activation)값을 가진다. 또한 각 노드들 간 연결관계는 실숫값의를 가지며 이 값은 끊임없이 바뀐다. 노드의 종류로는 신경망 외부로부터 값을 입력받는 입력 노드, 결괏값을 산출하는 출력 노드, 입력 노드에서 출력 노드 사이에 존재하는 은닉 노드가 있다. 이산 시간 데이터로지도 학습을 하는 경우, 단위시간 한 번에 실수 벡터 하나가 입력 노드로 들어온다. 또한 매 순간 입력 노드를 제외한 모든 노드들은, 각자 연결된 노드들로부터 활성화값을 각 연결의 가중치와 함께 가중합으로 받아, 비선형 함수를 통해 활성화값을 계산한 뒤 저장한다. 지도 학습을 위해 주어진 데이터는 특정 순간마다 출력 노드 값이 이루어야 하는 값(target)을 알려준다. 매 순간마다 신경망이 생성한 출력값과, 원래 이루었어야 하는 값 사이의 편차의 합으로 오차를 정의한다. 이 오차를 줄이는 방향으로 신경망의 학습이 이루어진다. 일례로 음성 인식을 통해 발음된 숫자를 알아맞추는 프로그램을 생각해보자. 이 경우 최종 출력값은 숫자를 분류하기 위한 레이블이 될 것이다. 강화 학습의 경우, 아무도 출력 값이 어떠해야한다는 정보를 가르쳐주지 않는다. 대신 RNN의 성능을 평가하기 위한(영어:fitness function)나 보상 함수가 출력값을 받아들인 뒤, 액츄에이터를 통해 환경에 영향을 줌으로써 입력값을 변화시킨다.",1-0,시간에 따라 달라지는 실숫값의 활성화(activation)의 정의를 설명해주세요.,"각각의 노드들은 다음 단계의 모든 레이어들과단방향 그래프를 이루며, 시간에 따라 달라지는 실숫값의 활성화(activation)값을 가진다.",definition
328,https://ko.wikipedia.org/wiki/%EC%88%9C%ED%99%98_%EC%8B%A0%EA%B2%BD%EB%A7%9D,"순환 신경망 - 위키백과, 우리 모두의 백과사전",완전순환(Fully recurrent),"RNN은뉴런과 유사한노드들이 이룬 레이어가 연속되어있는 구조를 가진다. 각각의 노드들은 다음 단계의 모든 레이어들과단방향 그래프를 이루며, 시간에 따라 달라지는 실숫값의 활성화(activation)값을 가진다. 또한 각 노드들 간 연결관계는 실숫값의를 가지며 이 값은 끊임없이 바뀐다. 노드의 종류로는 신경망 외부로부터 값을 입력받는 입력 노드, 결괏값을 산출하는 출력 노드, 입력 노드에서 출력 노드 사이에 존재하는 은닉 노드가 있다. 이산 시간 데이터로지도 학습을 하는 경우, 단위시간 한 번에 실수 벡터 하나가 입력 노드로 들어온다. 또한 매 순간 입력 노드를 제외한 모든 노드들은, 각자 연결된 노드들로부터 활성화값을 각 연결의 가중치와 함께 가중합으로 받아, 비선형 함수를 통해 활성화값을 계산한 뒤 저장한다. 지도 학습을 위해 주어진 데이터는 특정 순간마다 출력 노드 값이 이루어야 하는 값(target)을 알려준다. 매 순간마다 신경망이 생성한 출력값과, 원래 이루었어야 하는 값 사이의 편차의 합으로 오차를 정의한다. 이 오차를 줄이는 방향으로 신경망의 학습이 이루어진다. 일례로 음성 인식을 통해 발음된 숫자를 알아맞추는 프로그램을 생각해보자. 이 경우 최종 출력값은 숫자를 분류하기 위한 레이블이 될 것이다. 강화 학습의 경우, 아무도 출력 값이 어떠해야한다는 정보를 가르쳐주지 않는다. 대신 RNN의 성능을 평가하기 위한(영어:fitness function)나 보상 함수가 출력값을 받아들인 뒤, 액츄에이터를 통해 환경에 영향을 줌으로써 입력값을 변화시킨다.",1-0,다 출력 노드 값이 이루어야 하는 값(target)의 정의를 설명해주세요.,지도 학습을 위해 주어진 데이터는 특정 순간마다 출력 노드 값이 이루어야 하는 값(target)을 알려준다.,definition
329,https://ko.wikipedia.org/wiki/%EC%88%9C%ED%99%98_%EC%8B%A0%EA%B2%BD%EB%A7%9D,"순환 신경망 - 위키백과, 우리 모두의 백과사전",단순 순환망,"엘만 신경망과 조르단 신경망을 단순 순환망(Simple recurrent network, SRN)이라 부른다. 엘만 신경망은 세 개의 레이어와 문맥 유닛으로 이루어져 있으며, 문맥 유닛들은 1로 고정된 가중치와 함께 은닉 레이어와 연결되어 있다.학습이 이루어질 때마다 입력값이 순방향으로 되먹임되고, 은닉 레이어가 전 단계에 가지고 있던 값이 문맥 유닛에 저장된다. 따라서 신경망은 과거의 상태를 저장할 수 있게됨으로써 일반적인보다 우수한 예지력을 가지게 되는 것이다. 조르단 신경망은 엘만 신경망과 비슷하나, 문맥 유닛이 은닉 레이어가 아닌 출력 레이어로부터 값을 받는다는 차이점이 있다. 이 경우 문맥 유닛은 상태 레이어라고 불리며, 그 내부에서도 순환망을 가진다. 위 식에서 기호들은 각각 다음을 의미한다. xt{\displaystyle x_{t}}: 입력 벡터
ht{\displaystyle h_{t}}: 은닉 레이어 벡터
yt{\displaystyle y_{t}}: 출력 벡터
W{\displaystyle W},U{\displaystyle U},b{\displaystyle b}: 매개변수 행렬과 벡터
σh{\displaystyle \sigma _{h}},σy{\displaystyle \sigma _{y}}:활성화 함수
LSTM(long short-term memory, 장단기 메모리)는기울기 소실 문제를 해결하기 위해 고안된딥 러닝시스템이다.",2-0,순환 신경망에서 '단순 순환망'은(는) 무엇을 다루나요?,"엘만 신경망과 조르단 신경망을 단순 순환망(Simple recurrent network, SRN)이라 부른다. 엘만 신경망은 세 개의 레이어와 문맥 유닛으로 이루어져 있으며, 문맥 유닛들은 1로 고정된 가중치와 함께 은닉 레이어와 연결되어 있다.학습이 이루어질 때마다 입력값이 순방향으로 되먹임되고, 은닉 레이어가 전 단계에 가지고 있던 값이 문맥 유닛에 저장된다. 따라서 신경망은 과거의 상태를 저장할 수 있게됨으로써 일반적인보다 우수한 예지력을 가지게 되는 것이다. 조르단 신경망은 엘만 신경망과 비슷하나, 문맥 유닛이 은닉 레이어가 아닌 출력 레이어로부터 값을 받는다는 차이점이 있다. 이 경우 문맥 유닛은 상태 레이어라고 불리며, 그 내부에서도 순환망을 가진다. 위 식에서 기호들은 각각 다음을 의미한다. xt{\displaystyle x_{t}}: 입력 벡터
ht{\displaystyle h_{t}}: 은닉 레이어 벡터
yt{\displaystyle y_{t}}: 출력 벡터
W{\d",summarization
330,https://ko.wikipedia.org/wiki/%EC%88%9C%ED%99%98_%EC%8B%A0%EA%B2%BD%EB%A7%9D,"순환 신경망 - 위키백과, 우리 모두의 백과사전",단순 순환망,"엘만 신경망과 조르단 신경망을 단순 순환망(Simple recurrent network, SRN)이라 부른다. 엘만 신경망은 세 개의 레이어와 문맥 유닛으로 이루어져 있으며, 문맥 유닛들은 1로 고정된 가중치와 함께 은닉 레이어와 연결되어 있다.학습이 이루어질 때마다 입력값이 순방향으로 되먹임되고, 은닉 레이어가 전 단계에 가지고 있던 값이 문맥 유닛에 저장된다. 따라서 신경망은 과거의 상태를 저장할 수 있게됨으로써 일반적인보다 우수한 예지력을 가지게 되는 것이다. 조르단 신경망은 엘만 신경망과 비슷하나, 문맥 유닛이 은닉 레이어가 아닌 출력 레이어로부터 값을 받는다는 차이점이 있다. 이 경우 문맥 유닛은 상태 레이어라고 불리며, 그 내부에서도 순환망을 가진다. 위 식에서 기호들은 각각 다음을 의미한다. xt{\displaystyle x_{t}}: 입력 벡터
ht{\displaystyle h_{t}}: 은닉 레이어 벡터
yt{\displaystyle y_{t}}: 출력 벡터
W{\displaystyle W},U{\displaystyle U},b{\displaystyle b}: 매개변수 행렬과 벡터
σh{\displaystyle \sigma _{h}},σy{\displaystyle \sigma _{y}}:활성화 함수
LSTM(long short-term memory, 장단기 메모리)는기울기 소실 문제를 해결하기 위해 고안된딥 러닝시스템이다.",2-0,"신경망과 조르단 신경망을 단순 순환망(Simple recurrent network, SRN)의 정의를 설명해주세요.","엘만 신경망과 조르단 신경망을 단순 순환망(Simple recurrent network, SRN)이라 부른다.",definition
331,https://ko.wikipedia.org/wiki/%EC%88%9C%ED%99%98_%EC%8B%A0%EA%B2%BD%EB%A7%9D,"순환 신경망 - 위키백과, 우리 모두의 백과사전",단순 순환망,"LSTM은 망각 게이트(forget gate)라 부르는 게이트를 추가적으로 가진다.이 게이트를 통해 역전파시 기울기값이 급격하게 사라지거나 증가하는 문제를 방지할 수 있다.이로써 기존의 RNN은 먼 과거의 일로부터 학습하는 것이 산술적으로 거의 불가능했지만, LSTM은 수백만 단위 시간 전의 사건으로부터도 학습할 수 있음으로서 고주파 신호뿐 아니라 저주파 신호까지도 다룰 수 있게 되었고, 이는 곧 성능의 비약적 발전을 가져왔다.이로써 LSTM과 유사한 구조를 가진 신경망들도 많이 발표되고 있다. LSTM을 쌓은 뒤(영어:Connectionist temporal classification)로 이 신경망을 학습시키는 방식으로 실제 연구분야에 많이 사용되고 있다.특히 CTC는 정렬과 인식에서 좋은 결과를 가져다주고 있다. 또한 기존의은닉 마르코프 모형(HMM)으로는 불가능했던 문맥의존언어 학습이 가능하다는 것이 밝혀졌다. GRU(Gated recurrent units,게이트 순환 유닛)은 2014년에 처음으로 발명된 구조다. 처음 발표된 형태로 적용되기도 하나, 간단하게 변용되는 경우도 많다.출력 게이트가 존재하지 않으므로, LSTM에 비해 더 적은 수의 매개변수를 가짐에도 불구하고다성음악학습이나 음성 인식 분야에서 LSTM과 유사한 성능을 가진다. 양방향(Bi-directional) 순환 신경망은 길이가 정해진 데이터 순열을 통해 어떤 값이 들어오기 전과 후의 정보를 모두 학습하는 방식의 알고리즘이다. 이를 위해 순열을 왼쪽에서 오른쪽으로 읽을 RNN 하나와, 오른쪽에서 왼쪽으로 읽을 RNN 하나를 필요로 한다.",2-1,은 망각 게이트(forget gate)의 정의를 설명해주세요.,LSTM은 망각 게이트(forget gate)라 부르는 게이트를 추가적으로 가진다.,definition
332,https://ko.wikipedia.org/wiki/%EC%88%9C%ED%99%98_%EC%8B%A0%EA%B2%BD%EB%A7%9D,"순환 신경망 - 위키백과, 우리 모두의 백과사전",단순 순환망,"LSTM은 망각 게이트(forget gate)라 부르는 게이트를 추가적으로 가진다.이 게이트를 통해 역전파시 기울기값이 급격하게 사라지거나 증가하는 문제를 방지할 수 있다.이로써 기존의 RNN은 먼 과거의 일로부터 학습하는 것이 산술적으로 거의 불가능했지만, LSTM은 수백만 단위 시간 전의 사건으로부터도 학습할 수 있음으로서 고주파 신호뿐 아니라 저주파 신호까지도 다룰 수 있게 되었고, 이는 곧 성능의 비약적 발전을 가져왔다.이로써 LSTM과 유사한 구조를 가진 신경망들도 많이 발표되고 있다. LSTM을 쌓은 뒤(영어:Connectionist temporal classification)로 이 신경망을 학습시키는 방식으로 실제 연구분야에 많이 사용되고 있다.특히 CTC는 정렬과 인식에서 좋은 결과를 가져다주고 있다. 또한 기존의은닉 마르코프 모형(HMM)으로는 불가능했던 문맥의존언어 학습이 가능하다는 것이 밝혀졌다. GRU(Gated recurrent units,게이트 순환 유닛)은 2014년에 처음으로 발명된 구조다. 처음 발표된 형태로 적용되기도 하나, 간단하게 변용되는 경우도 많다.출력 게이트가 존재하지 않으므로, LSTM에 비해 더 적은 수의 매개변수를 가짐에도 불구하고다성음악학습이나 음성 인식 분야에서 LSTM과 유사한 성능을 가진다. 양방향(Bi-directional) 순환 신경망은 길이가 정해진 데이터 순열을 통해 어떤 값이 들어오기 전과 후의 정보를 모두 학습하는 방식의 알고리즘이다. 이를 위해 순열을 왼쪽에서 오른쪽으로 읽을 RNN 하나와, 오른쪽에서 왼쪽으로 읽을 RNN 하나를 필요로 한다.",2-1,또한 기존의은닉 마르코프 모형(HMM)의 정의를 설명해주세요.,또한 기존의은닉 마르코프 모형(HMM)으로는 불가능했던 문맥의존언어 학습이 가능하다는 것이 밝혀졌다.,definition
333,https://ko.wikipedia.org/wiki/%EC%88%9C%ED%99%98_%EC%8B%A0%EA%B2%BD%EB%A7%9D,"순환 신경망 - 위키백과, 우리 모두의 백과사전",단순 순환망,"LSTM은 망각 게이트(forget gate)라 부르는 게이트를 추가적으로 가진다.이 게이트를 통해 역전파시 기울기값이 급격하게 사라지거나 증가하는 문제를 방지할 수 있다.이로써 기존의 RNN은 먼 과거의 일로부터 학습하는 것이 산술적으로 거의 불가능했지만, LSTM은 수백만 단위 시간 전의 사건으로부터도 학습할 수 있음으로서 고주파 신호뿐 아니라 저주파 신호까지도 다룰 수 있게 되었고, 이는 곧 성능의 비약적 발전을 가져왔다.이로써 LSTM과 유사한 구조를 가진 신경망들도 많이 발표되고 있다. LSTM을 쌓은 뒤(영어:Connectionist temporal classification)로 이 신경망을 학습시키는 방식으로 실제 연구분야에 많이 사용되고 있다.특히 CTC는 정렬과 인식에서 좋은 결과를 가져다주고 있다. 또한 기존의은닉 마르코프 모형(HMM)으로는 불가능했던 문맥의존언어 학습이 가능하다는 것이 밝혀졌다. GRU(Gated recurrent units,게이트 순환 유닛)은 2014년에 처음으로 발명된 구조다. 처음 발표된 형태로 적용되기도 하나, 간단하게 변용되는 경우도 많다.출력 게이트가 존재하지 않으므로, LSTM에 비해 더 적은 수의 매개변수를 가짐에도 불구하고다성음악학습이나 음성 인식 분야에서 LSTM과 유사한 성능을 가진다. 양방향(Bi-directional) 순환 신경망은 길이가 정해진 데이터 순열을 통해 어떤 값이 들어오기 전과 후의 정보를 모두 학습하는 방식의 알고리즘이다. 이를 위해 순열을 왼쪽에서 오른쪽으로 읽을 RNN 하나와, 오른쪽에서 왼쪽으로 읽을 RNN 하나를 필요로 한다.",2-1,2014년에 인공지능 분야에서 어떤 일이 있었나요?,"GRU(Gated recurrent units,게이트 순환 유닛)은 2014년에 처음으로 발명된 구조다.",temporal
334,https://ko.wikipedia.org/wiki/%EC%88%9C%ED%99%98_%EC%8B%A0%EA%B2%BD%EB%A7%9D,"순환 신경망 - 위키백과, 우리 모두의 백과사전",단순 순환망,이 둘의 출력값을 조합한 뒤 지도된 결과와 비교하여 학습하는 것이다. LSTM과 병용할 때 특히 좋은 성능을 낸다는 사실이 증명되었다. 순환 신경망의은 다음과 같은 분야에서 응용될 수 있다.,2-2,순환 신경망의 '단순 순환망'에서 다루는 핵심 내용은 무엇인가요?,이 둘의 출력값을 조합한 뒤 지도된 결과와 비교하여 학습하는 것이다. LSTM과 병용할 때 특히 좋은 성능을 낸다는 사실이 증명되었다. 순환 신경망의은 다음과 같은 분야에서 응용될 수 있다.,comprehension
335,https://ko.wikipedia.org/wiki/%EC%88%9C%ED%99%98_%EC%8B%A0%EA%B2%BD%EB%A7%9D,"순환 신경망 - 위키백과, 우리 모두의 백과사전",더 읽어보기,"Mandic, Danilo P. & Chambers, Jonathon A. (2001).《Recurrent Neural Networks for Prediction: Learning Algorithms, Architectures and Stability》. Wiley.ISBN978-0-471-49517-8.
Seq2SeqSharpLSTM/BiLSTM/Transformer recurrent neural networks framework running on CPUs and GPUs for sequence-to-sequence tasks (C#,.NET)
RNNSharpCRFs based on recurrent neural networks (C#,.NET)
Recurrent Neural Networkswith over 60 RNN papers byJürgen Schmidhuber's group atDalle Molle Institute for Artificial Intelligence Research
Elman Neural Network implementationforWEKA
Recurrent Neural Nets & LSTMs in Java보관됨2018-07-21 -웨이백 머신
an alternative try for complete RNN / Reward driven보관됨2018-03-24 -웨이백 머신",3-0,순환 신경망에서 '더 읽어보기'은(는) 무엇을 다루나요?,"Mandic, Danilo P. & Chambers, Jonathon A. (2001).《Recurrent Neural Networks for Prediction: Learning Algorithms, Architectures and Stability》. Wiley.ISBN978-0-471-49517-8.
Seq2SeqSharpLSTM/BiLSTM/Transformer recurrent neural networks framework running on CPUs and GPUs for sequence-to-sequence tasks (C#,.NET)
RNNSharpCRFs based on recurrent neural networks (C#,.NET)
Recurrent Neural Networkswith over 60 RNN papers byJürgen Schmidhuber's group atDalle Molle Institute for Artificial Intelligence Re",summarization
336,https://ko.wikipedia.org/wiki/%EC%83%9D%EC%84%B1%EC%A0%81_%EC%A0%81%EB%8C%80_%EC%8B%A0%EA%B2%BD%EB%A7%9D,"생성적 적대 신경망 - 위키백과, 우리 모두의 백과사전",개요,"생성적 적대 신경망(영어: Generative Adversarial Network,GAN)은기계 학습의 한 종류로, 주로 비지도 학습에 사용되는인공신경망모델의 한 프레임워크이다.2014년이언 굿펠로와 몬트리올 대학의 동료들이 처음 제안했다. GAN은 생성자와 구분자라는 두 개의 신경망이 서로 경쟁하는 독특한 구조를 가진다. 이 구조는 종종위조지폐를 만들려는 '위조지폐범'(생성자)과 이를 감별하려는 '경찰'(구분자)의 관계에 비유된다. 생성자는 실제 데이터와 구별할 수 없는 가짜 데이터를 생성하도록 학습하고, 구분자는 입력된 데이터가 실제 데이터인지 가짜 데이터인지 가능한 한 정확하게 판별하도록 학습한다. 이러한 적대적 경쟁 과정을 통해, 생성자는 점차 실제 데이터의 통계적 분포와 매우 유사한 데이터를 생성하는 능력을 갖추게 되며, 구분자의 판별 능력 또한 함께 향상된다. GAN은 특히컴퓨터 비전분야에서 사실적인 이미지 생성, 이미지 대 이미지 변환, 초해상화 등에서 획기적인 성과를 보여주었다. GAN은 2014년 몬트리올 대학의 박사 과정 학생이던이언 굿펠로에 의해 처음 고안되었다. 굿펠로는 친구들과 술집에서 학술적인 토론을 하던 중 이 아이디어를 떠올렸다고 알려져 있다. 그는 최대 가능도 추정의 어려움을 피하면서도 강력한 생성 모델을 만들 방법을 모색하고 있었다. 초기 아이디어는 '위조지폐범과 경찰'이라는게임 이론적 비유에서 시작되었다.",0-0,생성적 적대 신경망이란 무엇인가요?,"생성적 적대 신경망(영어: Generative Adversarial Network,GAN)은기계 학습의 한 종류로, 주로 비지도 학습에 사용되는인공신경망모델의 한 프레임워크이다.2014년이언 굿펠로와 몬트리올 대학의 동료들이 처음 제안했다. GAN은 생성자와 구분자라는 두 개의 신경망이 서로 경쟁하는 독특한 구조를 가진다. 이 구조는 종종위조지폐를 만들려는 '위조지폐범'(생성자)과 이를 감별하려는 '경찰'(구분자)의 관계에 비유된다. 생성자는 실제 데이터와 구별할 수 없는 가짜 데이터를 생성하도록 학습하고, 구분자는 입력된 데이터가 실제 데이터인지 가짜 데이터인지 가능한 한 정확하게 판별하도록 학습한다. 이러한 적대적 경쟁 과정을 통해, 생성자는 점차 실제 데이터의 통계적 분포와 매우 유사한 데이터를 생성하는 능력을 갖추게 되며, 구분자의 판별 능력 또한 함께 향상된다. GAN은 특히컴퓨터 비전분야에서 사실적인 이미지 생성, 이미지 대 이미지 변환, 초해상화 등에서 획기적인 성과를",summarization
337,https://ko.wikipedia.org/wiki/%EC%83%9D%EC%84%B1%EC%A0%81_%EC%A0%81%EB%8C%80_%EC%8B%A0%EA%B2%BD%EB%A7%9D,"생성적 적대 신경망 - 위키백과, 우리 모두의 백과사전",개요,"생성적 적대 신경망(영어: Generative Adversarial Network,GAN)은기계 학습의 한 종류로, 주로 비지도 학습에 사용되는인공신경망모델의 한 프레임워크이다.2014년이언 굿펠로와 몬트리올 대학의 동료들이 처음 제안했다. GAN은 생성자와 구분자라는 두 개의 신경망이 서로 경쟁하는 독특한 구조를 가진다. 이 구조는 종종위조지폐를 만들려는 '위조지폐범'(생성자)과 이를 감별하려는 '경찰'(구분자)의 관계에 비유된다. 생성자는 실제 데이터와 구별할 수 없는 가짜 데이터를 생성하도록 학습하고, 구분자는 입력된 데이터가 실제 데이터인지 가짜 데이터인지 가능한 한 정확하게 판별하도록 학습한다. 이러한 적대적 경쟁 과정을 통해, 생성자는 점차 실제 데이터의 통계적 분포와 매우 유사한 데이터를 생성하는 능력을 갖추게 되며, 구분자의 판별 능력 또한 함께 향상된다. GAN은 특히컴퓨터 비전분야에서 사실적인 이미지 생성, 이미지 대 이미지 변환, 초해상화 등에서 획기적인 성과를 보여주었다. GAN은 2014년 몬트리올 대학의 박사 과정 학생이던이언 굿펠로에 의해 처음 고안되었다. 굿펠로는 친구들과 술집에서 학술적인 토론을 하던 중 이 아이디어를 떠올렸다고 알려져 있다. 그는 최대 가능도 추정의 어려움을 피하면서도 강력한 생성 모델을 만들 방법을 모색하고 있었다. 초기 아이디어는 '위조지폐범과 경찰'이라는게임 이론적 비유에서 시작되었다.",0-0,2014년에 인공지능 분야에서 어떤 일이 있었나요?,2014년이언 굿펠로와 몬트리올 대학의 동료들이 처음 제안했다.,temporal
338,https://ko.wikipedia.org/wiki/%EC%83%9D%EC%84%B1%EC%A0%81_%EC%A0%81%EB%8C%80_%EC%8B%A0%EA%B2%BD%EB%A7%9D,"생성적 적대 신경망 - 위키백과, 우리 모두의 백과사전",개요,"굿펠로와 그의 동료들은 같은 해 6월 ""Generative Adversarial Networks""라는 제목의 논문을 신경정보처리시스템학회 (NIPS, 현 NeurIPS)에 제출하며 이 개념을 공식적으로 발표했다. 이 논문은딥러닝커뮤니티에 큰 반향을 일으켰다.메타 AI의 수석 과학자이자 2018년튜링상수상자인얀 르쿤교수는 GAN을 ""지난 10년간기계 학습분야에서 가장 흥미로운 아이디어""라고 극찬했다.",0-1,2018년에 인공지능 분야에서 어떤 일이 있었나요?,"메타 AI의 수석 과학자이자 2018년튜링상수상자인얀 르쿤교수는 GAN을 ""지난 10년간기계 학습분야에서 가장 흥미로운 아이디어""라고 극찬했다.",temporal
339,https://ko.wikipedia.org/wiki/%EC%83%9D%EC%84%B1%EC%A0%81_%EC%A0%81%EB%8C%80_%EC%8B%A0%EA%B2%BD%EB%A7%9D,"생성적 적대 신경망 - 위키백과, 우리 모두의 백과사전",구조 및 작동 원리,"GAN은 두 개의 개별적인인공신경망, 즉 생성자와 구분자로 구성된다. 생성자(G)는 가상의 데이터를 생성하는 역할을 한다. 이 네트워크는 일반적으로정규 분포나균등 분포를 따르는 저차원의 무작위 잡음 벡터를 입력으로 받는다. 이 입력 벡터를 잠재 벡터(z{\displaystyle z})라고 부르며, 이 벡터가 존재하는 공간을 잠재 공간이라고 한다. 생성자의 임무는 이 잠재 벡터z{\displaystyle z}를 실제 데이터(예: 이미지)와 유사한 형태의 데이터G(z){\displaystyle G(z)}로 변환(매핑)하는 것이다. 생성자는 학습 초기에는 의미 없는 잡음과 같은 결과물을 만들지만, 학습이 진행됨에 따라 점차 실제 데이터와 구별하기 어려운 정교한 결과물을 생성하도록 업데이트된다. 구분자(D)는이진 분류기 역할을 하는 신경망이다. 구분자는 특정 데이터x{\displaystyle x}를 입력받아, 이 데이터가 훈련 데이터셋에서 가져온 실제 데이터인지, 아니면 생성자(G)가 만들어낸 가짜 데이터인지 판별한다. 구분자는 실제 데이터x{\displaystyle x}에 대해서는 1 (또는 1에 가까운 값,D(x)≈1{\displaystyle D(x)\approx 1})을 출력하고, 생성자가 만든 가짜 데이터G(z){\displaystyle G(z)}에 대해서는 0 (또는 0에 가까운 값,D(G(z))≈0{\displaystyle D(G(z))\approx 0})을 출력하도록 학습된다. 즉, 구분자의 출력D(x){\displaystyle D(x)}는 입력x{\displaystyle x}가 실제일 확률을 나타낸다.",1-0,생성적 적대 신경망에서 '구조 및 작동 원리'은(는) 무엇을 다루나요?,"GAN은 두 개의 개별적인인공신경망, 즉 생성자와 구분자로 구성된다. 생성자(G)는 가상의 데이터를 생성하는 역할을 한다. 이 네트워크는 일반적으로정규 분포나균등 분포를 따르는 저차원의 무작위 잡음 벡터를 입력으로 받는다. 이 입력 벡터를 잠재 벡터(z{\displaystyle z})라고 부르며, 이 벡터가 존재하는 공간을 잠재 공간이라고 한다. 생성자의 임무는 이 잠재 벡터z{\displaystyle z}를 실제 데이터(예: 이미지)와 유사한 형태의 데이터G(z){\displaystyle G(z)}로 변환(매핑)하는 것이다. 생성자는 학습 초기에는 의미 없는 잡음과 같은 결과물을 만들지만, 학습이 진행됨에 따라 점차 실제 데이터와 구별하기 어려운 정교한 결과물을 생성하도록 업데이트된다. 구분자(D)는이진 분류기 역할을 하는 신경망이다. 구분자는 특정 데이터x{\displaystyle x}를 입력받아, 이 데이터가 훈련 데이터셋에서 가져온 실제 데이터인지, 아니면 생성자(G)가 만들",summarization
340,https://ko.wikipedia.org/wiki/%EC%83%9D%EC%84%B1%EC%A0%81_%EC%A0%81%EB%8C%80_%EC%8B%A0%EA%B2%BD%EB%A7%9D,"생성적 적대 신경망 - 위키백과, 우리 모두의 백과사전",구조 및 작동 원리,"GAN은 두 개의 개별적인인공신경망, 즉 생성자와 구분자로 구성된다. 생성자(G)는 가상의 데이터를 생성하는 역할을 한다. 이 네트워크는 일반적으로정규 분포나균등 분포를 따르는 저차원의 무작위 잡음 벡터를 입력으로 받는다. 이 입력 벡터를 잠재 벡터(z{\displaystyle z})라고 부르며, 이 벡터가 존재하는 공간을 잠재 공간이라고 한다. 생성자의 임무는 이 잠재 벡터z{\displaystyle z}를 실제 데이터(예: 이미지)와 유사한 형태의 데이터G(z){\displaystyle G(z)}로 변환(매핑)하는 것이다. 생성자는 학습 초기에는 의미 없는 잡음과 같은 결과물을 만들지만, 학습이 진행됨에 따라 점차 실제 데이터와 구별하기 어려운 정교한 결과물을 생성하도록 업데이트된다. 구분자(D)는이진 분류기 역할을 하는 신경망이다. 구분자는 특정 데이터x{\displaystyle x}를 입력받아, 이 데이터가 훈련 데이터셋에서 가져온 실제 데이터인지, 아니면 생성자(G)가 만들어낸 가짜 데이터인지 판별한다. 구분자는 실제 데이터x{\displaystyle x}에 대해서는 1 (또는 1에 가까운 값,D(x)≈1{\displaystyle D(x)\approx 1})을 출력하고, 생성자가 만든 가짜 데이터G(z){\displaystyle G(z)}에 대해서는 0 (또는 0에 가까운 값,D(G(z))≈0{\displaystyle D(G(z))\approx 0})을 출력하도록 학습된다. 즉, 구분자의 출력D(x){\displaystyle D(x)}는 입력x{\displaystyle x}가 실제일 확률을 나타낸다.",1-0,생성자(G)의 정의를 설명해주세요.,생성자(G)는 가상의 데이터를 생성하는 역할을 한다.,definition
341,https://ko.wikipedia.org/wiki/%EC%83%9D%EC%84%B1%EC%A0%81_%EC%A0%81%EB%8C%80_%EC%8B%A0%EA%B2%BD%EB%A7%9D,"생성적 적대 신경망 - 위키백과, 우리 모두의 백과사전",구조 및 작동 원리,"GAN은 두 개의 개별적인인공신경망, 즉 생성자와 구분자로 구성된다. 생성자(G)는 가상의 데이터를 생성하는 역할을 한다. 이 네트워크는 일반적으로정규 분포나균등 분포를 따르는 저차원의 무작위 잡음 벡터를 입력으로 받는다. 이 입력 벡터를 잠재 벡터(z{\displaystyle z})라고 부르며, 이 벡터가 존재하는 공간을 잠재 공간이라고 한다. 생성자의 임무는 이 잠재 벡터z{\displaystyle z}를 실제 데이터(예: 이미지)와 유사한 형태의 데이터G(z){\displaystyle G(z)}로 변환(매핑)하는 것이다. 생성자는 학습 초기에는 의미 없는 잡음과 같은 결과물을 만들지만, 학습이 진행됨에 따라 점차 실제 데이터와 구별하기 어려운 정교한 결과물을 생성하도록 업데이트된다. 구분자(D)는이진 분류기 역할을 하는 신경망이다. 구분자는 특정 데이터x{\displaystyle x}를 입력받아, 이 데이터가 훈련 데이터셋에서 가져온 실제 데이터인지, 아니면 생성자(G)가 만들어낸 가짜 데이터인지 판별한다. 구분자는 실제 데이터x{\displaystyle x}에 대해서는 1 (또는 1에 가까운 값,D(x)≈1{\displaystyle D(x)\approx 1})을 출력하고, 생성자가 만든 가짜 데이터G(z){\displaystyle G(z)}에 대해서는 0 (또는 0에 가까운 값,D(G(z))≈0{\displaystyle D(G(z))\approx 0})을 출력하도록 학습된다. 즉, 구분자의 출력D(x){\displaystyle D(x)}는 입력x{\displaystyle x}가 실제일 확률을 나타낸다.",1-0,구분자(D)의 정의를 설명해주세요.,구분자(D)는이진 분류기 역할을 하는 신경망이다.,definition
342,https://ko.wikipedia.org/wiki/%EC%83%9D%EC%84%B1%EC%A0%81_%EC%A0%81%EB%8C%80_%EC%8B%A0%EA%B2%BD%EB%A7%9D,"생성적 적대 신경망 - 위키백과, 우리 모두의 백과사전",구조 및 작동 원리,"GAN은 두 개의 개별적인인공신경망, 즉 생성자와 구분자로 구성된다. 생성자(G)는 가상의 데이터를 생성하는 역할을 한다. 이 네트워크는 일반적으로정규 분포나균등 분포를 따르는 저차원의 무작위 잡음 벡터를 입력으로 받는다. 이 입력 벡터를 잠재 벡터(z{\displaystyle z})라고 부르며, 이 벡터가 존재하는 공간을 잠재 공간이라고 한다. 생성자의 임무는 이 잠재 벡터z{\displaystyle z}를 실제 데이터(예: 이미지)와 유사한 형태의 데이터G(z){\displaystyle G(z)}로 변환(매핑)하는 것이다. 생성자는 학습 초기에는 의미 없는 잡음과 같은 결과물을 만들지만, 학습이 진행됨에 따라 점차 실제 데이터와 구별하기 어려운 정교한 결과물을 생성하도록 업데이트된다. 구분자(D)는이진 분류기 역할을 하는 신경망이다. 구분자는 특정 데이터x{\displaystyle x}를 입력받아, 이 데이터가 훈련 데이터셋에서 가져온 실제 데이터인지, 아니면 생성자(G)가 만들어낸 가짜 데이터인지 판별한다. 구분자는 실제 데이터x{\displaystyle x}에 대해서는 1 (또는 1에 가까운 값,D(x)≈1{\displaystyle D(x)\approx 1})을 출력하고, 생성자가 만든 가짜 데이터G(z){\displaystyle G(z)}에 대해서는 0 (또는 0에 가까운 값,D(G(z))≈0{\displaystyle D(G(z))\approx 0})을 출력하도록 학습된다. 즉, 구분자의 출력D(x){\displaystyle D(x)}는 입력x{\displaystyle x}가 실제일 확률을 나타낸다.",1-0,아니면 생성자(G)의 정의를 설명해주세요.,"구분자는 특정 데이터x{\displaystyle x}를 입력받아, 이 데이터가 훈련 데이터셋에서 가져온 실제 데이터인지, 아니면 생성자(G)가 만들어낸 가짜 데이터인지 판별한다.",definition
343,https://ko.wikipedia.org/wiki/%EC%83%9D%EC%84%B1%EC%A0%81_%EC%A0%81%EB%8C%80_%EC%8B%A0%EA%B2%BD%EB%A7%9D,"생성적 적대 신경망 - 위키백과, 우리 모두의 백과사전",구조 및 작동 원리,"GAN의 학습은 생성자(G)와 구분자(D)가 서로 경쟁하는제로섬 게임으로 볼 수 있다. 이 학습 과정은 다음과 같은 최소최대 목적 함수V(D,G){\displaystyle V(D,G)}를 통해 공식화된다. 이 수식의 의미는 다음과 같다. Ex∼pdata(x)[log⁡D(x)]{\displaystyle \mathbb {E} _{x\sim p_{\text{data}}(x)}[\log D(x)]}: 실제 데이터x{\displaystyle x}가 입력되었을 때, 구분자가D(x){\displaystyle D(x)}를 1(실제)로 판별할 확률을 최대화한다. Ez∼pz(z)[log⁡(1−D(G(z)))]{\displaystyle \mathbb {E} _{z\sim p_{z}(z)}[\log(1-D(G(z)))]}: 생성자가 만든 가짜 데이터G(z){\displaystyle G(z)}가 입력되었을 때, 구분자가D(G(z)){\displaystyle D(G(z))}를 0(가짜)으로 판별할 확률(즉,1−D(G(z)){\displaystyle 1-D(G(z))})을 최대화한다. 학습은 두 단계로 나뉘어 반복적으로 수행된다. 첫 번째 단계는 구분자(D) 학습으로, 생성자(G)의 가중치를 고정한 채, 실제 데이터 배치와 생성된 가짜 데이터 배치를 구분자에 입력한다. 구분자는 실제 데이터는 1로, 가짜 데이터는 0으로 정확히 분류하도록 학습되며, 즉 위 목적 함수V(D,G){\displaystyle V(D,G)}를 최대화하도록 가중치를 업데이트한다.",1-1,의 학습은 생성자(G)의 정의를 설명해주세요.,GAN의 학습은 생성자(G)와 구분자(D)가 서로 경쟁하는제로섬 게임으로 볼 수 있다.,definition
344,https://ko.wikipedia.org/wiki/%EC%83%9D%EC%84%B1%EC%A0%81_%EC%A0%81%EB%8C%80_%EC%8B%A0%EA%B2%BD%EB%A7%9D,"생성적 적대 신경망 - 위키백과, 우리 모두의 백과사전",구조 및 작동 원리,"GAN의 학습은 생성자(G)와 구분자(D)가 서로 경쟁하는제로섬 게임으로 볼 수 있다. 이 학습 과정은 다음과 같은 최소최대 목적 함수V(D,G){\displaystyle V(D,G)}를 통해 공식화된다. 이 수식의 의미는 다음과 같다. Ex∼pdata(x)[log⁡D(x)]{\displaystyle \mathbb {E} _{x\sim p_{\text{data}}(x)}[\log D(x)]}: 실제 데이터x{\displaystyle x}가 입력되었을 때, 구분자가D(x){\displaystyle D(x)}를 1(실제)로 판별할 확률을 최대화한다. Ez∼pz(z)[log⁡(1−D(G(z)))]{\displaystyle \mathbb {E} _{z\sim p_{z}(z)}[\log(1-D(G(z)))]}: 생성자가 만든 가짜 데이터G(z){\displaystyle G(z)}가 입력되었을 때, 구분자가D(G(z)){\displaystyle D(G(z))}를 0(가짜)으로 판별할 확률(즉,1−D(G(z)){\displaystyle 1-D(G(z))})을 최대화한다. 학습은 두 단계로 나뉘어 반복적으로 수행된다. 첫 번째 단계는 구분자(D) 학습으로, 생성자(G)의 가중치를 고정한 채, 실제 데이터 배치와 생성된 가짜 데이터 배치를 구분자에 입력한다. 구분자는 실제 데이터는 1로, 가짜 데이터는 0으로 정확히 분류하도록 학습되며, 즉 위 목적 함수V(D,G){\displaystyle V(D,G)}를 최대화하도록 가중치를 업데이트한다.",1-1,와 구분자(D)의 정의를 설명해주세요.,GAN의 학습은 생성자(G)와 구분자(D)가 서로 경쟁하는제로섬 게임으로 볼 수 있다.,definition
345,https://ko.wikipedia.org/wiki/%EC%83%9D%EC%84%B1%EC%A0%81_%EC%A0%81%EB%8C%80_%EC%8B%A0%EA%B2%BD%EB%A7%9D,"생성적 적대 신경망 - 위키백과, 우리 모두의 백과사전",구조 및 작동 원리,"GAN의 학습은 생성자(G)와 구분자(D)가 서로 경쟁하는제로섬 게임으로 볼 수 있다. 이 학습 과정은 다음과 같은 최소최대 목적 함수V(D,G){\displaystyle V(D,G)}를 통해 공식화된다. 이 수식의 의미는 다음과 같다. Ex∼pdata(x)[log⁡D(x)]{\displaystyle \mathbb {E} _{x\sim p_{\text{data}}(x)}[\log D(x)]}: 실제 데이터x{\displaystyle x}가 입력되었을 때, 구분자가D(x){\displaystyle D(x)}를 1(실제)로 판별할 확률을 최대화한다. Ez∼pz(z)[log⁡(1−D(G(z)))]{\displaystyle \mathbb {E} _{z\sim p_{z}(z)}[\log(1-D(G(z)))]}: 생성자가 만든 가짜 데이터G(z){\displaystyle G(z)}가 입력되었을 때, 구분자가D(G(z)){\displaystyle D(G(z))}를 0(가짜)으로 판별할 확률(즉,1−D(G(z)){\displaystyle 1-D(G(z))})을 최대화한다. 학습은 두 단계로 나뉘어 반복적으로 수행된다. 첫 번째 단계는 구분자(D) 학습으로, 생성자(G)의 가중치를 고정한 채, 실제 데이터 배치와 생성된 가짜 데이터 배치를 구분자에 입력한다. 구분자는 실제 데이터는 1로, 가짜 데이터는 0으로 정확히 분류하도록 학습되며, 즉 위 목적 함수V(D,G){\displaystyle V(D,G)}를 최대화하도록 가중치를 업데이트한다.",1-1,첫 번째 단계는 구분자(D)의 정의를 설명해주세요.,"첫 번째 단계는 구분자(D) 학습으로, 생성자(G)의 가중치를 고정한 채, 실제 데이터 배치와 생성된 가짜 데이터 배치를 구분자에 입력한다.",definition
346,https://ko.wikipedia.org/wiki/%EC%83%9D%EC%84%B1%EC%A0%81_%EC%A0%81%EB%8C%80_%EC%8B%A0%EA%B2%BD%EB%A7%9D,"생성적 적대 신경망 - 위키백과, 우리 모두의 백과사전",구조 및 작동 원리,"두 번째 단계는 생성자(G) 학습으로, 구분자(D)의 가중치를 고정한 채, 새로운 잠재 벡터z{\displaystyle z}로부터 가짜 데이터G(z){\displaystyle G(z)}를 생성하여 구분자에 입력한다. 생성자는 구분자가 이 가짜 데이터를 1(실제)로 잘못 판별하도록 학습되며, 즉D(G(z)){\displaystyle D(G(z))}를 1로 만드는 방향으로, 또는log⁡(1−D(G(z))){\displaystyle \log(1-D(G(z)))}값을 최소화하도록 가중치를 업데이트한다. 이론적으로 이 경쟁 과정이 안정적으로 수렴하면, 생성자는 실제 데이터의 분포pdata{\displaystyle p_{\text{data}}}를 완벽하게 모방하게 되고, 구분자는 어떤 데이터가 입력되든 실제인지 가짜인지 판별할 확률이 50% (D(x)=D(G(z))=0.5{\displaystyle D(x)=D(G(z))=0.5})가 되는내시 균형상태에 도달한다.",1-2,두 번째 단계는 생성자(G)의 정의를 설명해주세요.,"두 번째 단계는 생성자(G) 학습으로, 구분자(D)의 가중치를 고정한 채, 새로운 잠재 벡터z{\displaystyle z}로부터 가짜 데이터G(z){\displaystyle G(z)}를 생성하여 구분자에 입력한다.",definition
347,https://ko.wikipedia.org/wiki/%EC%83%9D%EC%84%B1%EC%A0%81_%EC%A0%81%EB%8C%80_%EC%8B%A0%EA%B2%BD%EB%A7%9D,"생성적 적대 신경망 - 위키백과, 우리 모두의 백과사전",구조 및 작동 원리,"두 번째 단계는 생성자(G) 학습으로, 구분자(D)의 가중치를 고정한 채, 새로운 잠재 벡터z{\displaystyle z}로부터 가짜 데이터G(z){\displaystyle G(z)}를 생성하여 구분자에 입력한다. 생성자는 구분자가 이 가짜 데이터를 1(실제)로 잘못 판별하도록 학습되며, 즉D(G(z)){\displaystyle D(G(z))}를 1로 만드는 방향으로, 또는log⁡(1−D(G(z))){\displaystyle \log(1-D(G(z)))}값을 최소화하도록 가중치를 업데이트한다. 이론적으로 이 경쟁 과정이 안정적으로 수렴하면, 생성자는 실제 데이터의 분포pdata{\displaystyle p_{\text{data}}}를 완벽하게 모방하게 되고, 구분자는 어떤 데이터가 입력되든 실제인지 가짜인지 판별할 확률이 50% (D(x)=D(G(z))=0.5{\displaystyle D(x)=D(G(z))=0.5})가 되는내시 균형상태에 도달한다.",1-2,구분자(D)의 정의를 설명해주세요.,"두 번째 단계는 생성자(G) 학습으로, 구분자(D)의 가중치를 고정한 채, 새로운 잠재 벡터z{\displaystyle z}로부터 가짜 데이터G(z){\displaystyle G(z)}를 생성하여 구분자에 입력한다.",definition
348,https://ko.wikipedia.org/wiki/%EC%83%9D%EC%84%B1%EC%A0%81_%EC%A0%81%EB%8C%80_%EC%8B%A0%EA%B2%BD%EB%A7%9D,"생성적 적대 신경망 - 위키백과, 우리 모두의 백과사전",심층 합성곱 GAN,"2015년 제안된 DCGAN (Deep Convolutional GAN)은 GAN의 구조에합성곱 신경망구조를 성공적으로 적용한 모델이다.DCGAN은 불안정한 GAN 학습을 안정화하기 위한 몇 가지 아키텍처 지침을 제시했으며, 이는 이후 GAN 기반 이미지 생성 모델의 표준이 되었다. 구체적으로, 생성자에서는 전치 합성곱을 사용하여 이미지를 업샘플링하고, 구분자에서는 스트라이드 합성곱을 사용하여 다운샘플링한다. 또한 풀링 레이어를 제거하고, 생성자와 구분자 양쪽에배치 정규화를 사용하여 학습을 안정화했다.",2-0,생성적 적대 신경망에서 '심층 합성곱 GAN'은(는) 무엇을 다루나요?,"2015년 제안된 DCGAN (Deep Convolutional GAN)은 GAN의 구조에합성곱 신경망구조를 성공적으로 적용한 모델이다.DCGAN은 불안정한 GAN 학습을 안정화하기 위한 몇 가지 아키텍처 지침을 제시했으며, 이는 이후 GAN 기반 이미지 생성 모델의 표준이 되었다. 구체적으로, 생성자에서는 전치 합성곱을 사용하여 이미지를 업샘플링하고, 구분자에서는 스트라이드 합성곱을 사용하여 다운샘플링한다. 또한 풀링 레이어를 제거하고, 생성자와 구분자 양쪽에배치 정규화를 사용하여 학습을 안정화했다.",summarization
349,https://ko.wikipedia.org/wiki/%EC%83%9D%EC%84%B1%EC%A0%81_%EC%A0%81%EB%8C%80_%EC%8B%A0%EA%B2%BD%EB%A7%9D,"생성적 적대 신경망 - 위키백과, 우리 모두의 백과사전",심층 합성곱 GAN,"2015년 제안된 DCGAN (Deep Convolutional GAN)은 GAN의 구조에합성곱 신경망구조를 성공적으로 적용한 모델이다.DCGAN은 불안정한 GAN 학습을 안정화하기 위한 몇 가지 아키텍처 지침을 제시했으며, 이는 이후 GAN 기반 이미지 생성 모델의 표준이 되었다. 구체적으로, 생성자에서는 전치 합성곱을 사용하여 이미지를 업샘플링하고, 구분자에서는 스트라이드 합성곱을 사용하여 다운샘플링한다. 또한 풀링 레이어를 제거하고, 생성자와 구분자 양쪽에배치 정규화를 사용하여 학습을 안정화했다.",2-0,2015년에 인공지능 분야에서 어떤 일이 있었나요?,2015년 제안된 DCGAN (Deep Convolutional GAN)은 GAN의 구조에합성곱 신경망구조를 성공적으로 적용한 모델이다.,temporal
350,https://ko.wikipedia.org/wiki/%EC%83%9D%EC%84%B1%EC%A0%81_%EC%A0%81%EB%8C%80_%EC%8B%A0%EA%B2%BD%EB%A7%9D,"생성적 적대 신경망 - 위키백과, 우리 모두의 백과사전",조건부 GAN,"CGAN (Conditional GAN)은 생성 과정에 추가적인 '조건' 정보y{\displaystyle y}(예: 클래스 레이블, 텍스트 설명, 다른 이미지 등)를 함께 입력하는 모델이다.생성자와 구분자 모두 이 조건y{\displaystyle y}를 입력받아,p(x|y){\displaystyle p(x|y)}와 같이 특정 조건에 맞는 데이터를 생성하도록 학습된다. 예를 들어, ""숫자 7""이라는 레이블을 주면 숫자 7의 이미지를 생성하도록 할 수 있다.",3-0,생성적 적대 신경망에서 '조건부 GAN'은(는) 무엇을 다루나요?,"CGAN (Conditional GAN)은 생성 과정에 추가적인 '조건' 정보y{\displaystyle y}(예: 클래스 레이블, 텍스트 설명, 다른 이미지 등)를 함께 입력하는 모델이다.생성자와 구분자 모두 이 조건y{\displaystyle y}를 입력받아,p(x|y){\displaystyle p(x|y)}와 같이 특정 조건에 맞는 데이터를 생성하도록 학습된다. 예를 들어, ""숫자 7""이라는 레이블을 주면 숫자 7의 이미지를 생성하도록 할 수 있다.",summarization
351,https://ko.wikipedia.org/wiki/%EC%83%9D%EC%84%B1%EC%A0%81_%EC%A0%81%EB%8C%80_%EC%8B%A0%EA%B2%BD%EB%A7%9D,"생성적 적대 신경망 - 위키백과, 우리 모두의 백과사전",바서슈타인 GAN,WGAN (Wasserstein GAN)은 기존 GAN의 불안정한 학습 과정과 모드 붕괴 문제를 해결하기 위해 제안되었다.WGAN은 두 확률 분포 간의 거리를 측정하는 척도로 바서슈타인 거리 (또는 Earth-Mover's distance)를 사용한다. 이는 기존 GAN이 사용하던JS 발산보다 더 안정적인 학습 신호(그레이디언트)를 제공하여 학습을 크게 안정시켰다.,4-0,생성적 적대 신경망에서 '바서슈타인 GAN'은(는) 무엇을 다루나요?,WGAN (Wasserstein GAN)은 기존 GAN의 불안정한 학습 과정과 모드 붕괴 문제를 해결하기 위해 제안되었다.WGAN은 두 확률 분포 간의 거리를 측정하는 척도로 바서슈타인 거리 (또는 Earth-Mover's distance)를 사용한다. 이는 기존 GAN이 사용하던JS 발산보다 더 안정적인 학습 신호(그레이디언트)를 제공하여 학습을 크게 안정시켰다.,summarization
352,https://ko.wikipedia.org/wiki/%EC%83%9D%EC%84%B1%EC%A0%81_%EC%A0%81%EB%8C%80_%EC%8B%A0%EA%B2%BD%EB%A7%9D,"생성적 적대 신경망 - 위키백과, 우리 모두의 백과사전",CycleGAN,"CycleGAN은 2017년 발표된 모델로, 쌍을 이루지 않은 데이터셋 간의 이미지 대 이미지 변환을 가능하게 했다.예를 들어, 특정 화가의 화풍 이미지를 모네의 그림과 정확히 짝이 맞는 사진 없이도 학습할 수 있다. 이는 '도메인 A'의 이미지를 '도메인 B'로 변환했다가 다시 '도메인 A'로 복원했을 때 원본과 유사해야 한다는 순환 일관성 손실 개념을 도입하여 가능해졌다.",5-0,생성적 적대 신경망에서 'CycleGAN'은(는) 무엇을 다루나요?,"CycleGAN은 2017년 발표된 모델로, 쌍을 이루지 않은 데이터셋 간의 이미지 대 이미지 변환을 가능하게 했다.예를 들어, 특정 화가의 화풍 이미지를 모네의 그림과 정확히 짝이 맞는 사진 없이도 학습할 수 있다. 이는 '도메인 A'의 이미지를 '도메인 B'로 변환했다가 다시 '도메인 A'로 복원했을 때 원본과 유사해야 한다는 순환 일관성 손실 개념을 도입하여 가능해졌다.",summarization
353,https://ko.wikipedia.org/wiki/%EC%83%9D%EC%84%B1%EC%A0%81_%EC%A0%81%EB%8C%80_%EC%8B%A0%EA%B2%BD%EB%A7%9D,"생성적 적대 신경망 - 위키백과, 우리 모두의 백과사전",CycleGAN,"CycleGAN은 2017년 발표된 모델로, 쌍을 이루지 않은 데이터셋 간의 이미지 대 이미지 변환을 가능하게 했다.예를 들어, 특정 화가의 화풍 이미지를 모네의 그림과 정확히 짝이 맞는 사진 없이도 학습할 수 있다. 이는 '도메인 A'의 이미지를 '도메인 B'로 변환했다가 다시 '도메인 A'로 복원했을 때 원본과 유사해야 한다는 순환 일관성 손실 개념을 도입하여 가능해졌다.",5-0,2017년에 인공지능 분야에서 어떤 일이 있었나요?,"CycleGAN은 2017년 발표된 모델로, 쌍을 이루지 않은 데이터셋 간의 이미지 대 이미지 변환을 가능하게 했다.",temporal
354,https://ko.wikipedia.org/wiki/%EC%83%9D%EC%84%B1%EC%A0%81_%EC%A0%81%EB%8C%80_%EC%8B%A0%EA%B2%BD%EB%A7%9D,"생성적 적대 신경망 - 위키백과, 우리 모두의 백과사전",StyleGAN,"StyleGAN은엔비디아에서 개발한 모델로, 극도로 사실적인 고해상도 인물 얼굴 이미지를 생성하는 것으로 유명하다.StyleGAN은 잠재 벡터z{\displaystyle z}를 바로 입력하는 대신, 여러 층에 걸쳐 '스타일' 정보로 변환하여 주입하는 '스타일 기반' 생성자 구조를 사용한다. 이를 통해 생성된 이미지의 세부적인 속성(예: 머리 스타일, 성별, 연령)을 높은 수준에서 제어할 수 있게 되었다. GAN은 다양한 분야에서 놀라운 결과물을 만들어내고 있다. 가장 대표적인 응용 분야는 이미지 생성 및 편집으로, StyleGAN을 이용한 가상 인물 생성이나 생성된 이미지의 특정 속성(예: 웃는 표정, 머리색)을 편집하는 데 사용된다. 또한, Pix2Pix나 CycleGAN 같은 모델을 사용하여 스케치를 사진으로, 낮 사진을 밤 사진으로, 위성 이미지를 지도 이미지로 변환하는 등의 이미지 대 이미지 변환 작업도 수행한다. 이 외에도 다양한 컴퓨터 비전 작업에 활용되는데, SRGAN과 같이 저해상도 이미지를 선명한 고해상도 이미지로 복원하는 초해상화나, 이미지의 일부가 손상되거나 가려졌을 때 주변 맥락을 이용해 비어있는 부분을 자연스럽게 채워 넣는 인페인팅 등이 있다. 특히 의료 영상과 같이 데이터 수집이 어려운 분야에서는 데이터 증강을 목적으로 GAN을 이용해 실제와 유사한 데이터를 대량 생성하여인공지능모델의 학습 데이터로 활용한다.",6-0,생성적 적대 신경망에서 'StyleGAN'은(는) 무엇을 다루나요?,"StyleGAN은엔비디아에서 개발한 모델로, 극도로 사실적인 고해상도 인물 얼굴 이미지를 생성하는 것으로 유명하다.StyleGAN은 잠재 벡터z{\displaystyle z}를 바로 입력하는 대신, 여러 층에 걸쳐 '스타일' 정보로 변환하여 주입하는 '스타일 기반' 생성자 구조를 사용한다. 이를 통해 생성된 이미지의 세부적인 속성(예: 머리 스타일, 성별, 연령)을 높은 수준에서 제어할 수 있게 되었다. GAN은 다양한 분야에서 놀라운 결과물을 만들어내고 있다. 가장 대표적인 응용 분야는 이미지 생성 및 편집으로, StyleGAN을 이용한 가상 인물 생성이나 생성된 이미지의 특정 속성(예: 웃는 표정, 머리색)을 편집하는 데 사용된다. 또한, Pix2Pix나 CycleGAN 같은 모델을 사용하여 스케치를 사진으로, 낮 사진을 밤 사진으로, 위성 이미지를 지도 이미지로 변환하는 등의 이미지 대 이미지 변환 작업도 수행한다. 이 외에도 다양한 컴퓨터 비전 작업에 활용되는데, SRGAN과",summarization
355,https://ko.wikipedia.org/wiki/%EC%83%9D%EC%84%B1%EC%A0%81_%EC%A0%81%EB%8C%80_%EC%8B%A0%EA%B2%BD%EB%A7%9D,"생성적 적대 신경망 - 위키백과, 우리 모두의 백과사전",StyleGAN,"GAN의 응용은 시각 데이터를 넘어 비전 외 분야로도 확장되고 있다.DALL-E와 같은 현대 모델의 초기 기반(예: AttnGAN)으로 사용되어, ""빨간 모자를 쓴 아보카도""와 같은 텍스트 설명을 이미지로 생성하는 텍스트-이미지 생성, 새로운 멜로디를 작곡하거나 특정 인물의 목소리를 합성하는 음악 및 음성 생성, 2D 이미지를 기반으로 3D 모델 생성, 그리고 특정 속성을 가진 새로운 분자 구조를 생성하는 신약 개발 등에도 활용된다.",6-1,생성적 적대 신경망의 'StyleGAN'에서 다루는 핵심 내용은 무엇인가요?,"GAN의 응용은 시각 데이터를 넘어 비전 외 분야로도 확장되고 있다.DALL-E와 같은 현대 모델의 초기 기반(예: AttnGAN)으로 사용되어, ""빨간 모자를 쓴 아보카도""와 같은 텍스트 설명을 이미지로 생성하는 텍스트-이미지 생성, 새로운 멜로디를 작곡하거나 특정 인물의 목소리를 합성하는 음악 및 음성 생성, 2D 이미지를 기반으로 3D 모델 생성, 그리고 특정 속성을 가진 새로운 분자 구조를 생성하는 신약 개발 등에도 활용된다.",comprehension
356,https://ko.wikipedia.org/wiki/%EC%83%9D%EC%84%B1%EC%A0%81_%EC%A0%81%EB%8C%80_%EC%8B%A0%EA%B2%BD%EB%A7%9D,"생성적 적대 신경망 - 위키백과, 우리 모두의 백과사전",한계점 및 과제,"GAN은 강력한 기술이지만 여러 고질적인 문제점을 안고 있다.
첫째로 학습 불안정성이 크다. 생성자와 구분자 간의 학습 균형을 맞추는 것이 매우 어려워, 한쪽이 다른 쪽보다 너무 빠르게 학습하면(예: 구분자가 너무 뛰어나서 생성자가 생성한 족족 0으로 판별하면) 생성자가 학습할 신호(그레이디언트)가 사라져 학습이 실패할 수 있다 (기울기 소실 문제).
둘째는 모드 붕괴 (Mode Collapse) 현상이다. 이는 생성자가 구분자를 속이기 가장 쉬운, 특정 소수의 결과물만을 생성하게 되는 현상으로, 예를 들어 다양한 인물 얼굴을 생성하도록 학습했지만 한두 가지 특정 얼굴 형태만 반복해서 생성하는 경우이다. 이는 생성된 결과물의 다양성을 심각하게 저해한다.
마지막으로, 생성된 결과물의 품질을 객관적으로 평가하기 어려운 정량적 평가의 어려움이 있다. 생성된 이미지가 '얼마나 사실적인지'와 '얼마나 다양한지'를 측정하기 위해 인셉션 스코어나 프레셰 인셉션 거리와 같은 척도가 사용되지만, 이들 역시 완벽하지 않으며 인간의 주관적인 평가와 다를 수 있다.",7-0,생성적 적대 신경망에서 '한계점 및 과제'은(는) 무엇을 다루나요?,"GAN은 강력한 기술이지만 여러 고질적인 문제점을 안고 있다.
첫째로 학습 불안정성이 크다. 생성자와 구분자 간의 학습 균형을 맞추는 것이 매우 어려워, 한쪽이 다른 쪽보다 너무 빠르게 학습하면(예: 구분자가 너무 뛰어나서 생성자가 생성한 족족 0으로 판별하면) 생성자가 학습할 신호(그레이디언트)가 사라져 학습이 실패할 수 있다 (기울기 소실 문제).
둘째는 모드 붕괴 (Mode Collapse) 현상이다. 이는 생성자가 구분자를 속이기 가장 쉬운, 특정 소수의 결과물만을 생성하게 되는 현상으로, 예를 들어 다양한 인물 얼굴을 생성하도록 학습했지만 한두 가지 특정 얼굴 형태만 반복해서 생성하는 경우이다. 이는 생성된 결과물의 다양성을 심각하게 저해한다.
마지막으로, 생성된 결과물의 품질을 객관적으로 평가하기 어려운 정량적 평가의 어려움이 있다. 생성된 이미지가 '얼마나 사실적인지'와 '얼마나 다양한지'를 측정하기 위해 인셉션 스코어나 프레셰 인셉션 거리와 같은 척도가 사용되지만, 이",summarization
357,https://ko.wikipedia.org/wiki/%EC%83%9D%EC%84%B1%EC%A0%81_%EC%A0%81%EB%8C%80_%EC%8B%A0%EA%B2%BD%EB%A7%9D,"생성적 적대 신경망 - 위키백과, 우리 모두의 백과사전",딥페이크와 가짜 정보,"가장 큰 우려는딥페이크기술이다. 딥페이크는 GAN(과오토인코더)을 사용하여 특정 인물의 얼굴이나 목소리를 다른 비디오나 오디오에 합성하는 기술을 말한다.
이는 가짜 뉴스 제작, 유명인의 발언 조작, 정치적 여론 조작, 비동의적 음란물(가짜 포르노) 제작 등에 악용될 수 있으며, 이미 사회적 혼란과 심각한 명예 훼손, 사기 피해를 일으키고 있다.이에 따라 딥페이크를 탐지하고 방지하기 위한 '딥페이크 탐지' 기술 또한 GAN을 이용해 함께 연구되고 있다.",8-0,생성적 적대 신경망에서 '딥페이크와 가짜 정보'은(는) 무엇을 다루나요?,"가장 큰 우려는딥페이크기술이다. 딥페이크는 GAN(과오토인코더)을 사용하여 특정 인물의 얼굴이나 목소리를 다른 비디오나 오디오에 합성하는 기술을 말한다.
이는 가짜 뉴스 제작, 유명인의 발언 조작, 정치적 여론 조작, 비동의적 음란물(가짜 포르노) 제작 등에 악용될 수 있으며, 이미 사회적 혼란과 심각한 명예 훼손, 사기 피해를 일으키고 있다.이에 따라 딥페이크를 탐지하고 방지하기 위한 '딥페이크 탐지' 기술 또한 GAN을 이용해 함께 연구되고 있다.",summarization
358,https://ko.wikipedia.org/wiki/%EC%83%9D%EC%84%B1%EC%A0%81_%EC%A0%81%EB%8C%80_%EC%8B%A0%EA%B2%BD%EB%A7%9D,"생성적 적대 신경망 - 위키백과, 우리 모두의 백과사전",딥페이크와 가짜 정보,"가장 큰 우려는딥페이크기술이다. 딥페이크는 GAN(과오토인코더)을 사용하여 특정 인물의 얼굴이나 목소리를 다른 비디오나 오디오에 합성하는 기술을 말한다.
이는 가짜 뉴스 제작, 유명인의 발언 조작, 정치적 여론 조작, 비동의적 음란물(가짜 포르노) 제작 등에 악용될 수 있으며, 이미 사회적 혼란과 심각한 명예 훼손, 사기 피해를 일으키고 있다.이에 따라 딥페이크를 탐지하고 방지하기 위한 '딥페이크 탐지' 기술 또한 GAN을 이용해 함께 연구되고 있다.",8-0,과오토인코더(GAN)의 정의를 설명해주세요.,딥페이크는 GAN(과오토인코더)을 사용하여 특정 인물의 얼굴이나 목소리를 다른 비디오나 오디오에 합성하는 기술을 말한다.,definition
359,https://ko.wikipedia.org/wiki/%EC%83%9D%EC%84%B1%EC%A0%81_%EC%A0%81%EB%8C%80_%EC%8B%A0%EA%B2%BD%EB%A7%9D,"생성적 적대 신경망 - 위키백과, 우리 모두의 백과사전",저작권 및 예술,"GAN이 생성한 예술 작품(AI 아트)의저작권귀속 문제도 논란거리이다. 생성된 작품의 저작권이 GAN 모델을 만든 개발자에게 있는지, 모델을 학습시킨 원본 데이터의 저작자에게 있는지, 아니면 모델을 사용한 사용자에게 있는지 법적, 윤리적 기준이 모호하다.
(영어)adversarial-깃허브- 이언 굿펠로의 2014년 원본 GAN 논문 구현 코드
이언 굿펠로의 GAN 프레젠테이션 (유튜브)",9-0,생성적 적대 신경망에서 '저작권 및 예술'은(는) 무엇을 다루나요?,"GAN이 생성한 예술 작품(AI 아트)의저작권귀속 문제도 논란거리이다. 생성된 작품의 저작권이 GAN 모델을 만든 개발자에게 있는지, 모델을 학습시킨 원본 데이터의 저작자에게 있는지, 아니면 모델을 사용한 사용자에게 있는지 법적, 윤리적 기준이 모호하다.
(영어)adversarial-깃허브- 이언 굿펠로의 2014년 원본 GAN 논문 구현 코드
이언 굿펠로의 GAN 프레젠테이션 (유튜브)",summarization
360,https://ko.wikipedia.org/wiki/%EC%96%B4%ED%85%90%EC%85%98_(%EA%B8%B0%EA%B3%84_%ED%95%99%EC%8A%B5),"어텐션 (기계 학습) - 위키백과, 우리 모두의 백과사전",개요,"어텐션(attention)은 인간의주의집중을 모방하여 중요한 입력 부분을 다시 참고하는기계 학습기법이다.트랜스포머모델에 사용된다. 점곱 어텐션(dot-product attention)과 멀티헤드 어텐션(multi-head attention) 기법이 많이 사용된다. 어텐션 기법이 적용된 모델은 입력 데이터의 특정 부분에 큰 가중치를 두는 방식으로 주의를 집중한다. 네트워크가 이미지나 문장의 작은 부분일지라도 데이터의 중요한 부분에 더 집중해야 한다는 동기가 부여된다. 데이터의 어느 부분이 다른 부분보다 더 중요한지 학습하는 것은 상황에 따라 다르며경사 하강법으로 학습된다. 어텐션 유사 메커니즘은 곱셈 모듈, 시그마 파이 단위, 하이퍼 네트워크와 같은 이름으로 1990년대에 도입되었다.이 메커니즘의 유연성은 런타임에 고정된 상태로 유지되어야 하는 표준 가중치와 달리 런타임 중에 변경될 수 있는 ""소프트 가중치""로서의 역할에서 비롯된다. 주의집중의 용도에는 ""내부 어텐션 스포트라이트""(""선형화된 셀프 어텐션""이 있는 변환기라고도 함)를 학습할 수 있는 빠른 가중치 컨트롤러의 메모리, 신경 튜링 기계, 차별화 가능한 신경 컴퓨터의 추론 작업, 변환기의 언어 처리 및LSTM이 포함된다.",0-0,어텐션 (기계 학습)이란 무엇인가요?,"어텐션(attention)은 인간의주의집중을 모방하여 중요한 입력 부분을 다시 참고하는기계 학습기법이다.트랜스포머모델에 사용된다. 점곱 어텐션(dot-product attention)과 멀티헤드 어텐션(multi-head attention) 기법이 많이 사용된다. 어텐션 기법이 적용된 모델은 입력 데이터의 특정 부분에 큰 가중치를 두는 방식으로 주의를 집중한다. 네트워크가 이미지나 문장의 작은 부분일지라도 데이터의 중요한 부분에 더 집중해야 한다는 동기가 부여된다. 데이터의 어느 부분이 다른 부분보다 더 중요한지 학습하는 것은 상황에 따라 다르며경사 하강법으로 학습된다. 어텐션 유사 메커니즘은 곱셈 모듈, 시그마 파이 단위, 하이퍼 네트워크와 같은 이름으로 1990년대에 도입되었다.이 메커니즘의 유연성은 런타임에 고정된 상태로 유지되어야 하는 표준 가중치와 달리 런타임 중에 변경될 수 있는 ""소프트 가중치""로서의 역할에서 비롯된다. 주의집중의 용도에는 ""내부 어텐션 스포트라이트""(""",summarization
361,https://ko.wikipedia.org/wiki/%EC%96%B4%ED%85%90%EC%85%98_(%EA%B8%B0%EA%B3%84_%ED%95%99%EC%8A%B5),"어텐션 (기계 학습) - 위키백과, 우리 모두의 백과사전",개요,"어텐션(attention)은 인간의주의집중을 모방하여 중요한 입력 부분을 다시 참고하는기계 학습기법이다.트랜스포머모델에 사용된다. 점곱 어텐션(dot-product attention)과 멀티헤드 어텐션(multi-head attention) 기법이 많이 사용된다. 어텐션 기법이 적용된 모델은 입력 데이터의 특정 부분에 큰 가중치를 두는 방식으로 주의를 집중한다. 네트워크가 이미지나 문장의 작은 부분일지라도 데이터의 중요한 부분에 더 집중해야 한다는 동기가 부여된다. 데이터의 어느 부분이 다른 부분보다 더 중요한지 학습하는 것은 상황에 따라 다르며경사 하강법으로 학습된다. 어텐션 유사 메커니즘은 곱셈 모듈, 시그마 파이 단위, 하이퍼 네트워크와 같은 이름으로 1990년대에 도입되었다.이 메커니즘의 유연성은 런타임에 고정된 상태로 유지되어야 하는 표준 가중치와 달리 런타임 중에 변경될 수 있는 ""소프트 가중치""로서의 역할에서 비롯된다. 주의집중의 용도에는 ""내부 어텐션 스포트라이트""(""선형화된 셀프 어텐션""이 있는 변환기라고도 함)를 학습할 수 있는 빠른 가중치 컨트롤러의 메모리, 신경 튜링 기계, 차별화 가능한 신경 컴퓨터의 추론 작업, 변환기의 언어 처리 및LSTM이 포함된다.",0-0,어텐션(attention)의 정의를 설명해주세요.,어텐션(attention)은 인간의주의집중을 모방하여 중요한 입력 부분을 다시 참고하는기계 학습기법이다.,definition
362,https://ko.wikipedia.org/wiki/%EC%96%B4%ED%85%90%EC%85%98_(%EA%B8%B0%EA%B3%84_%ED%95%99%EC%8A%B5),"어텐션 (기계 학습) - 위키백과, 우리 모두의 백과사전",개요,"어텐션(attention)은 인간의주의집중을 모방하여 중요한 입력 부분을 다시 참고하는기계 학습기법이다.트랜스포머모델에 사용된다. 점곱 어텐션(dot-product attention)과 멀티헤드 어텐션(multi-head attention) 기법이 많이 사용된다. 어텐션 기법이 적용된 모델은 입력 데이터의 특정 부분에 큰 가중치를 두는 방식으로 주의를 집중한다. 네트워크가 이미지나 문장의 작은 부분일지라도 데이터의 중요한 부분에 더 집중해야 한다는 동기가 부여된다. 데이터의 어느 부분이 다른 부분보다 더 중요한지 학습하는 것은 상황에 따라 다르며경사 하강법으로 학습된다. 어텐션 유사 메커니즘은 곱셈 모듈, 시그마 파이 단위, 하이퍼 네트워크와 같은 이름으로 1990년대에 도입되었다.이 메커니즘의 유연성은 런타임에 고정된 상태로 유지되어야 하는 표준 가중치와 달리 런타임 중에 변경될 수 있는 ""소프트 가중치""로서의 역할에서 비롯된다. 주의집중의 용도에는 ""내부 어텐션 스포트라이트""(""선형화된 셀프 어텐션""이 있는 변환기라고도 함)를 학습할 수 있는 빠른 가중치 컨트롤러의 메모리, 신경 튜링 기계, 차별화 가능한 신경 컴퓨터의 추론 작업, 변환기의 언어 처리 및LSTM이 포함된다.",0-0,1990년에 인공지능 분야에서 어떤 일이 있었나요?,"어텐션 유사 메커니즘은 곱셈 모듈, 시그마 파이 단위, 하이퍼 네트워크와 같은 이름으로 1990년대에 도입되었다.",temporal
363,https://ko.wikipedia.org/wiki/%EC%96%B4%ED%85%90%EC%85%98_(%EA%B8%B0%EA%B3%84_%ED%95%99%EC%8A%B5),"어텐션 (기계 학습) - 위키백과, 우리 모두의 백과사전",개요,"and James H. Martin (2022)Speech and Language Processing(3rd ed. draft, January 2022), ch. 10.4 Attention and ch. 9.7 Self-Attention Networks: Transformers
(4 May 2020),Attention and Memory in Deep Learning(video lecture),DeepMind/UCL, via YouTube
Rasa Algorithm Whiteboard - Attentionvia YouTube",0-1,어텐션 (기계 학습)의 '개요'에서 다루는 핵심 내용은 무엇인가요?,"and James H. Martin (2022)Speech and Language Processing(3rd ed. draft, January 2022), ch. 10.4 Attention and ch. 9.7 Self-Attention Networks: Transformers
(4 May 2020),Attention and Memory in Deep Learning(video lecture),DeepMind/UCL, via YouTube
Rasa Algorithm Whiteboard - Attentionvia YouTube",comprehension
364,https://ko.wikipedia.org/wiki/%EB%B2%A1%ED%84%B0_%EB%8D%B0%EC%9D%B4%ED%84%B0%EB%B2%A0%EC%9D%B4%EC%8A%A4,"벡터 데이터베이스 - 위키백과, 우리 모두의 백과사전",개요,"벡터 데이터베이스(vector database),벡터 스토어(vector store),벡터 검색 엔진(vector search engine)은벡터 공간 모델을 사용하여 벡터(고정 길이 숫자 목록)와 기타 데이터 항목을 저장하는데이터베이스이다. 벡터 데이터베이스는 일반적으로 하나 이상의근사 최근접 이웃알고리즘을 구현하므로,쿼리 벡터로 데이터베이스를 검색하여 가장 일치하는 데이터베이스 레코드를 검색할 수 있다. 벡터는 고차원 공간에서 데이터의 수학적 표현이다. 이 공간에서 각 차원은 데이터의특징에 해당하며, 표현되는 데이터의 복잡성에 따라 차원의 수는 수백에서 수만 개에 이른다. 이 공간에서 벡터의 위치는 그 특성을 나타낸다. 단어, 구문 또는 전체 문서뿐만 아니라 이미지, 오디오 및 기타 유형의 데이터를 모두 벡터화할 수 있다. 이러한 특징 벡터는 특징 추출 알고리즘,단어 임베딩또는딥 러닝네트워크와 같은기계 학습방법을 사용하여 원시 데이터에서 계산할 수 있다. 목표는 의미론적으로 유사한 데이터 항목이 서로 가까운 특징 벡터를 얻는 것이다. 벡터 데이터베이스는,,,추천 시스템,거대 언어 모델(LLM),객체 탐지등에 사용될 수 있다. 벡터 데이터베이스는 또한 거대 언어 모델의 도메인별 응답을 개선하는 방법인검색증강생성(RAG)을 구현하는 데 자주 사용된다. RAG의 검색 구성 요소는 모든 검색 시스템일 수 있지만, 대부분 벡터 데이터베이스로 구현된다.",0-0,벡터 데이터베이스이란 무엇인가요?,"벡터 데이터베이스(vector database),벡터 스토어(vector store),벡터 검색 엔진(vector search engine)은벡터 공간 모델을 사용하여 벡터(고정 길이 숫자 목록)와 기타 데이터 항목을 저장하는데이터베이스이다. 벡터 데이터베이스는 일반적으로 하나 이상의근사 최근접 이웃알고리즘을 구현하므로,쿼리 벡터로 데이터베이스를 검색하여 가장 일치하는 데이터베이스 레코드를 검색할 수 있다. 벡터는 고차원 공간에서 데이터의 수학적 표현이다. 이 공간에서 각 차원은 데이터의특징에 해당하며, 표현되는 데이터의 복잡성에 따라 차원의 수는 수백에서 수만 개에 이른다. 이 공간에서 벡터의 위치는 그 특성을 나타낸다. 단어, 구문 또는 전체 문서뿐만 아니라 이미지, 오디오 및 기타 유형의 데이터를 모두 벡터화할 수 있다. 이러한 특징 벡터는 특징 추출 알고리즘,단어 임베딩또는딥 러닝네트워크와 같은기계 학습방법을 사용하여 원시 데이터에서 계산할 수 있다. 목표는 의미론적으로 유사",summarization
365,https://ko.wikipedia.org/wiki/%EB%B2%A1%ED%84%B0_%EB%8D%B0%EC%9D%B4%ED%84%B0%EB%B2%A0%EC%9D%B4%EC%8A%A4,"벡터 데이터베이스 - 위키백과, 우리 모두의 백과사전",개요,"벡터 데이터베이스(vector database),벡터 스토어(vector store),벡터 검색 엔진(vector search engine)은벡터 공간 모델을 사용하여 벡터(고정 길이 숫자 목록)와 기타 데이터 항목을 저장하는데이터베이스이다. 벡터 데이터베이스는 일반적으로 하나 이상의근사 최근접 이웃알고리즘을 구현하므로,쿼리 벡터로 데이터베이스를 검색하여 가장 일치하는 데이터베이스 레코드를 검색할 수 있다. 벡터는 고차원 공간에서 데이터의 수학적 표현이다. 이 공간에서 각 차원은 데이터의특징에 해당하며, 표현되는 데이터의 복잡성에 따라 차원의 수는 수백에서 수만 개에 이른다. 이 공간에서 벡터의 위치는 그 특성을 나타낸다. 단어, 구문 또는 전체 문서뿐만 아니라 이미지, 오디오 및 기타 유형의 데이터를 모두 벡터화할 수 있다. 이러한 특징 벡터는 특징 추출 알고리즘,단어 임베딩또는딥 러닝네트워크와 같은기계 학습방법을 사용하여 원시 데이터에서 계산할 수 있다. 목표는 의미론적으로 유사한 데이터 항목이 서로 가까운 특징 벡터를 얻는 것이다. 벡터 데이터베이스는,,,추천 시스템,거대 언어 모델(LLM),객체 탐지등에 사용될 수 있다. 벡터 데이터베이스는 또한 거대 언어 모델의 도메인별 응답을 개선하는 방법인검색증강생성(RAG)을 구현하는 데 자주 사용된다. RAG의 검색 구성 요소는 모든 검색 시스템일 수 있지만, 대부분 벡터 데이터베이스로 구현된다.",0-0,벡터 데이터베이스(vector database)의 정의를 설명해주세요.,"벡터 데이터베이스(vector database),벡터 스토어(vector store),벡터 검색 엔진(vector search engine)은벡터 공간 모델을 사용하여 벡터(고정 길이 숫자 목록)와 기타 데이터 항목을 저장하는데이터베이스이다.",definition
366,https://ko.wikipedia.org/wiki/%EB%B2%A1%ED%84%B0_%EB%8D%B0%EC%9D%B4%ED%84%B0%EB%B2%A0%EC%9D%B4%EC%8A%A4,"벡터 데이터베이스 - 위키백과, 우리 모두의 백과사전",개요,"벡터 데이터베이스(vector database),벡터 스토어(vector store),벡터 검색 엔진(vector search engine)은벡터 공간 모델을 사용하여 벡터(고정 길이 숫자 목록)와 기타 데이터 항목을 저장하는데이터베이스이다. 벡터 데이터베이스는 일반적으로 하나 이상의근사 최근접 이웃알고리즘을 구현하므로,쿼리 벡터로 데이터베이스를 검색하여 가장 일치하는 데이터베이스 레코드를 검색할 수 있다. 벡터는 고차원 공간에서 데이터의 수학적 표현이다. 이 공간에서 각 차원은 데이터의특징에 해당하며, 표현되는 데이터의 복잡성에 따라 차원의 수는 수백에서 수만 개에 이른다. 이 공간에서 벡터의 위치는 그 특성을 나타낸다. 단어, 구문 또는 전체 문서뿐만 아니라 이미지, 오디오 및 기타 유형의 데이터를 모두 벡터화할 수 있다. 이러한 특징 벡터는 특징 추출 알고리즘,단어 임베딩또는딥 러닝네트워크와 같은기계 학습방법을 사용하여 원시 데이터에서 계산할 수 있다. 목표는 의미론적으로 유사한 데이터 항목이 서로 가까운 특징 벡터를 얻는 것이다. 벡터 데이터베이스는,,,추천 시스템,거대 언어 모델(LLM),객체 탐지등에 사용될 수 있다. 벡터 데이터베이스는 또한 거대 언어 모델의 도메인별 응답을 개선하는 방법인검색증강생성(RAG)을 구현하는 데 자주 사용된다. RAG의 검색 구성 요소는 모든 검색 시스템일 수 있지만, 대부분 벡터 데이터베이스로 구현된다.",0-0,벡터 스토어(vector store)의 정의를 설명해주세요.,"벡터 데이터베이스(vector database),벡터 스토어(vector store),벡터 검색 엔진(vector search engine)은벡터 공간 모델을 사용하여 벡터(고정 길이 숫자 목록)와 기타 데이터 항목을 저장하는데이터베이스이다.",definition
367,https://ko.wikipedia.org/wiki/%EB%B2%A1%ED%84%B0_%EB%8D%B0%EC%9D%B4%ED%84%B0%EB%B2%A0%EC%9D%B4%EC%8A%A4,"벡터 데이터베이스 - 위키백과, 우리 모두의 백과사전",개요,"벡터 데이터베이스(vector database),벡터 스토어(vector store),벡터 검색 엔진(vector search engine)은벡터 공간 모델을 사용하여 벡터(고정 길이 숫자 목록)와 기타 데이터 항목을 저장하는데이터베이스이다. 벡터 데이터베이스는 일반적으로 하나 이상의근사 최근접 이웃알고리즘을 구현하므로,쿼리 벡터로 데이터베이스를 검색하여 가장 일치하는 데이터베이스 레코드를 검색할 수 있다. 벡터는 고차원 공간에서 데이터의 수학적 표현이다. 이 공간에서 각 차원은 데이터의특징에 해당하며, 표현되는 데이터의 복잡성에 따라 차원의 수는 수백에서 수만 개에 이른다. 이 공간에서 벡터의 위치는 그 특성을 나타낸다. 단어, 구문 또는 전체 문서뿐만 아니라 이미지, 오디오 및 기타 유형의 데이터를 모두 벡터화할 수 있다. 이러한 특징 벡터는 특징 추출 알고리즘,단어 임베딩또는딥 러닝네트워크와 같은기계 학습방법을 사용하여 원시 데이터에서 계산할 수 있다. 목표는 의미론적으로 유사한 데이터 항목이 서로 가까운 특징 벡터를 얻는 것이다. 벡터 데이터베이스는,,,추천 시스템,거대 언어 모델(LLM),객체 탐지등에 사용될 수 있다. 벡터 데이터베이스는 또한 거대 언어 모델의 도메인별 응답을 개선하는 방법인검색증강생성(RAG)을 구현하는 데 자주 사용된다. RAG의 검색 구성 요소는 모든 검색 시스템일 수 있지만, 대부분 벡터 데이터베이스로 구현된다.",0-0,벡터 검색 엔진(vector search engine)의 정의를 설명해주세요.,"벡터 데이터베이스(vector database),벡터 스토어(vector store),벡터 검색 엔진(vector search engine)은벡터 공간 모델을 사용하여 벡터(고정 길이 숫자 목록)와 기타 데이터 항목을 저장하는데이터베이스이다.",definition
368,https://ko.wikipedia.org/wiki/%EB%B2%A1%ED%84%B0_%EB%8D%B0%EC%9D%B4%ED%84%B0%EB%B2%A0%EC%9D%B4%EC%8A%A4,"벡터 데이터베이스 - 위키백과, 우리 모두의 백과사전",개요,"관심 도메인을 설명하는 텍스트 문서가 수집되고, 각 문서 또는 문서 섹션에 대해 특징 벡터(일반적으로 """"으로 알려져 있음)가 일반적으로 딥 러닝 네트워크를 사용하여 계산되어 벡터 데이터베이스에 저장된다. 사용자 프롬프트가 주어지면 프롬프트의 특징 벡터가 계산되고, 데이터베이스는 가장 관련성 높은 문서를 검색하기 위해 쿼리된다. 이러한 문서들은 자동으로 거대 언어 모델의 컨텍스트 창에 추가되며, 거대 언어 모델은 이 컨텍스트를 기반으로 프롬프트에 대한 응답을 생성한다. 고차원 벡터에 대한 유사성 검색의 가장 중요한 기술은 다음과 같다:
그리고 이러한 기술들의 조합.
최근 벤치마크에서 HNSW 기반 구현이 최고의 성능을 보였다.국제 유사성 검색 및 응용 회의(SISAP)와같은 회의에서는 대규모 데이터베이스의 벡터 검색 경쟁을 주최한다. 차원의 저주
최근접 이웃 탐색
추천 시스템
Sawers, Paul (2024년 4월 20일).“Why vector databases are having a moment as the AI hype cycle peaks”.《TechCrunch》. 2024년 4월 23일에 확인함.",0-1,국제 유사성 검색 및 응용 회의(SISAP)의 정의를 설명해주세요.,국제 유사성 검색 및 응용 회의(SISAP)와같은 회의에서는 대규모 데이터베이스의 벡터 검색 경쟁을 주최한다.,definition
